claim_id,customer_id,policy_type,policy_count,policy_contribution_tier,purchasing_power_class,claim_amount,incident_type,incident_severity,incident_date,claim_date,reporting_delay_days,police_report_filed,witness_present,incident_description,prior_claims_count
CLM-00001,CUST_00401,Auto,1,6,1,32845.36,Single-Vehicle Crash,Catastrophic,2024-05-21,2024-05-24,3,Yes,Yes,"High-speed collision with utility pole following brake failure attempt; total front structural destruction. Airbags deployed. Insured (40-50 years, Low income catholics). Incident occurred on May 21, 2024 under standard operational conditions. Police report filed: Yes. Independent witness present: Yes. Total estimated repair and indemnity loss assessed at €32,845.36.",0
CLM-00002,CUST_01660,Auto,1,6,3,28083.02,Single-Vehicle Crash,Catastrophic,2024-10-07,2024-10-08,1,Yes,No,"High-speed collision with utility pole following brake failure attempt; total front structural destruction. Airbags deployed. Insured (40-50 years, Lower class large families). Incident occurred on October 07, 2024 under standard operational conditions. Police report filed: Yes. Independent witness present: No. Total estimated repair and indemnity loss assessed at €28,083.02.",0
CLM-00003,CUST_03849,Auto,0,0,1,4746.76,Weather/Hail,Moderate,2024-10-15,2024-12-23,69,Yes,No,"Hail storm caused extensive bodywork dimpling and shattered panoramic sunroof during sudden convective storm. Insured (60-70 years, Young seniors in the city). Incident occurred on October 15, 2024 under standard operational conditions. Police report filed: Yes. Independent witness present: No. Total estimated repair and indemnity loss assessed at €4,746.76.",0
CLM-00004,CUST_09492,Auto,1,6,1,2941.82,Hit and Run,Minor,2024-01-05,2024-01-07,2,Yes,No,"Parked vehicle side-swiped overnight along suburban roadway; left driver doors and mirror torn off. Perpetrator fled scene. Insured (40-50 years, Low income catholics). Incident occurred on January 05, 2024 under standard operational conditions. Police report filed: Yes. Independent witness present: No. Total estimated repair and indemnity loss assessed at €2,941.82.",0
CLM-00005,CUST_02509,Auto,1,6,6,3912.77,Rear-End,Moderate,2024-06-22,2024-06-23,1,Yes,Yes,"Rear-ended while stationary at red signal; tailgate, rear lights, and chassis panel crushed. Other driver present and exchanged insurance. Insured (50-60 years, High status seniors). Incident occurred on June 22, 2024 under standard operational conditions. Police report filed: Yes. Independent witness present: Yes. Total estimated repair and indemnity loss assessed at €3,912.77.",1
CLM-00006,CUST_05746,Auto,1,6,5,14096.62,Theft & Stripping,Severe,2024-06-26,2024-06-30,4,Yes,Yes,"Vehicle stolen from private driveway overnight; recovery team found vehicle stripped of wheels, exhaust, and infotainment unit. Insured (50-60 years, Fresh masters in the city). Incident occurred on June 26, 2024 under standard operational conditions. Police report filed: Yes. Independent witness present: Yes. Total estimated repair and indemnity loss assessed at €14,096.62.",1
CLM-00007,CUST_08680,Auto,2,6,4,5223.06,Collision,Moderate,2024-07-13,2024-07-14,1,Yes,No,"Front-end collision at intersection during heavy rain; significant bumper, radiator and bonnet deformation. Third-party admitted fault. Insured (40-50 years, Modern, complete families). Incident occurred on July 13, 2024 under standard operational conditions. Police report filed: Yes. Independent witness present: No. Total estimated repair and indemnity loss assessed at €5,223.06.",0
CLM-00008,CUST_05788,Auto,1,6,7,6066.41,Weather/Hail,Moderate,2024-04-09,2024-04-10,1,Yes,Yes,"Hail storm caused extensive bodywork dimpling and shattered panoramic sunroof during sudden convective storm. Insured (40-50 years, Middle class families). Incident occurred on April 09, 2024 under standard operational conditions. Police report filed: Yes. Independent witness present: Yes. Total estimated repair and indemnity loss assessed at €6,066.41.",0
CLM-00009,CUST_04663,Auto,4,7,6,2892.63,Collision,Moderate,2024-04-30,2024-05-01,1,Yes,No,"Front-end collision at intersection during heavy rain; significant bumper, radiator and bonnet deformation. Third-party admitted fault. Insured (40-50 years, High status seniors). Incident occurred on April 30, 2024 under standard operational conditions. Police report filed: Yes. Independent witness present: No. Total estimated repair and indemnity loss assessed at €2,892.63.",0
CLM-00010,CUST_05849,Auto,1,6,7,5077.84,Rear-End,Moderate,2024-07-09,2024-07-14,5,Yes,Yes,"Rear-ended while stationary at red signal; tailgate, rear lights, and chassis panel crushed. Other driver present and exchanged insurance. Insured (30-40 years, Affluent young families). Incident occurred on July 09, 2024 under standard operational conditions. Police report filed: Yes. Independent witness present: Yes. Total estimated repair and indemnity loss assessed at €5,077.84.",0
CLM-00011,CUST_01151,Auto,1,6,1,4343.22,Weather/Hail,Moderate,2024-11-22,2024-11-24,2,Yes,Yes,"Hail storm caused extensive bodywork dimpling and shattered panoramic sunroof during sudden convective storm. Insured (40-50 years, Low income catholics). Incident occurred on November 22, 2024 under standard operational conditions. Police report filed: Yes. Independent witness present: Yes. Total estimated repair and indemnity loss assessed at €4,343.22.",0
CLM-00012,CUST_06090,Auto,2,6,6,1748.56,Hit and Run,Minor,2024-11-24,2024-11-27,3,Yes,No,"Parked vehicle side-swiped overnight along suburban roadway; left driver doors and mirror torn off. Perpetrator fled scene. Insured (50-60 years, Affluent senior apartments). Incident occurred on November 24, 2024 under standard operational conditions. Police report filed: Yes. Independent witness present: No. Total estimated repair and indemnity loss assessed at €1,748.56.",0
CLM-00013,CUST_00922,Auto,2,6,3,4626.94,Rear-End,Moderate,2024-01-18,2024-01-23,5,Yes,No,"Rear-ended while stationary at red signal; tailgate, rear lights, and chassis panel crushed. Other driver present and exchanged insurance. Insured (30-40 years, Couples with teens 'Married with children'). Incident occurred on January 18, 2024 under standard operational conditions. Police report filed: Yes. Independent witness present: No. Total estimated repair and indemnity loss assessed at €4,626.94.",0
CLM-00014,CUST_03420,Auto,1,6,1,2313.41,Weather/Hail,Moderate,2024-06-11,2024-06-14,3,Yes,No,"Hail storm caused extensive bodywork dimpling and shattered panoramic sunroof during sudden convective storm. Insured (40-50 years, Mixed seniors). Incident occurred on June 11, 2024 under standard operational conditions. Police report filed: Yes. Independent witness present: No. Total estimated repair and indemnity loss assessed at €2,313.41.",0
CLM-00015,CUST_07457,Auto,1,6,8,1676.62,Rear-End,Moderate,2024-05-16,2024-05-18,2,Yes,Yes,"Rear-ended while stationary at red signal; tailgate, rear lights, and chassis panel crushed. Other driver present and exchanged insurance. Insured (50-60 years, High Income, expensive child). Incident occurred on May 16, 2024 under standard operational conditions. Police report filed: Yes. Independent witness present: Yes. Total estimated repair and indemnity loss assessed at €1,676.62.",0
CLM-00016,CUST_08719,Auto,1,6,6,1690.63,Hit and Run,Minor,2024-10-27,2024-11-02,6,Yes,No,"Parked vehicle side-swiped overnight along suburban roadway; left driver doors and mirror torn off. Perpetrator fled scene. Insured (40-50 years, Family starters). Incident occurred on October 27, 2024 under standard operational conditions. Police report filed: Yes. Independent witness present: No. Total estimated repair and indemnity loss assessed at €1,690.63.",1
CLM-00017,CUST_02217,Auto,1,6,6,3574.04,Weather/Hail,Moderate,2024-09-10,2024-09-11,1,Yes,Yes,"Hail storm caused extensive bodywork dimpling and shattered panoramic sunroof during sudden convective storm. Insured (40-50 years, Family starters). Incident occurred on September 10, 2024 under standard operational conditions. Police report filed: Yes. Independent witness present: Yes. Total estimated repair and indemnity loss assessed at €3,574.04.",1
CLM-00018,CUST_02463,Auto,1,6,3,31476.85,Single-Vehicle Crash,Catastrophic,2024-03-23,2024-03-29,6,Yes,Yes,"High-speed collision with utility pole following brake failure attempt; total front structural destruction. Airbags deployed. Insured (40-50 years, Couples with teens 'Married with children'). Incident occurred on March 23, 2024 under standard operational conditions. Police report filed: Yes. Independent witness present: Yes. Total estimated repair and indemnity loss assessed at €31,476.85.",0
CLM-00019,CUST_09616,Auto,1,6,6,13791.86,Rollover,Severe,2024-09-28,2024-10-02,4,Yes,Yes,"Single-vehicle rollover on icy highway curve after vehicle skidded on black ice; frame compromised, curtain airbags deployed. Insured (40-50 years, Young all american family). Incident occurred on September 28, 2024 under standard operational conditions. Police report filed: Yes. Independent witness present: Yes. Total estimated repair and indemnity loss assessed at €13,791.86.",0
CLM-00020,CUST_01836,Auto,1,6,4,18527.72,Single-Vehicle Crash,Catastrophic,2024-10-02,2024-10-06,4,Yes,No,"High-speed collision with utility pole following brake failure attempt; total front structural destruction. Airbags deployed. Insured (30-40 years, Modern, complete families). Incident occurred on October 02, 2024 under standard operational conditions. Police report filed: Yes. Independent witness present: No. Total estimated repair and indemnity loss assessed at €18,527.72.",0
CLM-00021,CUST_07368,Auto,1,6,5,5086.78,Collision,Moderate,2024-05-15,2024-05-17,2,Yes,Yes,"Front-end collision at intersection during heavy rain; significant bumper, radiator and bonnet deformation. Third-party admitted fault. Insured (50-60 years, Large religious families). Incident occurred on May 15, 2024 under standard operational conditions. Police report filed: Yes. Independent witness present: Yes. Total estimated repair and indemnity loss assessed at €5,086.78.",0
CLM-00022,CUST_04809,Auto,2,6,3,14131.74,Theft & Stripping,Severe,2024-11-24,2024-11-27,3,Yes,Yes,"Vehicle stolen from private driveway overnight; recovery team found vehicle stripped of wheels, exhaust, and infotainment unit. Insured (40-50 years, Lower class large families). Incident occurred on November 24, 2024 under standard operational conditions. Police report filed: Yes. Independent witness present: Yes. Total estimated repair and indemnity loss assessed at €14,131.74.",0
CLM-00023,CUST_02601,Auto,1,5,3,4894.54,Weather/Hail,Moderate,2024-09-29,2024-09-29,0,Yes,No,"Hail storm caused extensive bodywork dimpling and shattered panoramic sunroof during sudden convective storm. Insured (30-40 years, Lower class large families). Incident occurred on September 29, 2024 under standard operational conditions. Police report filed: Yes. Independent witness present: No. Total estimated repair and indemnity loss assessed at €4,894.54.",0
CLM-00024,CUST_01800,Auto,1,6,8,1173.15,Hit and Run,Minor,2024-06-07,2024-06-10,3,Yes,Yes,"Parked vehicle side-swiped overnight along suburban roadway; left driver doors and mirror torn off. Perpetrator fled scene. Insured (40-50 years, Stable family). Incident occurred on June 07, 2024 under standard operational conditions. Police report filed: Yes. Independent witness present: Yes. Total estimated repair and indemnity loss assessed at €1,173.15.",0
CLM-00025,CUST_09163,Auto,1,6,4,2674.74,Collision,Moderate,2024-02-14,2024-02-21,7,Yes,Yes,"Front-end collision at intersection during heavy rain; significant bumper, radiator and bonnet deformation. Third-party admitted fault. Insured (30-40 years, Mixed rurals). Incident occurred on February 14, 2024 under standard operational conditions. Police report filed: Yes. Independent witness present: Yes. Total estimated repair and indemnity loss assessed at €2,674.74.",0
CLM-00026,CUST_08620,Auto,1,6,6,15545.87,Theft & Stripping,Severe,2024-03-06,2024-03-08,2,Yes,No,"Vehicle stolen from private driveway overnight; recovery team found vehicle stripped of wheels, exhaust, and infotainment unit. Insured (40-50 years, Young all american family). Incident occurred on March 06, 2024 under standard operational conditions. Police report filed: Yes. Independent witness present: No. Total estimated repair and indemnity loss assessed at €15,545.87.",0
CLM-00027,CUST_02641,Auto,1,6,4,1337.4,Hit and Run,Minor,2024-09-28,2024-10-04,6,Yes,Yes,"Parked vehicle side-swiped overnight along suburban roadway; left driver doors and mirror torn off. Perpetrator fled scene. Insured (30-40 years, Mixed rurals). Incident occurred on September 28, 2024 under standard operational conditions. Police report filed: Yes. Independent witness present: Yes. Total estimated repair and indemnity loss assessed at €1,337.40.",0
CLM-00028,CUST_03245,Auto,1,6,3,31937.74,Single-Vehicle Crash,Catastrophic,2024-06-09,2024-06-15,6,Yes,No,"High-speed collision with utility pole following brake failure attempt; total front structural destruction. Airbags deployed. Insured (40-50 years, Lower class large families). Incident occurred on June 09, 2024 under standard operational conditions. Police report filed: Yes. Independent witness present: No. Total estimated repair and indemnity loss assessed at €31,937.74.",0
CLM-00029,CUST_08377,Auto,1,6,4,15636.17,Rollover,Severe,2024-03-03,2024-03-06,3,Yes,Yes,"Single-vehicle rollover on icy highway curve after vehicle skidded on black ice; frame compromised, curtain airbags deployed. Insured (40-50 years, Mixed rurals). Incident occurred on March 03, 2024 under standard operational conditions. Police report filed: Yes. Independent witness present: Yes. Total estimated repair and indemnity loss assessed at €15,636.17.",0
CLM-00030,CUST_09220,Auto,0,0,6,2842.46,Rear-End,Moderate,2024-01-05,2024-03-20,75,Yes,Yes,"Rear-ended while stationary at red signal; tailgate, rear lights, and chassis panel crushed. Other driver present and exchanged insurance. Insured (40-50 years, High status seniors). Incident occurred on January 05, 2024 under standard operational conditions. Police report filed: Yes. Independent witness present: Yes. Total estimated repair and indemnity loss assessed at €2,842.46.",0
CLM-00031,CUST_00508,Auto,1,6,3,12552.83,Theft & Stripping,Severe,2024-06-19,2024-06-20,1,Yes,Yes,"Vehicle stolen from private driveway overnight; recovery team found vehicle stripped of wheels, exhaust, and infotainment unit. Insured (50-60 years, Couples with teens 'Married with children'). Incident occurred on June 19, 2024 under standard operational conditions. Police report filed: Yes. Independent witness present: Yes. Total estimated repair and indemnity loss assessed at €12,552.83.",1
CLM-00032,CUST_07857,Auto,2,7,6,7206.42,Rear-End,Moderate,2024-10-04,2024-10-06,2,Yes,No,"Rear-ended while stationary at red signal; tailgate, rear lights, and chassis panel crushed. Other driver present and exchanged insurance. Insured (50-60 years, High status seniors). Incident occurred on October 04, 2024 under standard operational conditions. Police report filed: Yes. Independent witness present: No. Total estimated repair and indemnity loss assessed at €7,206.42.",0
CLM-00033,CUST_07671,Auto,1,5,3,14443.31,Theft & Stripping,Severe,2024-07-28,2024-07-31,3,Yes,Yes,"Vehicle stolen from private driveway overnight; recovery team found vehicle stripped of wheels, exhaust, and infotainment unit. Insured (40-50 years, Lower class large families). Incident occurred on July 28, 2024 under standard operational conditions. Police report filed: Yes. Independent witness present: Yes. Total estimated repair and indemnity loss assessed at €14,443.31.",0
CLM-00034,CUST_06856,Auto,2,6,8,12893.73,Rollover,Severe,2024-01-29,2024-01-30,1,Yes,Yes,"Single-vehicle rollover on icy highway curve after vehicle skidded on black ice; frame compromised, curtain airbags deployed. Insured (30-40 years, Stable family). Incident occurred on January 29, 2024 under standard operational conditions. Police report filed: Yes. Independent witness present: Yes. Total estimated repair and indemnity loss assessed at €12,893.73.",0
CLM-00035,CUST_01756,Auto,1,5,7,5333.82,Rear-End,Moderate,2024-04-09,2024-04-12,3,Yes,No,"Rear-ended while stationary at red signal; tailgate, rear lights, and chassis panel crushed. Other driver present and exchanged insurance. Insured (30-40 years, Affluent young families). Incident occurred on April 09, 2024 under standard operational conditions. Police report filed: Yes. Independent witness present: No. Total estimated repair and indemnity loss assessed at €5,333.82.",0
CLM-00036,CUST_02957,Auto,1,6,5,1295.49,Hit and Run,Minor,2024-08-25,2024-08-28,3,Yes,Yes,"Parked vehicle side-swiped overnight along suburban roadway; left driver doors and mirror torn off. Perpetrator fled scene. Insured (50-60 years, Village families). Incident occurred on August 25, 2024 under standard operational conditions. Police report filed: Yes. Independent witness present: Yes. Total estimated repair and indemnity loss assessed at €1,295.49.",0
CLM-00037,CUST_08902,Auto,1,6,3,3578.64,Collision,Moderate,2024-01-27,2024-01-27,0,Yes,Yes,"Front-end collision at intersection during heavy rain; significant bumper, radiator and bonnet deformation. Third-party admitted fault. Insured (50-60 years, Suburban youth). Incident occurred on January 27, 2024 under standard operational conditions. Police report filed: Yes. Independent witness present: Yes. Total estimated repair and indemnity loss assessed at €3,578.64.",0
CLM-00038,CUST_03837,Auto,1,6,3,1324.49,Rear-End,Moderate,2024-07-28,2024-08-04,7,Yes,No,"Rear-ended while stationary at red signal; tailgate, rear lights, and chassis panel crushed. Other driver present and exchanged insurance. Insured (40-50 years, Lower class large families). Incident occurred on July 28, 2024 under standard operational conditions. Police report filed: Yes. Independent witness present: No. Total estimated repair and indemnity loss assessed at €1,324.49.",0
CLM-00039,CUST_06473,Auto,1,6,1,1734.18,Collision,Moderate,2024-03-26,2024-04-01,6,Yes,Yes,"Front-end collision at intersection during heavy rain; significant bumper, radiator and bonnet deformation. Third-party admitted fault. Insured (50-60 years, Mixed seniors). Incident occurred on March 26, 2024 under standard operational conditions. Police report filed: Yes. Independent witness present: Yes. Total estimated repair and indemnity loss assessed at €1,734.18.",0
CLM-00040,CUST_04281,Auto,1,6,4,15906.82,Theft & Stripping,Severe,2024-08-21,2024-08-25,4,Yes,No,"Vehicle stolen from private driveway overnight; recovery team found vehicle stripped of wheels, exhaust, and infotainment unit. Insured (50-60 years, Traditional families). Incident occurred on August 21, 2024 under standard operational conditions. Police report filed: Yes. Independent witness present: No. Total estimated repair and indemnity loss assessed at €15,906.82.",0
CLM-00041,CUST_08976,Auto,1,6,6,34658.5,Single-Vehicle Crash,Catastrophic,2024-09-07,2024-09-09,2,Yes,Yes,"High-speed collision with utility pole following brake failure attempt; total front structural destruction. Airbags deployed. Insured (40-50 years, Large family, employed child). Incident occurred on September 07, 2024 under standard operational conditions. Police report filed: Yes. Independent witness present: Yes. Total estimated repair and indemnity loss assessed at €34,658.50.",0
CLM-00042,CUST_00958,Auto,2,6,3,5231.92,Weather/Hail,Moderate,2024-10-05,2024-10-05,0,Yes,No,"Hail storm caused extensive bodywork dimpling and shattered panoramic sunroof during sudden convective storm. Insured (50-60 years, Lower class large families). Incident occurred on October 05, 2024 under standard operational conditions. Police report filed: Yes. Independent witness present: No. Total estimated repair and indemnity loss assessed at €5,231.92.",0
CLM-00043,CUST_08148,Auto,1,6,4,14594.28,Theft & Stripping,Severe,2024-01-31,2024-02-01,1,No,No,"Vehicle stolen from private driveway overnight; recovery team found vehicle stripped of wheels, exhaust, and infotainment unit. Insured (40-50 years, Traditional families). Incident occurred on January 31, 2024 under standard operational conditions. Police report filed: No. Independent witness present: No. Total estimated repair and indemnity loss assessed at €14,594.28.",0
CLM-00044,CUST_06516,Auto,1,6,2,2966.68,Collision,Moderate,2024-10-19,2024-12-31,73,Yes,Yes,"Front-end collision at intersection during heavy rain; significant bumper, radiator and bonnet deformation. Third-party admitted fault. Insured (40-50 years, Mixed apartment dwellers). Incident occurred on October 19, 2024 under standard operational conditions. Police report filed: Yes. Independent witness present: Yes. Total estimated repair and indemnity loss assessed at €2,966.68.",0
CLM-00045,CUST_06786,Auto,2,6,3,18031.09,Single-Vehicle Crash,Catastrophic,2024-10-26,2024-10-31,5,Yes,No,"High-speed collision with utility pole following brake failure attempt; total front structural destruction. Airbags deployed. Insured (40-50 years, Lower class large families). Incident occurred on October 26, 2024 under standard operational conditions. Police report filed: Yes. Independent witness present: No. Total estimated repair and indemnity loss assessed at €18,031.09.",0
CLM-00046,CUST_05067,Auto,2,6,6,3184.23,Rear-End,Moderate,2024-05-16,2024-05-22,6,Yes,Yes,"Rear-ended while stationary at red signal; tailgate, rear lights, and chassis panel crushed. Other driver present and exchanged insurance. Insured (40-50 years, Large family, employed child). Incident occurred on May 16, 2024 under standard operational conditions. Police report filed: Yes. Independent witness present: Yes. Total estimated repair and indemnity loss assessed at €3,184.23.",0
CLM-00047,CUST_04847,Auto,1,6,6,16476.17,Rollover,Severe,2024-06-11,2024-06-12,1,Yes,Yes,"Single-vehicle rollover on icy highway curve after vehicle skidded on black ice; frame compromised, curtain airbags deployed. Insured (40-50 years, High status seniors). Incident occurred on June 11, 2024 under standard operational conditions. Police report filed: Yes. Independent witness present: Yes. Total estimated repair and indemnity loss assessed at €16,476.17.",0
CLM-00048,CUST_09090,Auto,1,5,1,4468.55,Collision,Moderate,2024-02-08,2024-02-11,3,Yes,No,"Front-end collision at intersection during heavy rain; significant bumper, radiator and bonnet deformation. Third-party admitted fault. Insured (30-40 years, Young urban have-nots). Incident occurred on February 08, 2024 under standard operational conditions. Police report filed: Yes. Independent witness present: No. Total estimated repair and indemnity loss assessed at €4,468.55.",0
CLM-00049,CUST_05600,Auto,1,6,4,3740.34,Collision,Moderate,2024-05-06,2024-05-11,5,Yes,No,"Front-end collision at intersection during heavy rain; significant bumper, radiator and bonnet deformation. Third-party admitted fault. Insured (30-40 years, Traditional families). Incident occurred on May 06, 2024 under standard operational conditions. Police report filed: Yes. Independent witness present: No. Total estimated repair and indemnity loss assessed at €3,740.34.",0
CLM-00050,CUST_08785,Auto,1,6,3,15897.2,Single-Vehicle Crash,Catastrophic,2024-06-04,2024-06-04,0,Yes,No,"High-speed collision with utility pole following brake failure attempt; total front structural destruction. Airbags deployed. Insured (50-60 years, Couples with teens 'Married with children'). Incident occurred on June 04, 2024 under standard operational conditions. Police report filed: Yes. Independent witness present: No. Total estimated repair and indemnity loss assessed at €15,897.20.",0
CLM-00051,CUST_01670,Auto,1,6,3,4750.13,Rear-End,Moderate,2024-05-16,2024-05-17,1,Yes,Yes,"Rear-ended while stationary at red signal; tailgate, rear lights, and chassis panel crushed. Other driver present and exchanged insurance. Insured (20-30 years, Young and rising). Incident occurred on May 16, 2024 under standard operational conditions. Police report filed: Yes. Independent witness present: Yes. Total estimated repair and indemnity loss assessed at €4,750.13.",0
CLM-00052,CUST_02509,Auto,1,6,6,1796.95,Hit and Run,Minor,2024-05-25,2024-05-28,3,Yes,No,"Parked vehicle side-swiped overnight along suburban roadway; left driver doors and mirror torn off. Perpetrator fled scene. Insured (50-60 years, High status seniors). Incident occurred on May 25, 2024 under standard operational conditions. Police report filed: Yes. Independent witness present: No. Total estimated repair and indemnity loss assessed at €1,796.95.",0
CLM-00053,CUST_04268,Auto,1,6,7,4044.31,Weather/Hail,Moderate,2024-09-08,2024-09-12,4,Yes,Yes,"Hail storm caused extensive bodywork dimpling and shattered panoramic sunroof during sudden convective storm. Insured (40-50 years, Middle class families). Incident occurred on September 08, 2024 under standard operational conditions. Police report filed: Yes. Independent witness present: Yes. Total estimated repair and indemnity loss assessed at €4,044.31.",0
CLM-00054,CUST_04468,Auto,1,6,2,19336.76,Collision,Moderate,2024-11-23,2024-11-25,2,Yes,No,"Front-end collision at intersection during heavy rain; significant bumper, radiator and bonnet deformation. Third-party admitted fault. Insured (50-60 years, Mixed apartment dwellers). Incident occurred on November 23, 2024 under standard operational conditions. Police report filed: Yes. Independent witness present: No. Total estimated repair and indemnity loss assessed at €19,336.76.",1
CLM-00055,CUST_06929,Auto,1,6,6,6435.4,Weather/Hail,Moderate,2024-01-06,2024-01-07,1,Yes,Yes,"Hail storm caused extensive bodywork dimpling and shattered panoramic sunroof during sudden convective storm. Insured (40-50 years, Young all american family). Incident occurred on January 06, 2024 under standard operational conditions. Police report filed: Yes. Independent witness present: Yes. Total estimated repair and indemnity loss assessed at €6,435.40.",0
CLM-00056,CUST_02410,Auto,2,6,1,6295.79,Weather/Hail,Moderate,2024-01-20,2024-01-25,5,Yes,Yes,"Hail storm caused extensive bodywork dimpling and shattered panoramic sunroof during sudden convective storm. Insured (40-50 years, Mixed seniors). Incident occurred on January 20, 2024 under standard operational conditions. Police report filed: Yes. Independent witness present: Yes. Total estimated repair and indemnity loss assessed at €6,295.79.",0
CLM-00057,CUST_00681,Auto,1,6,8,1524.47,Hit and Run,Minor,2024-07-06,2024-07-06,0,Yes,No,"Parked vehicle side-swiped overnight along suburban roadway; left driver doors and mirror torn off. Perpetrator fled scene. Insured (40-50 years, High Income, expensive child). Incident occurred on July 06, 2024 under standard operational conditions. Police report filed: Yes. Independent witness present: No. Total estimated repair and indemnity loss assessed at €1,524.47.",0
CLM-00058,CUST_04045,Auto,1,6,8,26800.91,Single-Vehicle Crash,Catastrophic,2024-02-23,2024-02-28,5,Yes,No,"High-speed collision with utility pole following brake failure attempt; total front structural destruction. Airbags deployed. Insured (30-40 years, Career and childcare). Incident occurred on February 23, 2024 under standard operational conditions. Police report filed: Yes. Independent witness present: No. Total estimated repair and indemnity loss assessed at €26,800.91.",0
CLM-00059,CUST_02495,Auto,1,6,2,4760.9,Rear-End,Moderate,2024-03-25,2024-03-27,2,Yes,No,"Rear-ended while stationary at red signal; tailgate, rear lights, and chassis panel crushed. Other driver present and exchanged insurance. Insured (40-50 years, Young, low educated). Incident occurred on March 25, 2024 under standard operational conditions. Police report filed: Yes. Independent witness present: No. Total estimated repair and indemnity loss assessed at €4,760.90.",0
CLM-00060,CUST_05332,Auto,1,6,1,19177.29,Theft & Stripping,Severe,2024-12-09,2024-12-12,3,No,No,"Vehicle stolen from private driveway overnight; recovery team found vehicle stripped of wheels, exhaust, and infotainment unit. Insured (40-50 years, Mixed seniors). Incident occurred on December 09, 2024 under standard operational conditions. Police report filed: No. Independent witness present: No. Total estimated repair and indemnity loss assessed at €19,177.29.",0
CLM-00061,CUST_06136,Auto,1,6,8,13067.47,Theft & Stripping,Severe,2024-01-21,2024-01-28,7,Yes,Yes,"Vehicle stolen from private driveway overnight; recovery team found vehicle stripped of wheels, exhaust, and infotainment unit. Insured (50-60 years, High Income, expensive child). Incident occurred on January 21, 2024 under standard operational conditions. Police report filed: Yes. Independent witness present: Yes. Total estimated repair and indemnity loss assessed at €13,067.47.",0
CLM-00062,CUST_07479,Auto,4,6,6,1916.6,Hit and Run,Minor,2024-06-06,2024-06-09,3,Yes,Yes,"Parked vehicle side-swiped overnight along suburban roadway; left driver doors and mirror torn off. Perpetrator fled scene. Insured (30-40 years, Large family, employed child). Incident occurred on June 06, 2024 under standard operational conditions. Police report filed: Yes. Independent witness present: Yes. Total estimated repair and indemnity loss assessed at €1,916.60.",0
CLM-00063,CUST_05489,Auto,0,0,1,896.2,Hit and Run,Minor,2024-05-23,2024-05-29,6,Yes,No,"Parked vehicle side-swiped overnight along suburban roadway; left driver doors and mirror torn off. Perpetrator fled scene. Insured (60-70 years, Seniors in apartments). Incident occurred on May 23, 2024 under standard operational conditions. Police report filed: Yes. Independent witness present: No. Total estimated repair and indemnity loss assessed at €896.20.",0
CLM-00064,CUST_01852,Auto,1,6,3,1310.28,Hit and Run,Minor,2024-04-02,2024-04-06,4,Yes,Yes,"Parked vehicle side-swiped overnight along suburban roadway; left driver doors and mirror torn off. Perpetrator fled scene. Insured (50-60 years, Lower class large families). Incident occurred on April 02, 2024 under standard operational conditions. Police report filed: Yes. Independent witness present: Yes. Total estimated repair and indemnity loss assessed at €1,310.28.",0
CLM-00065,CUST_05059,Auto,1,6,6,24115.15,Rollover,Severe,2024-09-19,2024-11-29,71,No,No,"Single-vehicle rollover on icy highway curve after vehicle skidded on black ice; frame compromised, curtain airbags deployed. Insured (40-50 years, Family starters). Incident occurred on September 19, 2024 under standard operational conditions. Police report filed: No. Independent witness present: No. Total estimated repair and indemnity loss assessed at €24,115.15.",0
CLM-00066,CUST_00022,Auto,1,6,3,6890.74,Weather/Hail,Moderate,2024-10-03,2024-10-06,3,Yes,No,"Hail storm caused extensive bodywork dimpling and shattered panoramic sunroof during sudden convective storm. Insured (40-50 years, Lower class large families). Incident occurred on October 03, 2024 under standard operational conditions. Police report filed: Yes. Independent witness present: No. Total estimated repair and indemnity loss assessed at €6,890.74.",0
CLM-00067,CUST_05309,Auto,1,5,6,4699.19,Weather/Hail,Moderate,2024-06-10,2024-06-11,1,Yes,No,"Hail storm caused extensive bodywork dimpling and shattered panoramic sunroof during sudden convective storm. Insured (40-50 years, Young all american family). Incident occurred on June 10, 2024 under standard operational conditions. Police report filed: Yes. Independent witness present: No. Total estimated repair and indemnity loss assessed at €4,699.19.",0
CLM-00068,CUST_06595,Auto,1,6,5,2630.12,Hit and Run,Minor,2024-07-26,2024-07-30,4,Yes,Yes,"Parked vehicle side-swiped overnight along suburban roadway; left driver doors and mirror torn off. Perpetrator fled scene. Insured (40-50 years, Large religious families). Incident occurred on July 26, 2024 under standard operational conditions. Police report filed: Yes. Independent witness present: Yes. Total estimated repair and indemnity loss assessed at €2,630.12.",0
CLM-00069,CUST_06078,Auto,1,5,3,30712.27,Single-Vehicle Crash,Catastrophic,2024-03-31,2024-04-04,4,Yes,No,"High-speed collision with utility pole following brake failure attempt; total front structural destruction. Airbags deployed. Insured (40-50 years, Mixed seniors). Incident occurred on March 31, 2024 under standard operational conditions. Police report filed: Yes. Independent witness present: No. Total estimated repair and indemnity loss assessed at €30,712.27.",0
CLM-00070,CUST_00006,Auto,1,6,3,1640.93,Hit and Run,Minor,2024-05-27,2024-05-30,3,Yes,No,"Parked vehicle side-swiped overnight along suburban roadway; left driver doors and mirror torn off. Perpetrator fled scene. Insured (20-30 years, Young and rising). Incident occurred on May 27, 2024 under standard operational conditions. Police report filed: Yes. Independent witness present: No. Total estimated repair and indemnity loss assessed at €1,640.93.",0
CLM-00071,CUST_09772,Auto,1,5,6,30710.47,Single-Vehicle Crash,Catastrophic,2024-06-14,2024-06-21,7,Yes,No,"High-speed collision with utility pole following brake failure attempt; total front structural destruction. Airbags deployed. Insured (40-50 years, Young all american family). Incident occurred on June 14, 2024 under standard operational conditions. Police report filed: Yes. Independent witness present: No. Total estimated repair and indemnity loss assessed at €30,710.47.",0
CLM-00072,CUST_03463,Auto,1,6,6,7145.25,Weather/Hail,Moderate,2024-08-31,2024-09-02,2,Yes,Yes,"Hail storm caused extensive bodywork dimpling and shattered panoramic sunroof during sudden convective storm. Insured (30-40 years, Large family, employed child). Incident occurred on August 31, 2024 under standard operational conditions. Police report filed: Yes. Independent witness present: Yes. Total estimated repair and indemnity loss assessed at €7,145.25.",0
CLM-00073,CUST_05383,Auto,1,6,8,3285.01,Collision,Moderate,2024-05-01,2024-05-05,4,Yes,Yes,"Front-end collision at intersection during heavy rain; significant bumper, radiator and bonnet deformation. Third-party admitted fault. Insured (30-40 years, Stable family). Incident occurred on May 01, 2024 under standard operational conditions. Police report filed: Yes. Independent witness present: Yes. Total estimated repair and indemnity loss assessed at €3,285.01.",0
CLM-00074,CUST_02387,Auto,1,6,7,5205.57,Collision,Moderate,2024-01-25,2024-01-28,3,Yes,No,"Front-end collision at intersection during heavy rain; significant bumper, radiator and bonnet deformation. Third-party admitted fault. Insured (40-50 years, Middle class families). Incident occurred on January 25, 2024 under standard operational conditions. Police report filed: Yes. Independent witness present: No. Total estimated repair and indemnity loss assessed at €5,205.57.",0
CLM-00075,CUST_01176,Auto,1,6,8,3521.53,Rollover,Severe,2024-08-01,2024-08-04,3,Yes,No,"Single-vehicle rollover on icy highway curve after vehicle skidded on black ice; frame compromised, curtain airbags deployed. Insured (40-50 years, Stable family). Incident occurred on August 01, 2024 under standard operational conditions. Police report filed: Yes. Independent witness present: No. Total estimated repair and indemnity loss assessed at €3,521.53.",0
CLM-00076,CUST_03962,Auto,1,5,6,5332.85,Rear-End,Moderate,2024-12-02,2024-12-02,0,Yes,Yes,"Rear-ended while stationary at red signal; tailgate, rear lights, and chassis panel crushed. Other driver present and exchanged insurance. Insured (40-50 years, Large family, employed child). Incident occurred on December 02, 2024 under standard operational conditions. Police report filed: Yes. Independent witness present: Yes. Total estimated repair and indemnity loss assessed at €5,332.85.",0
CLM-00077,CUST_03560,Auto,1,6,6,4394.57,Rear-End,Moderate,2024-09-23,2024-09-30,7,Yes,Yes,"Rear-ended while stationary at red signal; tailgate, rear lights, and chassis panel crushed. Other driver present and exchanged insurance. Insured (60-70 years, High status seniors). Incident occurred on September 23, 2024 under standard operational conditions. Police report filed: Yes. Independent witness present: Yes. Total estimated repair and indemnity loss assessed at €4,394.57.",0
CLM-00078,CUST_01952,Auto,1,6,2,17445.96,Rollover,Severe,2024-03-10,2024-03-17,7,Yes,No,"Single-vehicle rollover on icy highway curve after vehicle skidded on black ice; frame compromised, curtain airbags deployed. Insured (40-50 years, Ethnically diverse). Incident occurred on March 10, 2024 under standard operational conditions. Police report filed: Yes. Independent witness present: No. Total estimated repair and indemnity loss assessed at €17,445.96.",0
CLM-00079,CUST_07179,Auto,1,5,4,4928.47,Weather/Hail,Moderate,2024-09-16,2024-09-22,6,Yes,No,"Hail storm caused extensive bodywork dimpling and shattered panoramic sunroof during sudden convective storm. Insured (30-40 years, Modern, complete families). Incident occurred on September 16, 2024 under standard operational conditions. Police report filed: Yes. Independent witness present: No. Total estimated repair and indemnity loss assessed at €4,928.47.",0
CLM-00080,CUST_07696,Auto,1,6,6,7314.59,Rollover,Severe,2024-05-13,2024-05-16,3,Yes,No,"Single-vehicle rollover on icy highway curve after vehicle skidded on black ice; frame compromised, curtain airbags deployed. Insured (40-50 years, Family starters). Incident occurred on May 13, 2024 under standard operational conditions. Police report filed: Yes. Independent witness present: No. Total estimated repair and indemnity loss assessed at €7,314.59.",0
CLM-00081,CUST_08444,Auto,1,6,7,17921.97,Rollover,Severe,2024-11-17,2024-11-20,3,Yes,No,"Single-vehicle rollover on icy highway curve after vehicle skidded on black ice; frame compromised, curtain airbags deployed. Insured (30-40 years, Affluent young families). Incident occurred on November 17, 2024 under standard operational conditions. Police report filed: Yes. Independent witness present: No. Total estimated repair and indemnity loss assessed at €17,921.97.",7
CLM-00082,CUST_04608,Auto,1,6,5,4799.67,Rear-End,Moderate,2024-05-20,2024-05-25,5,Yes,No,"Rear-ended while stationary at red signal; tailgate, rear lights, and chassis panel crushed. Other driver present and exchanged insurance. Insured (40-50 years, Large religious families). Incident occurred on May 20, 2024 under standard operational conditions. Police report filed: Yes. Independent witness present: No. Total estimated repair and indemnity loss assessed at €4,799.67.",0
CLM-00083,CUST_01313,Auto,1,6,5,6480.84,Rear-End,Moderate,2024-03-19,2024-03-22,3,Yes,No,"Rear-ended while stationary at red signal; tailgate, rear lights, and chassis panel crushed. Other driver present and exchanged insurance. Insured (50-60 years, Village families). Incident occurred on March 19, 2024 under standard operational conditions. Police report filed: Yes. Independent witness present: No. Total estimated repair and indemnity loss assessed at €6,480.84.",0
CLM-00084,CUST_03467,Auto,1,7,3,2834.08,Collision,Moderate,2024-08-01,2024-08-07,6,Yes,No,"Front-end collision at intersection during heavy rain; significant bumper, radiator and bonnet deformation. Third-party admitted fault. Insured (40-50 years, Lower class large families). Incident occurred on August 01, 2024 under standard operational conditions. Police report filed: Yes. Independent witness present: No. Total estimated repair and indemnity loss assessed at €2,834.08.",0
CLM-00085,CUST_06726,Auto,1,6,6,2357.81,Collision,Moderate,2024-04-16,2024-04-22,6,Yes,No,"Front-end collision at intersection during heavy rain; significant bumper, radiator and bonnet deformation. Third-party admitted fault. Insured (50-60 years, High status seniors). Incident occurred on April 16, 2024 under standard operational conditions. Police report filed: Yes. Independent witness present: No. Total estimated repair and indemnity loss assessed at €2,357.81.",0
CLM-00086,CUST_09406,Auto,1,6,6,25356.82,Single-Vehicle Crash,Catastrophic,2024-01-12,2024-01-18,6,Yes,No,"High-speed collision with utility pole following brake failure attempt; total front structural destruction. Airbags deployed. Insured (50-60 years, Family starters). Incident occurred on January 12, 2024 under standard operational conditions. Police report filed: Yes. Independent witness present: No. Total estimated repair and indemnity loss assessed at €25,356.82.",0
CLM-00087,CUST_06259,Auto,1,5,3,18344.69,Theft & Stripping,Severe,2024-08-03,2024-08-06,3,No,No,"Vehicle stolen from private driveway overnight; recovery team found vehicle stripped of wheels, exhaust, and infotainment unit. Insured (50-60 years, Lower class large families). Incident occurred on August 03, 2024 under standard operational conditions. Police report filed: No. Independent witness present: No. Total estimated repair and indemnity loss assessed at €18,344.69.",0
CLM-00088,CUST_00471,Auto,1,5,4,20472.51,Rollover,Severe,2024-06-22,2024-06-28,6,Yes,Yes,"Single-vehicle rollover on icy highway curve after vehicle skidded on black ice; frame compromised, curtain airbags deployed. Insured (30-40 years, Modern, complete families). Incident occurred on June 22, 2024 under standard operational conditions. Police report filed: Yes. Independent witness present: Yes. Total estimated repair and indemnity loss assessed at €20,472.51.",0
CLM-00089,CUST_02052,Auto,1,6,4,4250.34,Weather/Hail,Moderate,2024-10-01,2024-10-01,0,Yes,No,"Hail storm caused extensive bodywork dimpling and shattered panoramic sunroof during sudden convective storm. Insured (40-50 years, Modern, complete families). Incident occurred on October 01, 2024 under standard operational conditions. Police report filed: Yes. Independent witness present: No. Total estimated repair and indemnity loss assessed at €4,250.34.",0
CLM-00090,CUST_00440,Auto,1,6,8,3943.92,Collision,Moderate,2024-11-26,2024-12-02,6,Yes,Yes,"Front-end collision at intersection during heavy rain; significant bumper, radiator and bonnet deformation. Third-party admitted fault. Insured (40-50 years, Career and childcare). Incident occurred on November 26, 2024 under standard operational conditions. Police report filed: Yes. Independent witness present: Yes. Total estimated repair and indemnity loss assessed at €3,943.92.",0
CLM-00091,CUST_02935,Auto,1,6,8,3444.49,Collision,Moderate,2024-05-14,2024-05-20,6,Yes,No,"Front-end collision at intersection during heavy rain; significant bumper, radiator and bonnet deformation. Third-party admitted fault. Insured (40-50 years, Career and childcare). Incident occurred on May 14, 2024 under standard operational conditions. Police report filed: Yes. Independent witness present: No. Total estimated repair and indemnity loss assessed at €3,444.49.",0
CLM-00092,CUST_05261,Auto,1,6,3,2609.19,Hit and Run,Minor,2024-07-14,2024-07-18,4,Yes,No,"Parked vehicle side-swiped overnight along suburban roadway; left driver doors and mirror torn off. Perpetrator fled scene. Insured (40-50 years, Lower class large families). Incident occurred on July 14, 2024 under standard operational conditions. Police report filed: Yes. Independent witness present: No. Total estimated repair and indemnity loss assessed at €2,609.19.",0
CLM-00093,CUST_01337,Auto,1,6,2,15027.68,Rollover,Severe,2024-01-11,2024-01-11,0,Yes,No,"Single-vehicle rollover on icy highway curve after vehicle skidded on black ice; frame compromised, curtain airbags deployed. Insured (50-60 years, Religious elderly singles). Incident occurred on January 11, 2024 under standard operational conditions. Police report filed: Yes. Independent witness present: No. Total estimated repair and indemnity loss assessed at €15,027.68.",0
CLM-00094,CUST_01117,Auto,1,5,4,13123.82,Theft & Stripping,Severe,2024-11-30,2024-11-30,0,Yes,Yes,"Vehicle stolen from private driveway overnight; recovery team found vehicle stripped of wheels, exhaust, and infotainment unit. Insured (30-40 years, Modern, complete families). Incident occurred on November 30, 2024 under standard operational conditions. Police report filed: Yes. Independent witness present: Yes. Total estimated repair and indemnity loss assessed at €13,123.82.",0
CLM-00095,CUST_03214,Auto,1,6,5,13433.15,Theft & Stripping,Severe,2024-01-12,2024-01-14,2,Yes,Yes,"Vehicle stolen from private driveway overnight; recovery team found vehicle stripped of wheels, exhaust, and infotainment unit. Insured (40-50 years, Village families). Incident occurred on January 12, 2024 under standard operational conditions. Police report filed: Yes. Independent witness present: Yes. Total estimated repair and indemnity loss assessed at €13,433.15.",0
CLM-00096,CUST_01835,Auto,1,6,1,2943.08,Weather/Hail,Moderate,2024-04-22,2024-04-29,7,Yes,No,"Hail storm caused extensive bodywork dimpling and shattered panoramic sunroof during sudden convective storm. Insured (50-60 years, Mixed seniors). Incident occurred on April 22, 2024 under standard operational conditions. Police report filed: Yes. Independent witness present: No. Total estimated repair and indemnity loss assessed at €2,943.08.",0
CLM-00097,CUST_02672,Auto,1,6,3,5406.57,Weather/Hail,Moderate,2024-11-07,2024-11-08,1,Yes,Yes,"Hail storm caused extensive bodywork dimpling and shattered panoramic sunroof during sudden convective storm. Insured (40-50 years, Couples with teens 'Married with children'). Incident occurred on November 07, 2024 under standard operational conditions. Police report filed: Yes. Independent witness present: Yes. Total estimated repair and indemnity loss assessed at €5,406.57.",0
CLM-00098,CUST_01744,Auto,1,6,2,5357.48,Weather/Hail,Moderate,2024-01-15,2024-01-19,4,Yes,No,"Hail storm caused extensive bodywork dimpling and shattered panoramic sunroof during sudden convective storm. Insured (40-50 years, Mixed apartment dwellers). Incident occurred on January 15, 2024 under standard operational conditions. Police report filed: Yes. Independent witness present: No. Total estimated repair and indemnity loss assessed at €5,357.48.",0
CLM-00099,CUST_03195,Auto,1,6,7,3334.14,Collision,Moderate,2024-10-31,2024-11-03,3,Yes,Yes,"Front-end collision at intersection during heavy rain; significant bumper, radiator and bonnet deformation. Third-party admitted fault. Insured (30-40 years, Young all american family). Incident occurred on October 31, 2024 under standard operational conditions. Police report filed: Yes. Independent witness present: Yes. Total estimated repair and indemnity loss assessed at €3,334.14.",0
CLM-00100,CUST_04879,Auto,2,6,3,14094.73,Theft & Stripping,Severe,2024-11-04,2024-11-05,1,Yes,Yes,"Vehicle stolen from private driveway overnight; recovery team found vehicle stripped of wheels, exhaust, and infotainment unit. Insured (40-50 years, Lower class large families). Incident occurred on November 04, 2024 under standard operational conditions. Police report filed: Yes. Independent witness present: Yes. Total estimated repair and indemnity loss assessed at €14,094.73.",0
CLM-00101,CUST_06940,Auto,2,6,5,18504.72,Single-Vehicle Crash,Catastrophic,2024-07-09,2024-07-10,1,Yes,No,"High-speed collision with utility pole following brake failure attempt; total front structural destruction. Airbags deployed. Insured (30-40 years, Large religious families). Incident occurred on July 09, 2024 under standard operational conditions. Police report filed: Yes. Independent witness present: No. Total estimated repair and indemnity loss assessed at €18,504.72.",0
CLM-00102,CUST_07935,Auto,1,6,7,2823.23,Collision,Moderate,2024-07-05,2024-07-12,7,Yes,Yes,"Front-end collision at intersection during heavy rain; significant bumper, radiator and bonnet deformation. Third-party admitted fault. Insured (30-40 years, Middle class families). Incident occurred on July 05, 2024 under standard operational conditions. Police report filed: Yes. Independent witness present: Yes. Total estimated repair and indemnity loss assessed at €2,823.23.",0
CLM-00103,CUST_08448,Auto,1,6,3,26549.64,Single-Vehicle Crash,Catastrophic,2024-05-19,2024-05-26,7,Yes,No,"High-speed collision with utility pole following brake failure attempt; total front structural destruction. Airbags deployed. Insured (40-50 years, Lower class large families). Incident occurred on May 19, 2024 under standard operational conditions. Police report filed: Yes. Independent witness present: No. Total estimated repair and indemnity loss assessed at €26,549.64.",0
CLM-00104,CUST_09551,Auto,1,6,8,1546.63,Hit and Run,Minor,2024-06-15,2024-06-18,3,Yes,Yes,"Parked vehicle side-swiped overnight along suburban roadway; left driver doors and mirror torn off. Perpetrator fled scene. Insured (50-60 years, High Income, expensive child). Incident occurred on June 15, 2024 under standard operational conditions. Police report filed: Yes. Independent witness present: Yes. Total estimated repair and indemnity loss assessed at €1,546.63.",0
CLM-00105,CUST_07332,Auto,1,6,1,4022.07,Rear-End,Moderate,2024-08-26,2024-09-01,6,Yes,No,"Rear-ended while stationary at red signal; tailgate, rear lights, and chassis panel crushed. Other driver present and exchanged insurance. Insured (30-40 years, Students in apartments). Incident occurred on August 26, 2024 under standard operational conditions. Police report filed: Yes. Independent witness present: No. Total estimated repair and indemnity loss assessed at €4,022.07.",0
CLM-00106,CUST_02938,Auto,2,6,7,111454.0,Rollover,Severe,2024-06-24,2024-09-05,73,Yes,No,"Single-vehicle rollover on icy highway curve after vehicle skidded on black ice; frame compromised, curtain airbags deployed. Insured (50-60 years, Middle class families). Incident occurred on June 24, 2024 under standard operational conditions. Police report filed: Yes. Independent witness present: No. Total estimated repair and indemnity loss assessed at €111,454.00.",0
CLM-00107,CUST_03076,Auto,1,6,4,5591.42,Collision,Moderate,2024-05-04,2024-05-10,6,Yes,No,"Front-end collision at intersection during heavy rain; significant bumper, radiator and bonnet deformation. Third-party admitted fault. Insured (40-50 years, Traditional families). Incident occurred on May 04, 2024 under standard operational conditions. Police report filed: Yes. Independent witness present: No. Total estimated repair and indemnity loss assessed at €5,591.42.",0
CLM-00108,CUST_03904,Auto,1,6,3,30429.33,Single-Vehicle Crash,Catastrophic,2024-09-01,2024-09-08,7,Yes,No,"High-speed collision with utility pole following brake failure attempt; total front structural destruction. Airbags deployed. Insured (40-50 years, Lower class large families). Incident occurred on September 01, 2024 under standard operational conditions. Police report filed: Yes. Independent witness present: No. Total estimated repair and indemnity loss assessed at €30,429.33.",2
CLM-00109,CUST_01516,Auto,1,5,2,2104.53,Hit and Run,Minor,2024-04-24,2024-04-30,6,Yes,Yes,"Parked vehicle side-swiped overnight along suburban roadway; left driver doors and mirror torn off. Perpetrator fled scene. Insured (30-40 years, Mixed apartment dwellers). Incident occurred on April 24, 2024 under standard operational conditions. Police report filed: Yes. Independent witness present: Yes. Total estimated repair and indemnity loss assessed at €2,104.53.",0
CLM-00110,CUST_09362,Auto,1,6,4,1983.33,Hit and Run,Minor,2024-08-31,2024-09-05,5,Yes,No,"Parked vehicle side-swiped overnight along suburban roadway; left driver doors and mirror torn off. Perpetrator fled scene. Insured (40-50 years, Mixed rurals). Incident occurred on August 31, 2024 under standard operational conditions. Police report filed: Yes. Independent witness present: No. Total estimated repair and indemnity loss assessed at €1,983.33.",0
CLM-00111,CUST_08902,Auto,1,6,3,876.74,Hit and Run,Minor,2024-06-30,2024-07-07,7,Yes,No,"Parked vehicle side-swiped overnight along suburban roadway; left driver doors and mirror torn off. Perpetrator fled scene. Insured (50-60 years, Suburban youth). Incident occurred on June 30, 2024 under standard operational conditions. Police report filed: Yes. Independent witness present: No. Total estimated repair and indemnity loss assessed at €876.74.",1
CLM-00112,CUST_03745,Auto,1,6,3,3296.18,Collision,Moderate,2024-04-09,2024-04-14,5,Yes,Yes,"Front-end collision at intersection during heavy rain; significant bumper, radiator and bonnet deformation. Third-party admitted fault. Insured (30-40 years, Young and rising). Incident occurred on April 09, 2024 under standard operational conditions. Police report filed: Yes. Independent witness present: Yes. Total estimated repair and indemnity loss assessed at €3,296.18.",0
CLM-00113,CUST_02982,Auto,2,6,3,4354.35,Rear-End,Moderate,2024-04-21,2024-04-28,7,Yes,No,"Rear-ended while stationary at red signal; tailgate, rear lights, and chassis panel crushed. Other driver present and exchanged insurance. Insured (50-60 years, Lower class large families). Incident occurred on April 21, 2024 under standard operational conditions. Police report filed: Yes. Independent witness present: No. Total estimated repair and indemnity loss assessed at €4,354.35.",0
CLM-00114,CUST_08487,Auto,1,6,4,8440.54,Weather/Hail,Moderate,2024-05-25,2024-05-26,1,Yes,Yes,"Hail storm caused extensive bodywork dimpling and shattered panoramic sunroof during sudden convective storm. Insured (30-40 years, Mixed rurals). Incident occurred on May 25, 2024 under standard operational conditions. Police report filed: Yes. Independent witness present: Yes. Total estimated repair and indemnity loss assessed at €8,440.54.",0
CLM-00115,CUST_05769,Auto,1,6,6,3975.46,Rear-End,Moderate,2024-06-04,2024-06-04,0,Yes,Yes,"Rear-ended while stationary at red signal; tailgate, rear lights, and chassis panel crushed. Other driver present and exchanged insurance. Insured (40-50 years, Family starters). Incident occurred on June 04, 2024 under standard operational conditions. Police report filed: Yes. Independent witness present: Yes. Total estimated repair and indemnity loss assessed at €3,975.46.",0
CLM-00116,CUST_00885,Auto,1,6,3,5414.17,Weather/Hail,Moderate,2024-05-30,2024-06-01,2,Yes,No,"Hail storm caused extensive bodywork dimpling and shattered panoramic sunroof during sudden convective storm. Insured (50-60 years, Lower class large families). Incident occurred on May 30, 2024 under standard operational conditions. Police report filed: Yes. Independent witness present: No. Total estimated repair and indemnity loss assessed at €5,414.17.",0
CLM-00117,CUST_04739,Auto,0,0,2,14591.73,Rollover,Severe,2024-06-24,2024-08-01,38,Yes,No,"Single-vehicle rollover on icy highway curve after vehicle skidded on black ice; frame compromised, curtain airbags deployed. Insured (50-60 years, Ethnically diverse). Incident occurred on June 24, 2024 under standard operational conditions. Police report filed: Yes. Independent witness present: No. Total estimated repair and indemnity loss assessed at €14,591.73.",0
CLM-00118,CUST_01061,Auto,1,6,5,12227.93,Rollover,Severe,2024-09-09,2024-09-10,1,Yes,Yes,"Single-vehicle rollover on icy highway curve after vehicle skidded on black ice; frame compromised, curtain airbags deployed. Insured (50-60 years, Village families). Incident occurred on September 09, 2024 under standard operational conditions. Police report filed: Yes. Independent witness present: Yes. Total estimated repair and indemnity loss assessed at €12,227.93.",0
CLM-00119,CUST_09088,Auto,1,6,3,2713.69,Hit and Run,Minor,2024-02-14,2024-02-17,3,Yes,Yes,"Parked vehicle side-swiped overnight along suburban roadway; left driver doors and mirror torn off. Perpetrator fled scene. Insured (40-50 years, Porchless seniors: no front yard). Incident occurred on February 14, 2024 under standard operational conditions. Police report filed: Yes. Independent witness present: Yes. Total estimated repair and indemnity loss assessed at €2,713.69.",0
CLM-00120,CUST_06732,Auto,1,6,6,6044.71,Weather/Hail,Moderate,2024-11-02,2024-11-05,3,Yes,No,"Hail storm caused extensive bodywork dimpling and shattered panoramic sunroof during sudden convective storm. Insured (40-50 years, Family starters). Incident occurred on November 02, 2024 under standard operational conditions. Police report filed: Yes. Independent witness present: No. Total estimated repair and indemnity loss assessed at €6,044.71.",0
CLM-00121,CUST_07182,Auto,1,5,4,2424.62,Hit and Run,Minor,2024-10-29,2024-11-04,6,Yes,No,"Parked vehicle side-swiped overnight along suburban roadway; left driver doors and mirror torn off. Perpetrator fled scene. Insured (30-40 years, Traditional families). Incident occurred on October 29, 2024 under standard operational conditions. Police report filed: Yes. Independent witness present: No. Total estimated repair and indemnity loss assessed at €2,424.62.",0
CLM-00122,CUST_00986,Auto,1,6,6,3718.86,Weather/Hail,Moderate,2024-02-21,2024-02-24,3,Yes,Yes,"Hail storm caused extensive bodywork dimpling and shattered panoramic sunroof during sudden convective storm. Insured (30-40 years, Dinki's (double income no kids)). Incident occurred on February 21, 2024 under standard operational conditions. Police report filed: Yes. Independent witness present: Yes. Total estimated repair and indemnity loss assessed at €3,718.86.",0
CLM-00123,CUST_01328,Auto,1,6,3,6368.19,Rear-End,Moderate,2024-05-03,2024-05-05,2,Yes,Yes,"Rear-ended while stationary at red signal; tailgate, rear lights, and chassis panel crushed. Other driver present and exchanged insurance. Insured (40-50 years, Lower class large families). Incident occurred on May 03, 2024 under standard operational conditions. Police report filed: Yes. Independent witness present: Yes. Total estimated repair and indemnity loss assessed at €6,368.19.",0
CLM-00124,CUST_06597,Auto,1,6,7,10828.89,Rollover,Severe,2024-11-01,2024-11-08,7,Yes,No,"Single-vehicle rollover on icy highway curve after vehicle skidded on black ice; frame compromised, curtain airbags deployed. Insured (30-40 years, Affluent young families). Incident occurred on November 01, 2024 under standard operational conditions. Police report filed: Yes. Independent witness present: No. Total estimated repair and indemnity loss assessed at €10,828.89.",0
CLM-00125,CUST_04710,Auto,0,0,5,26801.43,Single-Vehicle Crash,Catastrophic,2024-02-07,2024-02-11,4,Yes,Yes,"High-speed collision with utility pole following brake failure attempt; total front structural destruction. Airbags deployed. Insured (50-60 years, Modern, complete families). Incident occurred on February 07, 2024 under standard operational conditions. Police report filed: Yes. Independent witness present: Yes. Total estimated repair and indemnity loss assessed at €26,801.43.",0
CLM-00126,CUST_02408,Auto,1,6,8,3342.27,Hit and Run,Minor,2024-03-14,2024-03-15,1,Yes,Yes,"Parked vehicle side-swiped overnight along suburban roadway; left driver doors and mirror torn off. Perpetrator fled scene. Insured (40-50 years, Career and childcare). Incident occurred on March 14, 2024 under standard operational conditions. Police report filed: Yes. Independent witness present: Yes. Total estimated repair and indemnity loss assessed at €3,342.27.",0
CLM-00127,CUST_04966,Auto,2,6,6,3605.25,Weather/Hail,Moderate,2024-10-19,2024-10-23,4,Yes,No,"Hail storm caused extensive bodywork dimpling and shattered panoramic sunroof during sudden convective storm. Insured (40-50 years, High status seniors). Incident occurred on October 19, 2024 under standard operational conditions. Police report filed: Yes. Independent witness present: No. Total estimated repair and indemnity loss assessed at €3,605.25.",2
CLM-00128,CUST_04915,Auto,2,6,4,24872.77,Single-Vehicle Crash,Catastrophic,2024-07-26,2024-07-30,4,Yes,No,"High-speed collision with utility pole following brake failure attempt; total front structural destruction. Airbags deployed. Insured (40-50 years, Traditional families). Incident occurred on July 26, 2024 under standard operational conditions. Police report filed: Yes. Independent witness present: No. Total estimated repair and indemnity loss assessed at €24,872.77.",0
CLM-00129,CUST_09647,Auto,1,6,4,3447.58,Collision,Moderate,2024-08-10,2024-08-15,5,Yes,No,"Front-end collision at intersection during heavy rain; significant bumper, radiator and bonnet deformation. Third-party admitted fault. Insured (40-50 years, Mixed rurals). Incident occurred on August 10, 2024 under standard operational conditions. Police report filed: Yes. Independent witness present: No. Total estimated repair and indemnity loss assessed at €3,447.58.",0
CLM-00130,CUST_09577,Auto,0,0,6,3135.13,Weather/Hail,Moderate,2024-12-11,2024-12-11,0,Yes,Yes,"Hail storm caused extensive bodywork dimpling and shattered panoramic sunroof during sudden convective storm. Insured (40-50 years, Large family, employed child). Incident occurred on December 11, 2024 under standard operational conditions. Police report filed: Yes. Independent witness present: Yes. Total estimated repair and indemnity loss assessed at €3,135.13.",0
CLM-00131,CUST_07175,Auto,1,5,2,1019.6,Hit and Run,Minor,2024-04-03,2024-04-09,6,Yes,No,"Parked vehicle side-swiped overnight along suburban roadway; left driver doors and mirror torn off. Perpetrator fled scene. Insured (40-50 years, Young, low educated). Incident occurred on April 03, 2024 under standard operational conditions. Police report filed: Yes. Independent witness present: No. Total estimated repair and indemnity loss assessed at €1,019.60.",0
CLM-00132,CUST_07618,Auto,1,6,3,2069.14,Hit and Run,Minor,2024-07-29,2024-08-03,5,Yes,No,"Parked vehicle side-swiped overnight along suburban roadway; left driver doors and mirror torn off. Perpetrator fled scene. Insured (50-60 years, Lower class large families). Incident occurred on July 29, 2024 under standard operational conditions. Police report filed: Yes. Independent witness present: No. Total estimated repair and indemnity loss assessed at €2,069.14.",0
CLM-00133,CUST_02591,Auto,1,6,5,1390.62,Hit and Run,Minor,2024-07-30,2024-08-06,7,Yes,No,"Parked vehicle side-swiped overnight along suburban roadway; left driver doors and mirror torn off. Perpetrator fled scene. Insured (30-40 years, Large religious families). Incident occurred on July 30, 2024 under standard operational conditions. Police report filed: Yes. Independent witness present: No. Total estimated repair and indemnity loss assessed at €1,390.62.",0
CLM-00134,CUST_06457,Auto,1,6,5,17069.09,Theft & Stripping,Severe,2024-10-09,2024-10-09,0,Yes,No,"Vehicle stolen from private driveway overnight; recovery team found vehicle stripped of wheels, exhaust, and infotainment unit. Insured (30-40 years, Large religious families). Incident occurred on October 09, 2024 under standard operational conditions. Police report filed: Yes. Independent witness present: No. Total estimated repair and indemnity loss assessed at €17,069.09.",1
CLM-00135,CUST_01939,Auto,0,0,4,7738.42,Theft & Stripping,Severe,2024-09-21,2024-09-21,0,Yes,No,"Vehicle stolen from private driveway overnight; recovery team found vehicle stripped of wheels, exhaust, and infotainment unit. Insured (40-50 years, Mixed rurals). Incident occurred on September 21, 2024 under standard operational conditions. Police report filed: Yes. Independent witness present: No. Total estimated repair and indemnity loss assessed at €7,738.42.",0
CLM-00136,CUST_05791,Auto,2,6,5,7161.91,Weather/Hail,Moderate,2024-09-13,2024-09-20,7,Yes,Yes,"Hail storm caused extensive bodywork dimpling and shattered panoramic sunroof during sudden convective storm. Insured (40-50 years, Village families). Incident occurred on September 13, 2024 under standard operational conditions. Police report filed: Yes. Independent witness present: Yes. Total estimated repair and indemnity loss assessed at €7,161.91.",0
CLM-00137,CUST_08882,Auto,1,6,4,3089.12,Rear-End,Moderate,2024-05-28,2024-06-04,7,Yes,No,"Rear-ended while stationary at red signal; tailgate, rear lights, and chassis panel crushed. Other driver present and exchanged insurance. Insured (50-60 years, Modern, complete families). Incident occurred on May 28, 2024 under standard operational conditions. Police report filed: Yes. Independent witness present: No. Total estimated repair and indemnity loss assessed at €3,089.12.",0
CLM-00138,CUST_09806,Auto,1,6,6,13727.34,Theft & Stripping,Severe,2024-05-03,2024-05-05,2,Yes,No,"Vehicle stolen from private driveway overnight; recovery team found vehicle stripped of wheels, exhaust, and infotainment unit. Insured (30-40 years, Family starters). Incident occurred on May 03, 2024 under standard operational conditions. Police report filed: Yes. Independent witness present: No. Total estimated repair and indemnity loss assessed at €13,727.34.",0
CLM-00139,CUST_08928,Auto,1,5,1,23381.1,Rollover,Severe,2024-02-18,2024-02-21,3,Yes,Yes,"Single-vehicle rollover on icy highway curve after vehicle skidded on black ice; frame compromised, curtain airbags deployed. Insured (60-70 years, Mixed seniors). Incident occurred on February 18, 2024 under standard operational conditions. Police report filed: Yes. Independent witness present: Yes. Total estimated repair and indemnity loss assessed at €23,381.10.",0
CLM-00140,CUST_01892,Auto,1,6,7,19888.52,Single-Vehicle Crash,Catastrophic,2024-03-20,2024-03-27,7,Yes,No,"High-speed collision with utility pole following brake failure attempt; total front structural destruction. Airbags deployed. Insured (40-50 years, Middle class families). Incident occurred on March 20, 2024 under standard operational conditions. Police report filed: Yes. Independent witness present: No. Total estimated repair and indemnity loss assessed at €19,888.52.",0
CLM-00141,CUST_04417,Auto,1,5,1,19864.76,Rollover,Severe,2024-09-05,2024-09-12,7,Yes,Yes,"Single-vehicle rollover on icy highway curve after vehicle skidded on black ice; frame compromised, curtain airbags deployed. Insured (50-60 years, Low income catholics). Incident occurred on September 05, 2024 under standard operational conditions. Police report filed: Yes. Independent witness present: Yes. Total estimated repair and indemnity loss assessed at €19,864.76.",0
CLM-00142,CUST_02336,Auto,1,6,5,27082.86,Rollover,Severe,2024-04-08,2024-04-10,2,Yes,Yes,"Single-vehicle rollover on icy highway curve after vehicle skidded on black ice; frame compromised, curtain airbags deployed. Insured (40-50 years, Village families). Incident occurred on April 08, 2024 under standard operational conditions. Police report filed: Yes. Independent witness present: Yes. Total estimated repair and indemnity loss assessed at €27,082.86.",0
CLM-00143,CUST_06707,Auto,1,6,3,1063.51,Hit and Run,Minor,2024-09-17,2024-09-21,4,Yes,Yes,"Parked vehicle side-swiped overnight along suburban roadway; left driver doors and mirror torn off. Perpetrator fled scene. Insured (40-50 years, Lower class large families). Incident occurred on September 17, 2024 under standard operational conditions. Police report filed: Yes. Independent witness present: Yes. Total estimated repair and indemnity loss assessed at €1,063.51.",0
CLM-00144,CUST_04811,Auto,1,5,4,15275.46,Theft & Stripping,Severe,2024-10-28,2024-11-04,7,Yes,Yes,"Vehicle stolen from private driveway overnight; recovery team found vehicle stripped of wheels, exhaust, and infotainment unit. Insured (40-50 years, Mixed rurals). Incident occurred on October 28, 2024 under standard operational conditions. Police report filed: Yes. Independent witness present: Yes. Total estimated repair and indemnity loss assessed at €15,275.46.",1
CLM-00145,CUST_07840,Auto,1,6,4,2183.93,Hit and Run,Minor,2024-06-20,2024-06-26,6,Yes,No,"Parked vehicle side-swiped overnight along suburban roadway; left driver doors and mirror torn off. Perpetrator fled scene. Insured (40-50 years, Mixed small town dwellers). Incident occurred on June 20, 2024 under standard operational conditions. Police report filed: Yes. Independent witness present: No. Total estimated repair and indemnity loss assessed at €2,183.93.",0
CLM-00146,CUST_03040,Auto,1,6,1,34983.67,Single-Vehicle Crash,Catastrophic,2024-05-03,2024-05-09,6,Yes,Yes,"High-speed collision with utility pole following brake failure attempt; total front structural destruction. Airbags deployed. Insured (40-50 years, Low income catholics). Incident occurred on May 03, 2024 under standard operational conditions. Police report filed: Yes. Independent witness present: Yes. Total estimated repair and indemnity loss assessed at €34,983.67.",0
CLM-00147,CUST_06640,Auto,1,6,6,1843.66,Collision,Moderate,2024-06-12,2024-06-19,7,Yes,No,"Front-end collision at intersection during heavy rain; significant bumper, radiator and bonnet deformation. Third-party admitted fault. Insured (30-40 years, Young all american family). Incident occurred on June 12, 2024 under standard operational conditions. Police report filed: Yes. Independent witness present: No. Total estimated repair and indemnity loss assessed at €1,843.66.",1
CLM-00148,CUST_02453,Auto,1,5,7,10577.26,Rollover,Severe,2024-01-20,2024-01-22,2,Yes,No,"Single-vehicle rollover on icy highway curve after vehicle skidded on black ice; frame compromised, curtain airbags deployed. Insured (40-50 years, Middle class families). Incident occurred on January 20, 2024 under standard operational conditions. Police report filed: Yes. Independent witness present: No. Total estimated repair and indemnity loss assessed at €10,577.26.",0
CLM-00149,CUST_07127,Auto,1,6,8,3954.33,Collision,Moderate,2024-09-27,2024-10-04,7,Yes,Yes,"Front-end collision at intersection during heavy rain; significant bumper, radiator and bonnet deformation. Third-party admitted fault. Insured (40-50 years, High Income, expensive child). Incident occurred on September 27, 2024 under standard operational conditions. Police report filed: Yes. Independent witness present: Yes. Total estimated repair and indemnity loss assessed at €3,954.33.",0
CLM-00150,CUST_06626,Auto,1,6,4,16327.34,Theft & Stripping,Severe,2024-12-02,2024-12-04,2,Yes,Yes,"Vehicle stolen from private driveway overnight; recovery team found vehicle stripped of wheels, exhaust, and infotainment unit. Insured (50-60 years, Mixed small town dwellers). Incident occurred on December 02, 2024 under standard operational conditions. Police report filed: Yes. Independent witness present: Yes. Total estimated repair and indemnity loss assessed at €16,327.34.",0
CLM-00151,CUST_04280,Auto,1,6,1,2178.3,Hit and Run,Minor,2024-11-16,2024-11-22,6,Yes,Yes,"Parked vehicle side-swiped overnight along suburban roadway; left driver doors and mirror torn off. Perpetrator fled scene. Insured (50-60 years, Mixed seniors). Incident occurred on November 16, 2024 under standard operational conditions. Police report filed: Yes. Independent witness present: Yes. Total estimated repair and indemnity loss assessed at €2,178.30.",0
CLM-00152,CUST_08636,Auto,1,6,3,21318.69,Rollover,Severe,2024-06-12,2024-06-19,7,Yes,Yes,"Single-vehicle rollover on icy highway curve after vehicle skidded on black ice; frame compromised, curtain airbags deployed. Insured (40-50 years, Mixed seniors). Incident occurred on June 12, 2024 under standard operational conditions. Police report filed: Yes. Independent witness present: Yes. Total estimated repair and indemnity loss assessed at €21,318.69.",0
CLM-00153,CUST_03802,Auto,1,6,2,24019.81,Single-Vehicle Crash,Catastrophic,2024-05-28,2024-05-31,3,Yes,Yes,"High-speed collision with utility pole following brake failure attempt; total front structural destruction. Airbags deployed. Insured (50-60 years, Young seniors in the city). Incident occurred on May 28, 2024 under standard operational conditions. Police report filed: Yes. Independent witness present: Yes. Total estimated repair and indemnity loss assessed at €24,019.81.",1
CLM-00154,CUST_01600,Auto,1,6,1,16055.47,Theft & Stripping,Severe,2024-11-21,2024-11-22,1,Yes,No,"Vehicle stolen from private driveway overnight; recovery team found vehicle stripped of wheels, exhaust, and infotainment unit. Insured (60-70 years, Young seniors in the city). Incident occurred on November 21, 2024 under standard operational conditions. Police report filed: Yes. Independent witness present: No. Total estimated repair and indemnity loss assessed at €16,055.47.",0
CLM-00155,CUST_04840,Auto,1,6,2,3679.69,Collision,Moderate,2024-01-25,2024-01-30,5,Yes,Yes,"Front-end collision at intersection during heavy rain; significant bumper, radiator and bonnet deformation. Third-party admitted fault. Insured (40-50 years, Single youth). Incident occurred on January 25, 2024 under standard operational conditions. Police report filed: Yes. Independent witness present: Yes. Total estimated repair and indemnity loss assessed at €3,679.69.",0
CLM-00156,CUST_06001,Auto,1,6,6,14953.89,Rollover,Severe,2024-03-16,2024-03-19,3,Yes,No,"Single-vehicle rollover on icy highway curve after vehicle skidded on black ice; frame compromised, curtain airbags deployed. Insured (30-40 years, Large family, employed child). Incident occurred on March 16, 2024 under standard operational conditions. Police report filed: Yes. Independent witness present: No. Total estimated repair and indemnity loss assessed at €14,953.89.",0
CLM-00157,CUST_02914,Auto,1,6,8,7062.66,Rear-End,Moderate,2024-03-31,2024-04-01,1,Yes,No,"Rear-ended while stationary at red signal; tailgate, rear lights, and chassis panel crushed. Other driver present and exchanged insurance. Insured (60-70 years, High Income, expensive child). Incident occurred on March 31, 2024 under standard operational conditions. Police report filed: Yes. Independent witness present: No. Total estimated repair and indemnity loss assessed at €7,062.66.",0
CLM-00158,CUST_03913,Auto,1,5,5,21343.0,Rollover,Severe,2024-10-26,2024-10-28,2,Yes,Yes,"Single-vehicle rollover on icy highway curve after vehicle skidded on black ice; frame compromised, curtain airbags deployed. Insured (40-50 years, Large religious families). Incident occurred on October 26, 2024 under standard operational conditions. Police report filed: Yes. Independent witness present: Yes. Total estimated repair and indemnity loss assessed at €21,343.00.",0
CLM-00159,CUST_04117,Auto,1,6,6,12092.18,Rollover,Severe,2024-05-11,2024-05-11,0,Yes,No,"Single-vehicle rollover on icy highway curve after vehicle skidded on black ice; frame compromised, curtain airbags deployed. Insured (30-40 years, Large family, employed child). Incident occurred on May 11, 2024 under standard operational conditions. Police report filed: Yes. Independent witness present: No. Total estimated repair and indemnity loss assessed at €12,092.18.",0
CLM-00160,CUST_08836,Auto,1,5,3,5084.83,Rear-End,Moderate,2024-02-08,2024-02-15,7,Yes,No,"Rear-ended while stationary at red signal; tailgate, rear lights, and chassis panel crushed. Other driver present and exchanged insurance. Insured (40-50 years, Lower class large families). Incident occurred on February 08, 2024 under standard operational conditions. Police report filed: Yes. Independent witness present: No. Total estimated repair and indemnity loss assessed at €5,084.83.",0
CLM-00161,CUST_04824,Auto,1,5,3,20689.89,Single-Vehicle Crash,Catastrophic,2024-08-06,2024-08-10,4,Yes,No,"High-speed collision with utility pole following brake failure attempt; total front structural destruction. Airbags deployed. Insured (50-60 years, Lower class large families). Incident occurred on August 06, 2024 under standard operational conditions. Police report filed: Yes. Independent witness present: No. Total estimated repair and indemnity loss assessed at €20,689.89.",0
CLM-00162,CUST_03210,Auto,1,6,3,23962.51,Rollover,Severe,2024-09-05,2024-09-06,1,Yes,Yes,"Single-vehicle rollover on icy highway curve after vehicle skidded on black ice; frame compromised, curtain airbags deployed. Insured (40-50 years, Lower class large families). Incident occurred on September 05, 2024 under standard operational conditions. Police report filed: Yes. Independent witness present: Yes. Total estimated repair and indemnity loss assessed at €23,962.51.",0
CLM-00163,CUST_05746,Auto,1,6,5,6614.03,Weather/Hail,Moderate,2024-06-01,2024-06-05,4,Yes,Yes,"Hail storm caused extensive bodywork dimpling and shattered panoramic sunroof during sudden convective storm. Insured (50-60 years, Fresh masters in the city). Incident occurred on June 01, 2024 under standard operational conditions. Police report filed: Yes. Independent witness present: Yes. Total estimated repair and indemnity loss assessed at €6,614.03.",0
CLM-00164,CUST_06378,Auto,1,6,1,1535.59,Hit and Run,Minor,2024-01-06,2024-01-06,0,Yes,No,"Parked vehicle side-swiped overnight along suburban roadway; left driver doors and mirror torn off. Perpetrator fled scene. Insured (60-70 years, Own home elderly). Incident occurred on January 06, 2024 under standard operational conditions. Police report filed: Yes. Independent witness present: No. Total estimated repair and indemnity loss assessed at €1,535.59.",0
CLM-00165,CUST_04616,Auto,4,6,5,19126.18,Theft & Stripping,Severe,2024-04-28,2024-05-03,5,Yes,Yes,"Vehicle stolen from private driveway overnight; recovery team found vehicle stripped of wheels, exhaust, and infotainment unit. Insured (40-50 years, Village families). Incident occurred on April 28, 2024 under standard operational conditions. Police report filed: Yes. Independent witness present: Yes. Total estimated repair and indemnity loss assessed at €19,126.18.",0
CLM-00166,CUST_04060,Auto,1,6,3,32215.86,Single-Vehicle Crash,Catastrophic,2024-12-04,2024-12-06,2,Yes,Yes,"High-speed collision with utility pole following brake failure attempt; total front structural destruction. Airbags deployed. Insured (40-50 years, Lower class large families). Incident occurred on December 04, 2024 under standard operational conditions. Police report filed: Yes. Independent witness present: Yes. Total estimated repair and indemnity loss assessed at €32,215.86.",1
CLM-00167,CUST_00640,Auto,1,5,2,2443.24,Hit and Run,Minor,2024-08-14,2024-08-14,0,Yes,No,"Parked vehicle side-swiped overnight along suburban roadway; left driver doors and mirror torn off. Perpetrator fled scene. Insured (30-40 years, Mixed apartment dwellers). Incident occurred on August 14, 2024 under standard operational conditions. Police report filed: Yes. Independent witness present: No. Total estimated repair and indemnity loss assessed at €2,443.24.",0
CLM-00168,CUST_01456,Auto,1,6,4,3166.08,Hit and Run,Minor,2024-06-17,2024-06-23,6,Yes,Yes,"Parked vehicle side-swiped overnight along suburban roadway; left driver doors and mirror torn off. Perpetrator fled scene. Insured (40-50 years, Modern, complete families). Incident occurred on June 17, 2024 under standard operational conditions. Police report filed: Yes. Independent witness present: Yes. Total estimated repair and indemnity loss assessed at €3,166.08.",0
CLM-00169,CUST_08724,Auto,1,6,4,1880.77,Hit and Run,Minor,2024-09-29,2024-10-03,4,Yes,Yes,"Parked vehicle side-swiped overnight along suburban roadway; left driver doors and mirror torn off. Perpetrator fled scene. Insured (40-50 years, Traditional families). Incident occurred on September 29, 2024 under standard operational conditions. Police report filed: Yes. Independent witness present: Yes. Total estimated repair and indemnity loss assessed at €1,880.77.",0
CLM-00170,CUST_07802,Auto,1,6,6,11914.31,Theft & Stripping,Severe,2024-06-01,2024-06-06,5,Yes,Yes,"Vehicle stolen from private driveway overnight; recovery team found vehicle stripped of wheels, exhaust, and infotainment unit. Insured (40-50 years, Large family, employed child). Incident occurred on June 01, 2024 under standard operational conditions. Police report filed: Yes. Independent witness present: Yes. Total estimated repair and indemnity loss assessed at €11,914.31.",0
CLM-00171,CUST_01227,Auto,1,6,6,2929.73,Rear-End,Moderate,2024-04-26,2024-05-02,6,Yes,No,"Rear-ended while stationary at red signal; tailgate, rear lights, and chassis panel crushed. Other driver present and exchanged insurance. Insured (40-50 years, Family starters). Incident occurred on April 26, 2024 under standard operational conditions. Police report filed: Yes. Independent witness present: No. Total estimated repair and indemnity loss assessed at €2,929.73.",0
CLM-00172,CUST_04272,Auto,1,6,6,23249.77,Weather/Hail,Moderate,2024-12-11,2025-02-08,59,Yes,No,"Hail storm caused extensive bodywork dimpling and shattered panoramic sunroof during sudden convective storm. Insured (50-60 years, Family starters). Incident occurred on December 11, 2024 under standard operational conditions. Police report filed: Yes. Independent witness present: No. Total estimated repair and indemnity loss assessed at €23,249.77.",1
CLM-00173,CUST_00418,Auto,0,0,8,3732.06,Weather/Hail,Moderate,2024-10-15,2024-10-18,3,Yes,Yes,"Hail storm caused extensive bodywork dimpling and shattered panoramic sunroof during sudden convective storm. Insured (40-50 years, Middle class families). Incident occurred on October 15, 2024 under standard operational conditions. Police report filed: Yes. Independent witness present: Yes. Total estimated repair and indemnity loss assessed at €3,732.06.",1
CLM-00174,CUST_07535,Auto,1,6,6,31678.64,Single-Vehicle Crash,Catastrophic,2024-06-04,2024-06-10,6,Yes,Yes,"High-speed collision with utility pole following brake failure attempt; total front structural destruction. Airbags deployed. Insured (40-50 years, High status seniors). Incident occurred on June 04, 2024 under standard operational conditions. Police report filed: Yes. Independent witness present: Yes. Total estimated repair and indemnity loss assessed at €31,678.64.",0
CLM-00175,CUST_00591,Auto,1,6,1,2194.01,Hit and Run,Minor,2024-09-10,2024-09-11,1,Yes,Yes,"Parked vehicle side-swiped overnight along suburban roadway; left driver doors and mirror torn off. Perpetrator fled scene. Insured (40-50 years, Mixed seniors). Incident occurred on September 10, 2024 under standard operational conditions. Police report filed: Yes. Independent witness present: Yes. Total estimated repair and indemnity loss assessed at €2,194.01.",0
CLM-00176,CUST_08699,Auto,1,6,2,5504.77,Rear-End,Moderate,2024-07-18,2024-07-25,7,Yes,No,"Rear-ended while stationary at red signal; tailgate, rear lights, and chassis panel crushed. Other driver present and exchanged insurance. Insured (60-70 years, Young, low educated). Incident occurred on July 18, 2024 under standard operational conditions. Police report filed: Yes. Independent witness present: No. Total estimated repair and indemnity loss assessed at €5,504.77.",0
CLM-00177,CUST_08735,Auto,1,5,3,18578.01,Rollover,Severe,2024-10-28,2024-10-30,2,Yes,No,"Single-vehicle rollover on icy highway curve after vehicle skidded on black ice; frame compromised, curtain airbags deployed. Insured (50-60 years, Lower class large families). Incident occurred on October 28, 2024 under standard operational conditions. Police report filed: Yes. Independent witness present: No. Total estimated repair and indemnity loss assessed at €18,578.01.",0
CLM-00178,CUST_07926,Auto,1,6,3,7026.95,Weather/Hail,Moderate,2024-07-28,2024-08-01,4,Yes,Yes,"Hail storm caused extensive bodywork dimpling and shattered panoramic sunroof during sudden convective storm. Insured (40-50 years, Large family farms). Incident occurred on July 28, 2024 under standard operational conditions. Police report filed: Yes. Independent witness present: Yes. Total estimated repair and indemnity loss assessed at €7,026.95.",0
CLM-00179,CUST_03528,Auto,1,6,4,17652.06,Rollover,Severe,2024-08-16,2024-08-19,3,Yes,No,"Single-vehicle rollover on icy highway curve after vehicle skidded on black ice; frame compromised, curtain airbags deployed. Insured (30-40 years, Mixed rurals). Incident occurred on August 16, 2024 under standard operational conditions. Police report filed: Yes. Independent witness present: No. Total estimated repair and indemnity loss assessed at €17,652.06.",0
CLM-00180,CUST_08810,Auto,1,6,5,151845.0,Single-Vehicle Crash,Catastrophic,2024-04-08,2024-04-15,7,Yes,Yes,"High-speed collision with utility pole following brake failure attempt; total front structural destruction. Airbags deployed. Insured (40-50 years, Large religious families). Incident occurred on April 08, 2024 under standard operational conditions. Police report filed: Yes. Independent witness present: Yes. Total estimated repair and indemnity loss assessed at €151,845.00.",0
CLM-00181,CUST_09633,Auto,1,6,8,4078.8,Collision,Moderate,2024-01-27,2024-02-01,5,Yes,Yes,"Front-end collision at intersection during heavy rain; significant bumper, radiator and bonnet deformation. Third-party admitted fault. Insured (30-40 years, Affluent young families). Incident occurred on January 27, 2024 under standard operational conditions. Police report filed: Yes. Independent witness present: Yes. Total estimated repair and indemnity loss assessed at €4,078.80.",0
CLM-00182,CUST_09120,Auto,1,6,4,2978.26,Rear-End,Moderate,2024-02-06,2024-02-09,3,Yes,Yes,"Rear-ended while stationary at red signal; tailgate, rear lights, and chassis panel crushed. Other driver present and exchanged insurance. Insured (30-40 years, Traditional families). Incident occurred on February 06, 2024 under standard operational conditions. Police report filed: Yes. Independent witness present: Yes. Total estimated repair and indemnity loss assessed at €2,978.26.",0
CLM-00183,CUST_03771,Auto,1,5,3,1307.46,Hit and Run,Minor,2024-03-17,2024-03-17,0,Yes,No,"Parked vehicle side-swiped overnight along suburban roadway; left driver doors and mirror torn off. Perpetrator fled scene. Insured (40-50 years, Couples with teens 'Married with children'). Incident occurred on March 17, 2024 under standard operational conditions. Police report filed: Yes. Independent witness present: No. Total estimated repair and indemnity loss assessed at €1,307.46.",1
CLM-00184,CUST_02337,Auto,1,6,5,4987.71,Rear-End,Moderate,2024-10-04,2024-10-08,4,Yes,Yes,"Rear-ended while stationary at red signal; tailgate, rear lights, and chassis panel crushed. Other driver present and exchanged insurance. Insured (30-40 years, Large religious families). Incident occurred on October 04, 2024 under standard operational conditions. Police report filed: Yes. Independent witness present: Yes. Total estimated repair and indemnity loss assessed at €4,987.71.",0
CLM-00185,CUST_02117,Auto,1,5,3,19037.1,Collision,Moderate,2024-10-29,2024-10-31,2,Yes,No,"Front-end collision at intersection during heavy rain; significant bumper, radiator and bonnet deformation. Third-party admitted fault. Insured (30-40 years, Young and rising). Incident occurred on October 29, 2024 under standard operational conditions. Police report filed: Yes. Independent witness present: No. Total estimated repair and indemnity loss assessed at €19,037.10.",0
CLM-00186,CUST_08510,Auto,1,5,2,4056.8,Collision,Moderate,2024-09-01,2024-09-06,5,Yes,Yes,"Front-end collision at intersection during heavy rain; significant bumper, radiator and bonnet deformation. Third-party admitted fault. Insured (50-60 years, Religious elderly singles). Incident occurred on September 01, 2024 under standard operational conditions. Police report filed: Yes. Independent witness present: Yes. Total estimated repair and indemnity loss assessed at €4,056.80.",0
CLM-00187,CUST_03598,Auto,1,6,7,5654.53,Weather/Hail,Moderate,2024-01-24,2024-01-28,4,Yes,No,"Hail storm caused extensive bodywork dimpling and shattered panoramic sunroof during sudden convective storm. Insured (30-40 years, Middle class families). Incident occurred on January 24, 2024 under standard operational conditions. Police report filed: Yes. Independent witness present: No. Total estimated repair and indemnity loss assessed at €5,654.53.",0
CLM-00188,CUST_00505,Auto,1,6,7,3240.61,Collision,Moderate,2024-09-03,2024-09-09,6,Yes,No,"Front-end collision at intersection during heavy rain; significant bumper, radiator and bonnet deformation. Third-party admitted fault. Insured (30-40 years, Affluent young families). Incident occurred on September 03, 2024 under standard operational conditions. Police report filed: Yes. Independent witness present: No. Total estimated repair and indemnity loss assessed at €3,240.61.",0
CLM-00189,CUST_07936,Auto,1,6,3,22769.05,Single-Vehicle Crash,Catastrophic,2024-08-16,2024-08-17,1,Yes,Yes,"High-speed collision with utility pole following brake failure attempt; total front structural destruction. Airbags deployed. Insured (40-50 years, Porchless seniors: no front yard). Incident occurred on August 16, 2024 under standard operational conditions. Police report filed: Yes. Independent witness present: Yes. Total estimated repair and indemnity loss assessed at €22,769.05.",0
CLM-00190,CUST_02401,Auto,1,5,6,1382.18,Collision,Moderate,2024-03-06,2024-03-10,4,Yes,No,"Front-end collision at intersection during heavy rain; significant bumper, radiator and bonnet deformation. Third-party admitted fault. Insured (30-40 years, Young all american family). Incident occurred on March 06, 2024 under standard operational conditions. Police report filed: Yes. Independent witness present: No. Total estimated repair and indemnity loss assessed at €1,382.18.",0
CLM-00191,CUST_09637,Auto,1,6,4,4366.88,Weather/Hail,Moderate,2024-05-31,2024-06-07,7,Yes,No,"Hail storm caused extensive bodywork dimpling and shattered panoramic sunroof during sudden convective storm. Insured (40-50 years, Modern, complete families). Incident occurred on May 31, 2024 under standard operational conditions. Police report filed: Yes. Independent witness present: No. Total estimated repair and indemnity loss assessed at €4,366.88.",0
CLM-00192,CUST_08915,Auto,1,6,7,35542.99,Single-Vehicle Crash,Catastrophic,2024-08-09,2024-08-12,3,No,No,"High-speed collision with utility pole following brake failure attempt; total front structural destruction. Airbags deployed. Insured (40-50 years, Middle class families). Incident occurred on August 09, 2024 under standard operational conditions. Police report filed: No. Independent witness present: No. Total estimated repair and indemnity loss assessed at €35,542.99.",0
CLM-00193,CUST_06728,Auto,1,6,4,30725.7,Single-Vehicle Crash,Catastrophic,2024-02-19,2024-02-24,5,Yes,No,"High-speed collision with utility pole following brake failure attempt; total front structural destruction. Airbags deployed. Insured (40-50 years, Mixed rurals). Incident occurred on February 19, 2024 under standard operational conditions. Police report filed: Yes. Independent witness present: No. Total estimated repair and indemnity loss assessed at €30,725.70.",0
CLM-00194,CUST_04135,Auto,1,6,8,1280.56,Hit and Run,Minor,2024-03-20,2024-03-27,7,Yes,Yes,"Parked vehicle side-swiped overnight along suburban roadway; left driver doors and mirror torn off. Perpetrator fled scene. Insured (40-50 years, Career and childcare). Incident occurred on March 20, 2024 under standard operational conditions. Police report filed: Yes. Independent witness present: Yes. Total estimated repair and indemnity loss assessed at €1,280.56.",0
CLM-00195,CUST_07148,Auto,0,0,6,2767.82,Collision,Moderate,2024-07-10,2024-07-10,0,Yes,No,"Front-end collision at intersection during heavy rain; significant bumper, radiator and bonnet deformation. Third-party admitted fault. Insured (50-60 years, Large family, employed child). Incident occurred on July 10, 2024 under standard operational conditions. Police report filed: Yes. Independent witness present: No. Total estimated repair and indemnity loss assessed at €2,767.82.",0
CLM-00196,CUST_06640,Auto,1,6,6,2259.19,Hit and Run,Minor,2024-12-07,2024-12-13,6,Yes,Yes,"Parked vehicle side-swiped overnight along suburban roadway; left driver doors and mirror torn off. Perpetrator fled scene. Insured (30-40 years, Young all american family). Incident occurred on December 07, 2024 under standard operational conditions. Police report filed: Yes. Independent witness present: Yes. Total estimated repair and indemnity loss assessed at €2,259.19.",2
CLM-00197,CUST_09686,Auto,1,6,5,1497.69,Hit and Run,Minor,2024-06-30,2024-07-01,1,Yes,Yes,"Parked vehicle side-swiped overnight along suburban roadway; left driver doors and mirror torn off. Perpetrator fled scene. Insured (40-50 years, Village families). Incident occurred on June 30, 2024 under standard operational conditions. Police report filed: Yes. Independent witness present: Yes. Total estimated repair and indemnity loss assessed at €1,497.69.",0
CLM-00198,CUST_07809,Auto,1,5,2,4330.59,Rear-End,Moderate,2024-02-26,2024-03-02,5,Yes,No,"Rear-ended while stationary at red signal; tailgate, rear lights, and chassis panel crushed. Other driver present and exchanged insurance. Insured (30-40 years, Young, low educated). Incident occurred on February 26, 2024 under standard operational conditions. Police report filed: Yes. Independent witness present: No. Total estimated repair and indemnity loss assessed at €4,330.59.",0
CLM-00199,CUST_03739,Auto,0,0,2,11844.48,Theft & Stripping,Severe,2024-10-15,2024-10-15,0,No,No,"Vehicle stolen from private driveway overnight; recovery team found vehicle stripped of wheels, exhaust, and infotainment unit. Insured (40-50 years, Young, low educated). Incident occurred on October 15, 2024 under standard operational conditions. Police report filed: No. Independent witness present: No. Total estimated repair and indemnity loss assessed at €11,844.48.",1
CLM-00200,CUST_04987,Auto,1,6,5,1342.22,Hit and Run,Minor,2024-06-29,2024-06-29,0,Yes,Yes,"Parked vehicle side-swiped overnight along suburban roadway; left driver doors and mirror torn off. Perpetrator fled scene. Insured (40-50 years, Large religious families). Incident occurred on June 29, 2024 under standard operational conditions. Police report filed: Yes. Independent witness present: Yes. Total estimated repair and indemnity loss assessed at €1,342.22.",0
CLM-00201,CUST_09152,Auto,2,6,3,31803.41,Single-Vehicle Crash,Catastrophic,2024-07-25,2024-07-26,1,Yes,Yes,"High-speed collision with utility pole following brake failure attempt; total front structural destruction. Airbags deployed. Insured (50-60 years, Lower class large families). Incident occurred on July 25, 2024 under standard operational conditions. Police report filed: Yes. Independent witness present: Yes. Total estimated repair and indemnity loss assessed at €31,803.41.",0
CLM-00202,CUST_00501,Auto,1,6,2,4000.94,Collision,Moderate,2024-09-29,2024-10-02,3,Yes,No,"Front-end collision at intersection during heavy rain; significant bumper, radiator and bonnet deformation. Third-party admitted fault. Insured (30-40 years, Young, low educated). Incident occurred on September 29, 2024 under standard operational conditions. Police report filed: Yes. Independent witness present: No. Total estimated repair and indemnity loss assessed at €4,000.94.",1
CLM-00203,CUST_05480,Auto,1,6,3,5888.58,Rear-End,Moderate,2024-07-09,2024-07-13,4,Yes,No,"Rear-ended while stationary at red signal; tailgate, rear lights, and chassis panel crushed. Other driver present and exchanged insurance. Insured (30-40 years, Lower class large families). Incident occurred on July 09, 2024 under standard operational conditions. Police report filed: Yes. Independent witness present: No. Total estimated repair and indemnity loss assessed at €5,888.58.",0
CLM-00204,CUST_09166,Auto,1,5,5,6275.32,Weather/Hail,Moderate,2024-02-14,2024-02-14,0,Yes,Yes,"Hail storm caused extensive bodywork dimpling and shattered panoramic sunroof during sudden convective storm. Insured (40-50 years, Village families). Incident occurred on February 14, 2024 under standard operational conditions. Police report filed: Yes. Independent witness present: Yes. Total estimated repair and indemnity loss assessed at €6,275.32.",0
CLM-00205,CUST_00812,Auto,1,6,6,18787.48,Single-Vehicle Crash,Catastrophic,2024-02-12,2024-02-16,4,Yes,No,"High-speed collision with utility pole following brake failure attempt; total front structural destruction. Airbags deployed. Insured (40-50 years, High status seniors). Incident occurred on February 12, 2024 under standard operational conditions. Police report filed: Yes. Independent witness present: No. Total estimated repair and indemnity loss assessed at €18,787.48.",0
CLM-00206,CUST_07859,Auto,1,6,1,3679.04,Weather/Hail,Moderate,2024-08-15,2024-08-21,6,Yes,No,"Hail storm caused extensive bodywork dimpling and shattered panoramic sunroof during sudden convective storm. Insured (50-60 years, Own home elderly). Incident occurred on August 15, 2024 under standard operational conditions. Police report filed: Yes. Independent witness present: No. Total estimated repair and indemnity loss assessed at €3,679.04.",1
CLM-00207,CUST_08299,Auto,2,6,3,3946.04,Collision,Moderate,2024-06-26,2024-07-02,6,Yes,Yes,"Front-end collision at intersection during heavy rain; significant bumper, radiator and bonnet deformation. Third-party admitted fault. Insured (50-60 years, Lower class large families). Incident occurred on June 26, 2024 under standard operational conditions. Police report filed: Yes. Independent witness present: Yes. Total estimated repair and indemnity loss assessed at €3,946.04.",0
CLM-00208,CUST_09560,Auto,1,5,2,21582.72,Rollover,Severe,2024-09-27,2024-10-01,4,Yes,Yes,"Single-vehicle rollover on icy highway curve after vehicle skidded on black ice; frame compromised, curtain airbags deployed. Insured (30-40 years, Young, low educated). Incident occurred on September 27, 2024 under standard operational conditions. Police report filed: Yes. Independent witness present: Yes. Total estimated repair and indemnity loss assessed at €21,582.72.",0
CLM-00209,CUST_09663,Auto,1,6,6,3946.06,Collision,Moderate,2024-01-05,2024-01-08,3,Yes,No,"Front-end collision at intersection during heavy rain; significant bumper, radiator and bonnet deformation. Third-party admitted fault. Insured (50-60 years, High status seniors). Incident occurred on January 05, 2024 under standard operational conditions. Police report filed: Yes. Independent witness present: No. Total estimated repair and indemnity loss assessed at €3,946.06.",0
CLM-00210,CUST_02193,Auto,1,6,5,31261.47,Theft & Stripping,Severe,2024-05-11,2024-05-15,4,Yes,No,"Vehicle stolen from private driveway overnight; recovery team found vehicle stripped of wheels, exhaust, and infotainment unit. Insured (40-50 years, Village families). Incident occurred on May 11, 2024 under standard operational conditions. Police report filed: Yes. Independent witness present: No. Total estimated repair and indemnity loss assessed at €31,261.47.",0
CLM-00211,CUST_06974,Auto,1,6,7,21757.1,Rear-End,Moderate,2024-04-28,2024-05-03,5,Yes,Yes,"Rear-ended while stationary at red signal; tailgate, rear lights, and chassis panel crushed. Other driver present and exchanged insurance. Insured (40-50 years, Middle class families). Incident occurred on April 28, 2024 under standard operational conditions. Police report filed: Yes. Independent witness present: Yes. Total estimated repair and indemnity loss assessed at €21,757.10.",0
CLM-00212,CUST_00689,Auto,1,6,5,26053.39,Rollover,Severe,2024-01-11,2024-01-18,7,Yes,Yes,"Single-vehicle rollover on icy highway curve after vehicle skidded on black ice; frame compromised, curtain airbags deployed. Insured (40-50 years, Large religious families). Incident occurred on January 11, 2024 under standard operational conditions. Police report filed: Yes. Independent witness present: Yes. Total estimated repair and indemnity loss assessed at €26,053.39.",0
CLM-00213,CUST_09281,Auto,1,6,6,24964.01,Rollover,Severe,2024-10-21,2024-10-27,6,Yes,No,"Single-vehicle rollover on icy highway curve after vehicle skidded on black ice; frame compromised, curtain airbags deployed. Insured (40-50 years, Family starters). Incident occurred on October 21, 2024 under standard operational conditions. Police report filed: Yes. Independent witness present: No. Total estimated repair and indemnity loss assessed at €24,964.01.",0
CLM-00214,CUST_06543,Auto,1,6,4,4109.67,Collision,Moderate,2024-06-16,2024-06-18,2,Yes,No,"Front-end collision at intersection during heavy rain; significant bumper, radiator and bonnet deformation. Third-party admitted fault. Insured (40-50 years, Modern, complete families). Incident occurred on June 16, 2024 under standard operational conditions. Police report filed: Yes. Independent witness present: No. Total estimated repair and indemnity loss assessed at €4,109.67.",0
CLM-00215,CUST_05792,Auto,1,6,3,2949.68,Collision,Moderate,2024-08-12,2024-08-13,1,Yes,Yes,"Front-end collision at intersection during heavy rain; significant bumper, radiator and bonnet deformation. Third-party admitted fault. Insured (40-50 years, Couples with teens 'Married with children'). Incident occurred on August 12, 2024 under standard operational conditions. Police report filed: Yes. Independent witness present: Yes. Total estimated repair and indemnity loss assessed at €2,949.68.",0
CLM-00216,CUST_06457,Auto,1,6,5,6054.56,Weather/Hail,Moderate,2024-02-11,2024-02-17,6,Yes,No,"Hail storm caused extensive bodywork dimpling and shattered panoramic sunroof during sudden convective storm. Insured (30-40 years, Large religious families). Incident occurred on February 11, 2024 under standard operational conditions. Police report filed: Yes. Independent witness present: No. Total estimated repair and indemnity loss assessed at €6,054.56.",0
CLM-00217,CUST_03600,Auto,1,6,8,1564.3,Hit and Run,Minor,2024-03-28,2024-03-29,1,Yes,Yes,"Parked vehicle side-swiped overnight along suburban roadway; left driver doors and mirror torn off. Perpetrator fled scene. Insured (40-50 years, Career and childcare). Incident occurred on March 28, 2024 under standard operational conditions. Police report filed: Yes. Independent witness present: Yes. Total estimated repair and indemnity loss assessed at €1,564.30.",0
CLM-00218,CUST_03118,Auto,1,6,4,14085.36,Theft & Stripping,Severe,2024-06-28,2024-07-03,5,Yes,Yes,"Vehicle stolen from private driveway overnight; recovery team found vehicle stripped of wheels, exhaust, and infotainment unit. Insured (30-40 years, Modern, complete families). Incident occurred on June 28, 2024 under standard operational conditions. Police report filed: Yes. Independent witness present: Yes. Total estimated repair and indemnity loss assessed at €14,085.36.",0
CLM-00219,CUST_02367,Auto,2,6,6,1736.78,Hit and Run,Minor,2024-04-12,2024-04-14,2,Yes,Yes,"Parked vehicle side-swiped overnight along suburban roadway; left driver doors and mirror torn off. Perpetrator fled scene. Insured (30-40 years, Large family, employed child). Incident occurred on April 12, 2024 under standard operational conditions. Police report filed: Yes. Independent witness present: Yes. Total estimated repair and indemnity loss assessed at €1,736.78.",1
CLM-00220,CUST_01228,Auto,1,6,3,4386.81,Rear-End,Moderate,2024-11-18,2024-11-25,7,Yes,No,"Rear-ended while stationary at red signal; tailgate, rear lights, and chassis panel crushed. Other driver present and exchanged insurance. Insured (50-60 years, Lower class large families). Incident occurred on November 18, 2024 under standard operational conditions. Police report filed: Yes. Independent witness present: No. Total estimated repair and indemnity loss assessed at €4,386.81.",0
CLM-00221,CUST_09330,Auto,1,6,5,33127.95,Rollover,Severe,2024-12-15,2024-12-20,5,Yes,No,"Single-vehicle rollover on icy highway curve after vehicle skidded on black ice; frame compromised, curtain airbags deployed. Insured (50-60 years, Fresh masters in the city). Incident occurred on December 15, 2024 under standard operational conditions. Police report filed: Yes. Independent witness present: No. Total estimated repair and indemnity loss assessed at €33,127.95.",0
CLM-00222,CUST_01110,Auto,1,6,6,8036.41,Rollover,Severe,2024-08-15,2024-08-19,4,Yes,No,"Single-vehicle rollover on icy highway curve after vehicle skidded on black ice; frame compromised, curtain airbags deployed. Insured (40-50 years, High status seniors). Incident occurred on August 15, 2024 under standard operational conditions. Police report filed: Yes. Independent witness present: No. Total estimated repair and indemnity loss assessed at €8,036.41.",0
CLM-00223,CUST_05651,Auto,1,6,3,5952.76,Weather/Hail,Moderate,2024-02-08,2024-02-12,4,Yes,No,"Hail storm caused extensive bodywork dimpling and shattered panoramic sunroof during sudden convective storm. Insured (30-40 years, Lower class large families). Incident occurred on February 08, 2024 under standard operational conditions. Police report filed: Yes. Independent witness present: No. Total estimated repair and indemnity loss assessed at €5,952.76.",0
CLM-00224,CUST_00933,Auto,1,5,4,982.37,Hit and Run,Minor,2024-05-27,2024-05-28,1,Yes,Yes,"Parked vehicle side-swiped overnight along suburban roadway; left driver doors and mirror torn off. Perpetrator fled scene. Insured (40-50 years, Traditional families). Incident occurred on May 27, 2024 under standard operational conditions. Police report filed: Yes. Independent witness present: Yes. Total estimated repair and indemnity loss assessed at €982.37.",0
CLM-00225,CUST_08211,Auto,2,6,7,16408.41,Rollover,Severe,2024-08-25,2024-08-25,0,Yes,No,"Single-vehicle rollover on icy highway curve after vehicle skidded on black ice; frame compromised, curtain airbags deployed. Insured (40-50 years, Middle class families). Incident occurred on August 25, 2024 under standard operational conditions. Police report filed: Yes. Independent witness present: No. Total estimated repair and indemnity loss assessed at €16,408.41.",0
CLM-00226,CUST_09222,Auto,1,6,8,37287.13,Single-Vehicle Crash,Catastrophic,2024-04-07,2024-04-12,5,Yes,No,"High-speed collision with utility pole following brake failure attempt; total front structural destruction. Airbags deployed. Insured (30-40 years, Career and childcare). Incident occurred on April 07, 2024 under standard operational conditions. Police report filed: Yes. Independent witness present: No. Total estimated repair and indemnity loss assessed at €37,287.13.",0
CLM-00227,CUST_01009,Auto,1,6,5,19625.68,Rollover,Severe,2024-02-23,2024-02-28,5,Yes,Yes,"Single-vehicle rollover on icy highway curve after vehicle skidded on black ice; frame compromised, curtain airbags deployed. Insured (30-40 years, Large religious families). Incident occurred on February 23, 2024 under standard operational conditions. Police report filed: Yes. Independent witness present: Yes. Total estimated repair and indemnity loss assessed at €19,625.68.",0
CLM-00228,CUST_02787,Auto,1,6,7,2034.71,Collision,Moderate,2024-05-07,2024-05-14,7,Yes,No,"Front-end collision at intersection during heavy rain; significant bumper, radiator and bonnet deformation. Third-party admitted fault. Insured (40-50 years, Middle class families). Incident occurred on May 07, 2024 under standard operational conditions. Police report filed: Yes. Independent witness present: No. Total estimated repair and indemnity loss assessed at €2,034.71.",0
CLM-00229,CUST_09820,Auto,1,6,3,3191.04,Rear-End,Moderate,2024-07-06,2024-07-11,5,Yes,No,"Rear-ended while stationary at red signal; tailgate, rear lights, and chassis panel crushed. Other driver present and exchanged insurance. Insured (40-50 years, Couples with teens 'Married with children'). Incident occurred on July 06, 2024 under standard operational conditions. Police report filed: Yes. Independent witness present: No. Total estimated repair and indemnity loss assessed at €3,191.04.",0
CLM-00230,CUST_05440,Auto,1,6,1,34216.98,Single-Vehicle Crash,Catastrophic,2024-11-03,2024-11-03,0,Yes,No,"High-speed collision with utility pole following brake failure attempt; total front structural destruction. Airbags deployed. Insured (40-50 years, Low income catholics). Incident occurred on November 03, 2024 under standard operational conditions. Police report filed: Yes. Independent witness present: No. Total estimated repair and indemnity loss assessed at €34,216.98.",0
CLM-00231,CUST_06440,Auto,0,0,7,12244.88,Hit and Run,Minor,2024-11-05,2024-11-10,5,Yes,Yes,"Parked vehicle side-swiped overnight along suburban roadway; left driver doors and mirror torn off. Perpetrator fled scene. Insured (40-50 years, Middle class families). Incident occurred on November 05, 2024 under standard operational conditions. Police report filed: Yes. Independent witness present: Yes. Total estimated repair and indemnity loss assessed at €12,244.88.",0
CLM-00232,CUST_02280,Auto,2,7,3,2235.88,Hit and Run,Minor,2024-06-08,2024-06-14,6,Yes,Yes,"Parked vehicle side-swiped overnight along suburban roadway; left driver doors and mirror torn off. Perpetrator fled scene. Insured (50-60 years, Mixed seniors). Incident occurred on June 08, 2024 under standard operational conditions. Police report filed: Yes. Independent witness present: Yes. Total estimated repair and indemnity loss assessed at €2,235.88.",0
CLM-00233,CUST_01385,Auto,1,6,3,2055.34,Hit and Run,Minor,2024-10-14,2024-10-20,6,Yes,No,"Parked vehicle side-swiped overnight along suburban roadway; left driver doors and mirror torn off. Perpetrator fled scene. Insured (30-40 years, Young and rising). Incident occurred on October 14, 2024 under standard operational conditions. Police report filed: Yes. Independent witness present: No. Total estimated repair and indemnity loss assessed at €2,055.34.",0
CLM-00234,CUST_08515,Auto,1,6,3,2546.08,Collision,Moderate,2024-11-27,2024-12-03,6,Yes,No,"Front-end collision at intersection during heavy rain; significant bumper, radiator and bonnet deformation. Third-party admitted fault. Insured (50-60 years, Lower class large families). Incident occurred on November 27, 2024 under standard operational conditions. Police report filed: Yes. Independent witness present: No. Total estimated repair and indemnity loss assessed at €2,546.08.",1
CLM-00235,CUST_03538,Auto,0,0,1,2846.37,Hit and Run,Minor,2024-09-06,2024-10-19,43,Yes,Yes,"Parked vehicle side-swiped overnight along suburban roadway; left driver doors and mirror torn off. Perpetrator fled scene. Insured (50-60 years, Mixed seniors). Incident occurred on September 06, 2024 under standard operational conditions. Police report filed: Yes. Independent witness present: Yes. Total estimated repair and indemnity loss assessed at €2,846.37.",0
CLM-00236,CUST_01639,Auto,1,6,7,5879.49,Weather/Hail,Moderate,2024-09-27,2024-11-22,56,Yes,Yes,"Hail storm caused extensive bodywork dimpling and shattered panoramic sunroof during sudden convective storm. Insured (30-40 years, Young all american family). Incident occurred on September 27, 2024 under standard operational conditions. Police report filed: Yes. Independent witness present: Yes. Total estimated repair and indemnity loss assessed at €5,879.49.",0
CLM-00237,CUST_02486,Auto,1,5,7,1062.29,Rear-End,Moderate,2024-04-03,2024-04-05,2,Yes,No,"Rear-ended while stationary at red signal; tailgate, rear lights, and chassis panel crushed. Other driver present and exchanged insurance. Insured (40-50 years, Middle class families). Incident occurred on April 03, 2024 under standard operational conditions. Police report filed: Yes. Independent witness present: No. Total estimated repair and indemnity loss assessed at €1,062.29.",0
CLM-00238,CUST_03856,Auto,1,6,3,20358.73,Rollover,Severe,2024-08-18,2024-10-07,50,Yes,No,"Single-vehicle rollover on icy highway curve after vehicle skidded on black ice; frame compromised, curtain airbags deployed. Insured (40-50 years, Couples with teens 'Married with children'). Incident occurred on August 18, 2024 under standard operational conditions. Police report filed: Yes. Independent witness present: No. Total estimated repair and indemnity loss assessed at €20,358.73.",0
CLM-00239,CUST_03120,Auto,2,6,6,1630.93,Hit and Run,Minor,2024-12-14,2024-12-21,7,Yes,No,"Parked vehicle side-swiped overnight along suburban roadway; left driver doors and mirror torn off. Perpetrator fled scene. Insured (50-60 years, High status seniors). Incident occurred on December 14, 2024 under standard operational conditions. Police report filed: Yes. Independent witness present: No. Total estimated repair and indemnity loss assessed at €1,630.93.",0
CLM-00240,CUST_06128,Auto,1,6,7,6185.41,Weather/Hail,Moderate,2024-09-28,2024-10-04,6,Yes,Yes,"Hail storm caused extensive bodywork dimpling and shattered panoramic sunroof during sudden convective storm. Insured (30-40 years, Affluent young families). Incident occurred on September 28, 2024 under standard operational conditions. Police report filed: Yes. Independent witness present: Yes. Total estimated repair and indemnity loss assessed at €6,185.41.",0
CLM-00241,CUST_09741,Auto,1,6,7,3075.22,Rear-End,Moderate,2024-05-09,2024-05-09,0,Yes,No,"Rear-ended while stationary at red signal; tailgate, rear lights, and chassis panel crushed. Other driver present and exchanged insurance. Insured (30-40 years, Affluent young families). Incident occurred on May 09, 2024 under standard operational conditions. Police report filed: Yes. Independent witness present: No. Total estimated repair and indemnity loss assessed at €3,075.22.",0
CLM-00242,CUST_08963,Auto,1,5,5,3062.32,Collision,Moderate,2024-09-22,2024-09-23,1,Yes,No,"Front-end collision at intersection during heavy rain; significant bumper, radiator and bonnet deformation. Third-party admitted fault. Insured (40-50 years, Village families). Incident occurred on September 22, 2024 under standard operational conditions. Police report filed: Yes. Independent witness present: No. Total estimated repair and indemnity loss assessed at €3,062.32.",0
CLM-00243,CUST_07423,Auto,0,0,3,23806.59,Weather/Hail,Moderate,2024-04-24,2024-04-29,5,Yes,Yes,"Hail storm caused extensive bodywork dimpling and shattered panoramic sunroof during sudden convective storm. Insured (40-50 years, Large family farms). Incident occurred on April 24, 2024 under standard operational conditions. Police report filed: Yes. Independent witness present: Yes. Total estimated repair and indemnity loss assessed at €23,806.59.",0
CLM-00244,CUST_06393,Auto,1,6,7,6204.06,Weather/Hail,Moderate,2024-07-11,2024-07-14,3,Yes,No,"Hail storm caused extensive bodywork dimpling and shattered panoramic sunroof during sudden convective storm. Insured (30-40 years, Affluent young families). Incident occurred on July 11, 2024 under standard operational conditions. Police report filed: Yes. Independent witness present: No. Total estimated repair and indemnity loss assessed at €6,204.06.",0
CLM-00245,CUST_06002,Auto,1,6,5,2463.56,Rear-End,Moderate,2024-01-16,2024-01-21,5,Yes,Yes,"Rear-ended while stationary at red signal; tailgate, rear lights, and chassis panel crushed. Other driver present and exchanged insurance. Insured (30-40 years, Large religious families). Incident occurred on January 16, 2024 under standard operational conditions. Police report filed: Yes. Independent witness present: Yes. Total estimated repair and indemnity loss assessed at €2,463.56.",0
CLM-00246,CUST_05385,Auto,1,6,8,13675.09,Theft & Stripping,Severe,2024-03-16,2024-03-18,2,Yes,Yes,"Vehicle stolen from private driveway overnight; recovery team found vehicle stripped of wheels, exhaust, and infotainment unit. Insured (40-50 years, High Income, expensive child). Incident occurred on March 16, 2024 under standard operational conditions. Police report filed: Yes. Independent witness present: Yes. Total estimated repair and indemnity loss assessed at €13,675.09.",0
CLM-00247,CUST_07659,Auto,1,6,8,25557.91,Single-Vehicle Crash,Catastrophic,2024-03-13,2024-03-20,7,Yes,No,"High-speed collision with utility pole following brake failure attempt; total front structural destruction. Airbags deployed. Insured (50-60 years, High Income, expensive child). Incident occurred on March 13, 2024 under standard operational conditions. Police report filed: Yes. Independent witness present: No. Total estimated repair and indemnity loss assessed at €25,557.91.",0
CLM-00248,CUST_01292,Auto,1,6,5,2544.0,Collision,Moderate,2024-05-12,2024-05-15,3,Yes,Yes,"Front-end collision at intersection during heavy rain; significant bumper, radiator and bonnet deformation. Third-party admitted fault. Insured (60-70 years, Large religious families). Incident occurred on May 12, 2024 under standard operational conditions. Police report filed: Yes. Independent witness present: Yes. Total estimated repair and indemnity loss assessed at €2,544.00.",0
CLM-00249,CUST_09806,Auto,1,6,6,7463.64,Weather/Hail,Moderate,2024-08-05,2024-08-06,1,Yes,No,"Hail storm caused extensive bodywork dimpling and shattered panoramic sunroof during sudden convective storm. Insured (30-40 years, Family starters). Incident occurred on August 05, 2024 under standard operational conditions. Police report filed: Yes. Independent witness present: No. Total estimated repair and indemnity loss assessed at €7,463.64.",1
CLM-00250,CUST_01959,Auto,1,6,3,3813.98,Collision,Moderate,2024-05-03,2024-05-09,6,Yes,No,"Front-end collision at intersection during heavy rain; significant bumper, radiator and bonnet deformation. Third-party admitted fault. Insured (40-50 years, Lower class large families). Incident occurred on May 03, 2024 under standard operational conditions. Police report filed: Yes. Independent witness present: No. Total estimated repair and indemnity loss assessed at €3,813.98.",0
CLM-00251,CUST_08091,Auto,1,6,5,3226.76,Weather/Hail,Moderate,2024-11-20,2024-11-23,3,Yes,Yes,"Hail storm caused extensive bodywork dimpling and shattered panoramic sunroof during sudden convective storm. Insured (40-50 years, Village families). Incident occurred on November 20, 2024 under standard operational conditions. Police report filed: Yes. Independent witness present: Yes. Total estimated repair and indemnity loss assessed at €3,226.76.",0
CLM-00252,CUST_00021,Auto,1,6,3,6277.01,Weather/Hail,Moderate,2024-06-30,2024-07-03,3,Yes,No,"Hail storm caused extensive bodywork dimpling and shattered panoramic sunroof during sudden convective storm. Insured (40-50 years, Lower class large families). Incident occurred on June 30, 2024 under standard operational conditions. Police report filed: Yes. Independent witness present: No. Total estimated repair and indemnity loss assessed at €6,277.01.",1
CLM-00253,CUST_01400,Auto,1,6,3,7963.02,Weather/Hail,Moderate,2024-07-04,2024-07-05,1,Yes,Yes,"Hail storm caused extensive bodywork dimpling and shattered panoramic sunroof during sudden convective storm. Insured (40-50 years, Lower class large families). Incident occurred on July 04, 2024 under standard operational conditions. Police report filed: Yes. Independent witness present: Yes. Total estimated repair and indemnity loss assessed at €7,963.02.",0
CLM-00254,CUST_07620,Auto,1,6,4,4566.96,Collision,Moderate,2024-11-22,2024-11-28,6,Yes,No,"Front-end collision at intersection during heavy rain; significant bumper, radiator and bonnet deformation. Third-party admitted fault. Insured (30-40 years, Mixed rurals). Incident occurred on November 22, 2024 under standard operational conditions. Police report filed: Yes. Independent witness present: No. Total estimated repair and indemnity loss assessed at €4,566.96.",0
CLM-00255,CUST_00263,Auto,1,6,5,1116.38,Hit and Run,Minor,2024-02-05,2024-02-10,5,Yes,Yes,"Parked vehicle side-swiped overnight along suburban roadway; left driver doors and mirror torn off. Perpetrator fled scene. Insured (40-50 years, Affluent senior apartments). Incident occurred on February 05, 2024 under standard operational conditions. Police report filed: Yes. Independent witness present: Yes. Total estimated repair and indemnity loss assessed at €1,116.38.",0
CLM-00256,CUST_01672,Auto,2,6,7,13046.22,Theft & Stripping,Severe,2024-10-25,2024-10-30,5,Yes,Yes,"Vehicle stolen from private driveway overnight; recovery team found vehicle stripped of wheels, exhaust, and infotainment unit. Insured (40-50 years, Middle class families). Incident occurred on October 25, 2024 under standard operational conditions. Police report filed: Yes. Independent witness present: Yes. Total estimated repair and indemnity loss assessed at €13,046.22.",0
CLM-00257,CUST_02832,Auto,1,6,6,20401.03,Theft & Stripping,Severe,2024-08-26,2024-09-02,7,Yes,Yes,"Vehicle stolen from private driveway overnight; recovery team found vehicle stripped of wheels, exhaust, and infotainment unit. Insured (30-40 years, Large family, employed child). Incident occurred on August 26, 2024 under standard operational conditions. Police report filed: Yes. Independent witness present: Yes. Total estimated repair and indemnity loss assessed at €20,401.03.",0
CLM-00258,CUST_07441,Auto,2,6,3,12469.74,Collision,Moderate,2024-04-13,2024-04-18,5,Yes,No,"Front-end collision at intersection during heavy rain; significant bumper, radiator and bonnet deformation. Third-party admitted fault. Insured (30-40 years, Young and rising). Incident occurred on April 13, 2024 under standard operational conditions. Police report filed: Yes. Independent witness present: No. Total estimated repair and indemnity loss assessed at €12,469.74.",0
CLM-00259,CUST_08779,Auto,1,5,4,21162.92,Rollover,Severe,2024-05-10,2024-05-10,0,Yes,Yes,"Single-vehicle rollover on icy highway curve after vehicle skidded on black ice; frame compromised, curtain airbags deployed. Insured (40-50 years, Mixed rurals). Incident occurred on May 10, 2024 under standard operational conditions. Police report filed: Yes. Independent witness present: Yes. Total estimated repair and indemnity loss assessed at €21,162.92.",0
CLM-00260,CUST_00779,Auto,2,6,6,18333.46,Theft & Stripping,Severe,2024-12-02,2024-12-07,5,Yes,No,"Vehicle stolen from private driveway overnight; recovery team found vehicle stripped of wheels, exhaust, and infotainment unit. Insured (30-40 years, Family starters). Incident occurred on December 02, 2024 under standard operational conditions. Police report filed: Yes. Independent witness present: No. Total estimated repair and indemnity loss assessed at €18,333.46.",0
CLM-00261,CUST_05891,Auto,1,6,7,13678.42,Rollover,Severe,2024-07-24,2024-07-31,7,Yes,No,"Single-vehicle rollover on icy highway curve after vehicle skidded on black ice; frame compromised, curtain airbags deployed. Insured (40-50 years, Middle class families). Incident occurred on July 24, 2024 under standard operational conditions. Police report filed: Yes. Independent witness present: No. Total estimated repair and indemnity loss assessed at €13,678.42.",0
CLM-00262,CUST_03008,Auto,1,6,4,18882.85,Rollover,Severe,2024-09-12,2024-09-17,5,Yes,No,"Single-vehicle rollover on icy highway curve after vehicle skidded on black ice; frame compromised, curtain airbags deployed. Insured (30-40 years, Mixed rurals). Incident occurred on September 12, 2024 under standard operational conditions. Police report filed: Yes. Independent witness present: No. Total estimated repair and indemnity loss assessed at €18,882.85.",0
CLM-00263,CUST_06876,Auto,3,6,4,350.0,Collision,Moderate,2024-08-09,2024-08-11,2,Yes,No,"Front-end collision at intersection during heavy rain; significant bumper, radiator and bonnet deformation. Third-party admitted fault. Insured (30-40 years, Modern, complete families). Incident occurred on August 09, 2024 under standard operational conditions. Police report filed: Yes. Independent witness present: No. Total estimated repair and indemnity loss assessed at €350.00.",0
CLM-00264,CUST_01306,Auto,1,6,2,1413.37,Hit and Run,Minor,2024-12-05,2024-12-09,4,Yes,No,"Parked vehicle side-swiped overnight along suburban roadway; left driver doors and mirror torn off. Perpetrator fled scene. Insured (30-40 years, Mixed apartment dwellers). Incident occurred on December 05, 2024 under standard operational conditions. Police report filed: Yes. Independent witness present: No. Total estimated repair and indemnity loss assessed at €1,413.37.",1
CLM-00265,CUST_06905,Auto,1,6,3,3885.15,Rear-End,Moderate,2024-08-16,2024-08-21,5,Yes,No,"Rear-ended while stationary at red signal; tailgate, rear lights, and chassis panel crushed. Other driver present and exchanged insurance. Insured (40-50 years, Lower class large families). Incident occurred on August 16, 2024 under standard operational conditions. Police report filed: Yes. Independent witness present: No. Total estimated repair and indemnity loss assessed at €3,885.15.",0
CLM-00266,CUST_05664,Auto,1,6,8,3245.1,Weather/Hail,Moderate,2024-05-21,2024-05-21,0,Yes,Yes,"Hail storm caused extensive bodywork dimpling and shattered panoramic sunroof during sudden convective storm. Insured (30-40 years, Stable family). Incident occurred on May 21, 2024 under standard operational conditions. Police report filed: Yes. Independent witness present: Yes. Total estimated repair and indemnity loss assessed at €3,245.10.",0
CLM-00267,CUST_06557,Auto,1,6,3,3007.45,Hit and Run,Minor,2024-09-20,2024-09-22,2,Yes,Yes,"Parked vehicle side-swiped overnight along suburban roadway; left driver doors and mirror torn off. Perpetrator fled scene. Insured (40-50 years, Couples with teens 'Married with children'). Incident occurred on September 20, 2024 under standard operational conditions. Police report filed: Yes. Independent witness present: Yes. Total estimated repair and indemnity loss assessed at €3,007.45.",0
CLM-00268,CUST_09787,Auto,1,6,5,18393.94,Single-Vehicle Crash,Catastrophic,2024-08-13,2024-08-13,0,Yes,Yes,"High-speed collision with utility pole following brake failure attempt; total front structural destruction. Airbags deployed. Insured (40-50 years, Village families). Incident occurred on August 13, 2024 under standard operational conditions. Police report filed: Yes. Independent witness present: Yes. Total estimated repair and indemnity loss assessed at €18,393.94.",0
CLM-00269,CUST_05867,Auto,1,6,6,10407.41,Hit and Run,Minor,2024-11-06,2025-01-08,63,Yes,No,"Parked vehicle side-swiped overnight along suburban roadway; left driver doors and mirror torn off. Perpetrator fled scene. Insured (30-40 years, Large family, employed child). Incident occurred on November 06, 2024 under standard operational conditions. Police report filed: Yes. Independent witness present: No. Total estimated repair and indemnity loss assessed at €10,407.41.",0
CLM-00270,CUST_01254,Auto,1,6,5,5175.04,Weather/Hail,Moderate,2024-03-12,2024-03-17,5,Yes,No,"Hail storm caused extensive bodywork dimpling and shattered panoramic sunroof during sudden convective storm. Insured (40-50 years, Large religious families). Incident occurred on March 12, 2024 under standard operational conditions. Police report filed: Yes. Independent witness present: No. Total estimated repair and indemnity loss assessed at €5,175.04.",0
CLM-00271,CUST_04506,Auto,2,6,6,6425.91,Rear-End,Moderate,2024-02-29,2024-02-29,0,Yes,Yes,"Rear-ended while stationary at red signal; tailgate, rear lights, and chassis panel crushed. Other driver present and exchanged insurance. Insured (30-40 years, Very Important Provincials). Incident occurred on February 29, 2024 under standard operational conditions. Police report filed: Yes. Independent witness present: Yes. Total estimated repair and indemnity loss assessed at €6,425.91.",0
CLM-00272,CUST_06196,Auto,2,6,3,2981.79,Weather/Hail,Moderate,2024-03-02,2024-03-06,4,Yes,No,"Hail storm caused extensive bodywork dimpling and shattered panoramic sunroof during sudden convective storm. Insured (50-60 years, Couples with teens 'Married with children'). Incident occurred on March 02, 2024 under standard operational conditions. Police report filed: Yes. Independent witness present: No. Total estimated repair and indemnity loss assessed at €2,981.79.",0
CLM-00273,CUST_03479,Auto,1,5,4,6428.43,Weather/Hail,Moderate,2024-05-27,2024-06-03,7,Yes,Yes,"Hail storm caused extensive bodywork dimpling and shattered panoramic sunroof during sudden convective storm. Insured (40-50 years, Mixed small town dwellers). Incident occurred on May 27, 2024 under standard operational conditions. Police report filed: Yes. Independent witness present: Yes. Total estimated repair and indemnity loss assessed at €6,428.43.",0
CLM-00274,CUST_01196,Auto,1,6,7,19301.4,Rollover,Severe,2024-03-30,2024-04-06,7,Yes,Yes,"Single-vehicle rollover on icy highway curve after vehicle skidded on black ice; frame compromised, curtain airbags deployed. Insured (40-50 years, Middle class families). Incident occurred on March 30, 2024 under standard operational conditions. Police report filed: Yes. Independent witness present: Yes. Total estimated repair and indemnity loss assessed at €19,301.40.",0
CLM-00275,CUST_05156,Auto,1,6,4,21758.69,Single-Vehicle Crash,Catastrophic,2024-06-27,2024-06-28,1,Yes,No,"High-speed collision with utility pole following brake failure attempt; total front structural destruction. Airbags deployed. Insured (40-50 years, Mixed rurals). Incident occurred on June 27, 2024 under standard operational conditions. Police report filed: Yes. Independent witness present: No. Total estimated repair and indemnity loss assessed at €21,758.69.",0
CLM-00276,CUST_02543,Auto,1,6,5,32585.78,Single-Vehicle Crash,Catastrophic,2024-11-23,2024-11-25,2,Yes,No,"High-speed collision with utility pole following brake failure attempt; total front structural destruction. Airbags deployed. Insured (40-50 years, Mixed small town dwellers). Incident occurred on November 23, 2024 under standard operational conditions. Police report filed: Yes. Independent witness present: No. Total estimated repair and indemnity loss assessed at €32,585.78.",2
CLM-00277,CUST_01952,Auto,1,6,2,4562.59,Rear-End,Moderate,2024-03-13,2024-03-16,3,Yes,No,"Rear-ended while stationary at red signal; tailgate, rear lights, and chassis panel crushed. Other driver present and exchanged insurance. Insured (40-50 years, Ethnically diverse). Incident occurred on March 13, 2024 under standard operational conditions. Police report filed: Yes. Independent witness present: No. Total estimated repair and indemnity loss assessed at €4,562.59.",1
CLM-00278,CUST_05905,Auto,1,6,5,15638.7,Rollover,Severe,2024-10-10,2024-11-19,40,No,No,"Single-vehicle rollover on icy highway curve after vehicle skidded on black ice; frame compromised, curtain airbags deployed. Insured (40-50 years, Large religious families). Incident occurred on October 10, 2024 under standard operational conditions. Police report filed: No. Independent witness present: No. Total estimated repair and indemnity loss assessed at €15,638.70.",0
CLM-00279,CUST_07757,Auto,1,6,6,5089.72,Weather/Hail,Moderate,2024-07-30,2024-08-05,6,Yes,Yes,"Hail storm caused extensive bodywork dimpling and shattered panoramic sunroof during sudden convective storm. Insured (40-50 years, High status seniors). Incident occurred on July 30, 2024 under standard operational conditions. Police report filed: Yes. Independent witness present: Yes. Total estimated repair and indemnity loss assessed at €5,089.72.",1
CLM-00280,CUST_05112,Auto,1,5,5,25110.15,Single-Vehicle Crash,Catastrophic,2024-02-08,2024-02-15,7,Yes,No,"High-speed collision with utility pole following brake failure attempt; total front structural destruction. Airbags deployed. Insured (30-40 years, Large religious families). Incident occurred on February 08, 2024 under standard operational conditions. Police report filed: Yes. Independent witness present: No. Total estimated repair and indemnity loss assessed at €25,110.15.",0
CLM-00281,CUST_05531,Auto,1,6,3,4434.28,Rear-End,Moderate,2024-10-10,2024-10-12,2,Yes,Yes,"Rear-ended while stationary at red signal; tailgate, rear lights, and chassis panel crushed. Other driver present and exchanged insurance. Insured (40-50 years, Porchless seniors: no front yard). Incident occurred on October 10, 2024 under standard operational conditions. Police report filed: Yes. Independent witness present: Yes. Total estimated repair and indemnity loss assessed at €4,434.28.",0
CLM-00282,CUST_00911,Auto,1,6,3,17860.95,Theft & Stripping,Severe,2024-03-05,2024-03-07,2,Yes,No,"Vehicle stolen from private driveway overnight; recovery team found vehicle stripped of wheels, exhaust, and infotainment unit. Insured (40-50 years, Lower class large families). Incident occurred on March 05, 2024 under standard operational conditions. Police report filed: Yes. Independent witness present: No. Total estimated repair and indemnity loss assessed at €17,860.95.",0
CLM-00283,CUST_05193,Auto,1,6,3,41015.13,Single-Vehicle Crash,Catastrophic,2024-04-26,2024-05-01,5,Yes,No,"High-speed collision with utility pole following brake failure attempt; total front structural destruction. Airbags deployed. Insured (40-50 years, Lower class large families). Incident occurred on April 26, 2024 under standard operational conditions. Police report filed: Yes. Independent witness present: No. Total estimated repair and indemnity loss assessed at €41,015.13.",0
CLM-00284,CUST_04059,Auto,1,6,7,2407.28,Rear-End,Moderate,2024-11-22,2024-11-26,4,Yes,Yes,"Rear-ended while stationary at red signal; tailgate, rear lights, and chassis panel crushed. Other driver present and exchanged insurance. Insured (30-40 years, Affluent young families). Incident occurred on November 22, 2024 under standard operational conditions. Police report filed: Yes. Independent witness present: Yes. Total estimated repair and indemnity loss assessed at €2,407.28.",0
CLM-00285,CUST_08635,Auto,1,6,2,5887.64,Collision,Moderate,2024-09-15,2024-09-17,2,Yes,Yes,"Front-end collision at intersection during heavy rain; significant bumper, radiator and bonnet deformation. Third-party admitted fault. Insured (30-40 years, Mixed apartment dwellers). Incident occurred on September 15, 2024 under standard operational conditions. Police report filed: Yes. Independent witness present: Yes. Total estimated repair and indemnity loss assessed at €5,887.64.",0
CLM-00286,CUST_09750,Auto,1,5,3,778.75,Hit and Run,Minor,2024-10-16,2024-10-16,0,Yes,Yes,"Parked vehicle side-swiped overnight along suburban roadway; left driver doors and mirror torn off. Perpetrator fled scene. Insured (50-60 years, Lower class large families). Incident occurred on October 16, 2024 under standard operational conditions. Police report filed: Yes. Independent witness present: Yes. Total estimated repair and indemnity loss assessed at €778.75.",0
CLM-00287,CUST_09293,Auto,1,6,3,1936.93,Hit and Run,Minor,2024-10-20,2024-10-20,0,Yes,No,"Parked vehicle side-swiped overnight along suburban roadway; left driver doors and mirror torn off. Perpetrator fled scene. Insured (40-50 years, Lower class large families). Incident occurred on October 20, 2024 under standard operational conditions. Police report filed: Yes. Independent witness present: No. Total estimated repair and indemnity loss assessed at €1,936.93.",0
CLM-00288,CUST_08823,Auto,1,6,7,2380.99,Hit and Run,Minor,2024-11-25,2024-11-29,4,Yes,No,"Parked vehicle side-swiped overnight along suburban roadway; left driver doors and mirror torn off. Perpetrator fled scene. Insured (40-50 years, Family starters). Incident occurred on November 25, 2024 under standard operational conditions. Police report filed: Yes. Independent witness present: No. Total estimated repair and indemnity loss assessed at €2,380.99.",0
CLM-00289,CUST_06555,Auto,1,6,3,2196.6,Hit and Run,Minor,2024-08-21,2024-08-22,1,Yes,Yes,"Parked vehicle side-swiped overnight along suburban roadway; left driver doors and mirror torn off. Perpetrator fled scene. Insured (50-60 years, Lower class large families). Incident occurred on August 21, 2024 under standard operational conditions. Police report filed: Yes. Independent witness present: Yes. Total estimated repair and indemnity loss assessed at €2,196.60.",0
CLM-00290,CUST_06723,Auto,1,5,4,14763.8,Rollover,Severe,2024-08-26,2024-08-29,3,Yes,No,"Single-vehicle rollover on icy highway curve after vehicle skidded on black ice; frame compromised, curtain airbags deployed. Insured (40-50 years, Traditional families). Incident occurred on August 26, 2024 under standard operational conditions. Police report filed: Yes. Independent witness present: No. Total estimated repair and indemnity loss assessed at €14,763.80.",0
CLM-00291,CUST_05041,Auto,1,6,1,14205.89,Theft & Stripping,Severe,2024-06-13,2024-06-18,5,Yes,No,"Vehicle stolen from private driveway overnight; recovery team found vehicle stripped of wheels, exhaust, and infotainment unit. Insured (60-70 years, Young seniors in the city). Incident occurred on June 13, 2024 under standard operational conditions. Police report filed: Yes. Independent witness present: No. Total estimated repair and indemnity loss assessed at €14,205.89.",0
CLM-00292,CUST_05933,Auto,1,5,2,4109.8,Weather/Hail,Moderate,2024-10-15,2024-10-16,1,Yes,No,"Hail storm caused extensive bodywork dimpling and shattered panoramic sunroof during sudden convective storm. Insured (30-40 years, Young, low educated). Incident occurred on October 15, 2024 under standard operational conditions. Police report filed: Yes. Independent witness present: No. Total estimated repair and indemnity loss assessed at €4,109.80.",0
CLM-00293,CUST_01976,Auto,1,6,3,1674.38,Hit and Run,Minor,2024-08-19,2024-08-22,3,Yes,Yes,"Parked vehicle side-swiped overnight along suburban roadway; left driver doors and mirror torn off. Perpetrator fled scene. Insured (30-40 years, Young and rising). Incident occurred on August 19, 2024 under standard operational conditions. Police report filed: Yes. Independent witness present: Yes. Total estimated repair and indemnity loss assessed at €1,674.38.",0
CLM-00294,CUST_06402,Auto,0,0,3,15168.33,Theft & Stripping,Severe,2024-05-08,2024-05-10,2,Yes,No,"Vehicle stolen from private driveway overnight; recovery team found vehicle stripped of wheels, exhaust, and infotainment unit. Insured (50-60 years, Couples with teens 'Married with children'). Incident occurred on May 08, 2024 under standard operational conditions. Police report filed: Yes. Independent witness present: No. Total estimated repair and indemnity loss assessed at €15,168.33.",0
CLM-00295,CUST_03057,Auto,1,6,6,16579.47,Theft & Stripping,Severe,2024-03-23,2024-03-30,7,Yes,No,"Vehicle stolen from private driveway overnight; recovery team found vehicle stripped of wheels, exhaust, and infotainment unit. Insured (40-50 years, High status seniors). Incident occurred on March 23, 2024 under standard operational conditions. Police report filed: Yes. Independent witness present: No. Total estimated repair and indemnity loss assessed at €16,579.47.",0
CLM-00296,CUST_04982,Auto,1,6,6,15082.54,Rollover,Severe,2024-01-13,2024-01-14,1,Yes,No,"Single-vehicle rollover on icy highway curve after vehicle skidded on black ice; frame compromised, curtain airbags deployed. Insured (40-50 years, Family starters). Incident occurred on January 13, 2024 under standard operational conditions. Police report filed: Yes. Independent witness present: No. Total estimated repair and indemnity loss assessed at €15,082.54.",0
CLM-00297,CUST_03913,Auto,1,5,5,5449.4,Rear-End,Moderate,2024-10-26,2024-10-31,5,Yes,Yes,"Rear-ended while stationary at red signal; tailgate, rear lights, and chassis panel crushed. Other driver present and exchanged insurance. Insured (40-50 years, Large religious families). Incident occurred on October 26, 2024 under standard operational conditions. Police report filed: Yes. Independent witness present: Yes. Total estimated repair and indemnity loss assessed at €5,449.40.",1
CLM-00298,CUST_07631,Auto,1,6,3,2212.38,Hit and Run,Minor,2024-02-26,2024-03-01,4,Yes,No,"Parked vehicle side-swiped overnight along suburban roadway; left driver doors and mirror torn off. Perpetrator fled scene. Insured (30-40 years, Large family farms). Incident occurred on February 26, 2024 under standard operational conditions. Police report filed: Yes. Independent witness present: No. Total estimated repair and indemnity loss assessed at €2,212.38.",0
CLM-00299,CUST_05863,Auto,1,6,6,4303.43,Collision,Moderate,2024-07-25,2024-07-25,0,Yes,Yes,"Front-end collision at intersection during heavy rain; significant bumper, radiator and bonnet deformation. Third-party admitted fault. Insured (30-40 years, Young all american family). Incident occurred on July 25, 2024 under standard operational conditions. Police report filed: Yes. Independent witness present: Yes. Total estimated repair and indemnity loss assessed at €4,303.43.",0
CLM-00300,CUST_04653,Auto,1,6,3,4083.55,Collision,Moderate,2024-07-17,2024-07-24,7,Yes,No,"Front-end collision at intersection during heavy rain; significant bumper, radiator and bonnet deformation. Third-party admitted fault. Insured (40-50 years, Lower class large families). Incident occurred on July 17, 2024 under standard operational conditions. Police report filed: Yes. Independent witness present: No. Total estimated repair and indemnity loss assessed at €4,083.55.",0
CLM-00301,CUST_01912,Auto,1,5,6,2856.51,Rear-End,Moderate,2024-02-20,2024-02-26,6,Yes,No,"Rear-ended while stationary at red signal; tailgate, rear lights, and chassis panel crushed. Other driver present and exchanged insurance. Insured (50-60 years, High status seniors). Incident occurred on February 20, 2024 under standard operational conditions. Police report filed: Yes. Independent witness present: No. Total estimated repair and indemnity loss assessed at €2,856.51.",0
CLM-00302,CUST_05451,Auto,1,6,5,4207.75,Weather/Hail,Moderate,2024-07-07,2024-07-09,2,Yes,Yes,"Hail storm caused extensive bodywork dimpling and shattered panoramic sunroof during sudden convective storm. Insured (50-60 years, Village families). Incident occurred on July 07, 2024 under standard operational conditions. Police report filed: Yes. Independent witness present: Yes. Total estimated repair and indemnity loss assessed at €4,207.75.",0
CLM-00303,CUST_06479,Auto,1,5,5,5846.21,Weather/Hail,Moderate,2024-01-22,2024-01-22,0,Yes,Yes,"Hail storm caused extensive bodywork dimpling and shattered panoramic sunroof during sudden convective storm. Insured (50-60 years, Large religious families). Incident occurred on January 22, 2024 under standard operational conditions. Police report filed: Yes. Independent witness present: Yes. Total estimated repair and indemnity loss assessed at €5,846.21.",0
CLM-00304,CUST_05353,Auto,1,5,3,17063.56,Theft & Stripping,Severe,2024-08-31,2024-09-07,7,Yes,Yes,"Vehicle stolen from private driveway overnight; recovery team found vehicle stripped of wheels, exhaust, and infotainment unit. Insured (60-70 years, Porchless seniors: no front yard). Incident occurred on August 31, 2024 under standard operational conditions. Police report filed: Yes. Independent witness present: Yes. Total estimated repair and indemnity loss assessed at €17,063.56.",0
CLM-00305,CUST_08348,Auto,1,5,3,4068.65,Rear-End,Moderate,2024-06-17,2024-06-22,5,Yes,Yes,"Rear-ended while stationary at red signal; tailgate, rear lights, and chassis panel crushed. Other driver present and exchanged insurance. Insured (40-50 years, Young and rising). Incident occurred on June 17, 2024 under standard operational conditions. Police report filed: Yes. Independent witness present: Yes. Total estimated repair and indemnity loss assessed at €4,068.65.",0
CLM-00306,CUST_04832,Auto,1,6,3,5156.26,Weather/Hail,Moderate,2024-06-22,2024-06-29,7,Yes,No,"Hail storm caused extensive bodywork dimpling and shattered panoramic sunroof during sudden convective storm. Insured (40-50 years, Lower class large families). Incident occurred on June 22, 2024 under standard operational conditions. Police report filed: Yes. Independent witness present: No. Total estimated repair and indemnity loss assessed at €5,156.26.",0
CLM-00307,CUST_00270,Auto,1,5,4,2716.6,Hit and Run,Minor,2024-06-19,2024-06-20,1,Yes,No,"Parked vehicle side-swiped overnight along suburban roadway; left driver doors and mirror torn off. Perpetrator fled scene. Insured (30-40 years, Modern, complete families). Incident occurred on June 19, 2024 under standard operational conditions. Police report filed: Yes. Independent witness present: No. Total estimated repair and indemnity loss assessed at €2,716.60.",0
CLM-00308,CUST_00431,Auto,1,6,3,4163.8,Weather/Hail,Moderate,2024-08-31,2024-09-04,4,Yes,Yes,"Hail storm caused extensive bodywork dimpling and shattered panoramic sunroof during sudden convective storm. Insured (40-50 years, Lower class large families). Incident occurred on August 31, 2024 under standard operational conditions. Police report filed: Yes. Independent witness present: Yes. Total estimated repair and indemnity loss assessed at €4,163.80.",0
CLM-00309,CUST_09398,Auto,1,6,2,22522.58,Rollover,Severe,2024-03-29,2024-04-04,6,Yes,Yes,"Single-vehicle rollover on icy highway curve after vehicle skidded on black ice; frame compromised, curtain airbags deployed. Insured (40-50 years, Religious elderly singles). Incident occurred on March 29, 2024 under standard operational conditions. Police report filed: Yes. Independent witness present: Yes. Total estimated repair and indemnity loss assessed at €22,522.58.",0
CLM-00310,CUST_03931,Auto,1,5,5,2957.37,Collision,Moderate,2024-10-21,2024-10-22,1,Yes,Yes,"Front-end collision at intersection during heavy rain; significant bumper, radiator and bonnet deformation. Third-party admitted fault. Insured (40-50 years, Large religious families). Incident occurred on October 21, 2024 under standard operational conditions. Police report filed: Yes. Independent witness present: Yes. Total estimated repair and indemnity loss assessed at €2,957.37.",0
CLM-00311,CUST_02519,Auto,0,0,3,13493.91,Rollover,Severe,2024-07-30,2024-08-06,7,Yes,Yes,"Single-vehicle rollover on icy highway curve after vehicle skidded on black ice; frame compromised, curtain airbags deployed. Insured (30-40 years, Lower class large families). Incident occurred on July 30, 2024 under standard operational conditions. Police report filed: Yes. Independent witness present: Yes. Total estimated repair and indemnity loss assessed at €13,493.91.",0
CLM-00312,CUST_09054,Auto,1,5,4,2609.27,Hit and Run,Minor,2024-12-06,2024-12-13,7,Yes,No,"Parked vehicle side-swiped overnight along suburban roadway; left driver doors and mirror torn off. Perpetrator fled scene. Insured (40-50 years, Traditional families). Incident occurred on December 06, 2024 under standard operational conditions. Police report filed: Yes. Independent witness present: No. Total estimated repair and indemnity loss assessed at €2,609.27.",0
CLM-00313,CUST_02798,Auto,1,6,5,24192.5,Rollover,Severe,2024-09-30,2024-10-05,5,Yes,No,"Single-vehicle rollover on icy highway curve after vehicle skidded on black ice; frame compromised, curtain airbags deployed. Insured (40-50 years, Village families). Incident occurred on September 30, 2024 under standard operational conditions. Police report filed: Yes. Independent witness present: No. Total estimated repair and indemnity loss assessed at €24,192.50.",1
CLM-00314,CUST_04271,Auto,1,6,6,6130.91,Weather/Hail,Moderate,2024-09-05,2024-09-08,3,Yes,Yes,"Hail storm caused extensive bodywork dimpling and shattered panoramic sunroof during sudden convective storm. Insured (50-60 years, Large family, employed child). Incident occurred on September 05, 2024 under standard operational conditions. Police report filed: Yes. Independent witness present: Yes. Total estimated repair and indemnity loss assessed at €6,130.91.",0
CLM-00315,CUST_04811,Auto,1,5,4,6058.22,Rear-End,Moderate,2024-06-02,2024-06-06,4,Yes,Yes,"Rear-ended while stationary at red signal; tailgate, rear lights, and chassis panel crushed. Other driver present and exchanged insurance. Insured (40-50 years, Mixed rurals). Incident occurred on June 02, 2024 under standard operational conditions. Police report filed: Yes. Independent witness present: Yes. Total estimated repair and indemnity loss assessed at €6,058.22.",0
CLM-00316,CUST_07919,Auto,1,6,3,2040.6,Hit and Run,Minor,2024-09-03,2024-09-08,5,Yes,No,"Parked vehicle side-swiped overnight along suburban roadway; left driver doors and mirror torn off. Perpetrator fled scene. Insured (50-60 years, Lower class large families). Incident occurred on September 03, 2024 under standard operational conditions. Police report filed: Yes. Independent witness present: No. Total estimated repair and indemnity loss assessed at €2,040.60.",0
CLM-00317,CUST_09242,Auto,1,5,5,33114.65,Single-Vehicle Crash,Catastrophic,2024-10-06,2024-10-12,6,Yes,No,"High-speed collision with utility pole following brake failure attempt; total front structural destruction. Airbags deployed. Insured (40-50 years, Large religious families). Incident occurred on October 06, 2024 under standard operational conditions. Police report filed: Yes. Independent witness present: No. Total estimated repair and indemnity loss assessed at €33,114.65.",0
CLM-00318,CUST_02367,Auto,2,6,6,1841.84,Hit and Run,Minor,2024-01-23,2024-01-27,4,Yes,Yes,"Parked vehicle side-swiped overnight along suburban roadway; left driver doors and mirror torn off. Perpetrator fled scene. Insured (30-40 years, Large family, employed child). Incident occurred on January 23, 2024 under standard operational conditions. Police report filed: Yes. Independent witness present: Yes. Total estimated repair and indemnity loss assessed at €1,841.84.",0
CLM-00319,CUST_07176,Auto,1,6,3,31551.25,Single-Vehicle Crash,Catastrophic,2024-05-12,2024-05-19,7,Yes,Yes,"High-speed collision with utility pole following brake failure attempt; total front structural destruction. Airbags deployed. Insured (40-50 years, Mixed seniors). Incident occurred on May 12, 2024 under standard operational conditions. Police report filed: Yes. Independent witness present: Yes. Total estimated repair and indemnity loss assessed at €31,551.25.",0
CLM-00320,CUST_08715,Auto,1,6,2,1949.91,Hit and Run,Minor,2024-10-15,2024-10-19,4,Yes,Yes,"Parked vehicle side-swiped overnight along suburban roadway; left driver doors and mirror torn off. Perpetrator fled scene. Insured (40-50 years, Young, low educated). Incident occurred on October 15, 2024 under standard operational conditions. Police report filed: Yes. Independent witness present: Yes. Total estimated repair and indemnity loss assessed at €1,949.91.",0
CLM-00321,CUST_03889,Auto,1,6,6,25629.26,Rear-End,Moderate,2024-04-26,2024-04-26,0,Yes,Yes,"Rear-ended while stationary at red signal; tailgate, rear lights, and chassis panel crushed. Other driver present and exchanged insurance. Insured (50-60 years, Affluent senior apartments). Incident occurred on April 26, 2024 under standard operational conditions. Police report filed: Yes. Independent witness present: Yes. Total estimated repair and indemnity loss assessed at €25,629.26.",0
CLM-00322,CUST_07658,Auto,1,5,6,3914.19,Collision,Moderate,2024-12-15,2024-12-17,2,Yes,Yes,"Front-end collision at intersection during heavy rain; significant bumper, radiator and bonnet deformation. Third-party admitted fault. Insured (40-50 years, High status seniors). Incident occurred on December 15, 2024 under standard operational conditions. Police report filed: Yes. Independent witness present: Yes. Total estimated repair and indemnity loss assessed at €3,914.19.",0
CLM-00323,CUST_02548,Auto,1,6,3,14330.68,Rollover,Severe,2024-12-01,2024-12-08,7,Yes,No,"Single-vehicle rollover on icy highway curve after vehicle skidded on black ice; frame compromised, curtain airbags deployed. Insured (40-50 years, Porchless seniors: no front yard). Incident occurred on December 01, 2024 under standard operational conditions. Police report filed: Yes. Independent witness present: No. Total estimated repair and indemnity loss assessed at €14,330.68.",0
CLM-00324,CUST_04633,Auto,1,6,3,3283.43,Hit and Run,Minor,2024-05-27,2024-05-27,0,Yes,Yes,"Parked vehicle side-swiped overnight along suburban roadway; left driver doors and mirror torn off. Perpetrator fled scene. Insured (30-40 years, Lower class large families). Incident occurred on May 27, 2024 under standard operational conditions. Police report filed: Yes. Independent witness present: Yes. Total estimated repair and indemnity loss assessed at €3,283.43.",0
CLM-00325,CUST_03765,Auto,1,6,3,3583.58,Weather/Hail,Moderate,2024-01-21,2024-01-23,2,Yes,No,"Hail storm caused extensive bodywork dimpling and shattered panoramic sunroof during sudden convective storm. Insured (40-50 years, Couples with teens 'Married with children'). Incident occurred on January 21, 2024 under standard operational conditions. Police report filed: Yes. Independent witness present: No. Total estimated repair and indemnity loss assessed at €3,583.58.",0
CLM-00326,CUST_02841,Auto,1,6,6,1870.97,Collision,Moderate,2024-07-23,2024-07-30,7,Yes,Yes,"Front-end collision at intersection during heavy rain; significant bumper, radiator and bonnet deformation. Third-party admitted fault. Insured (30-40 years, Young all american family). Incident occurred on July 23, 2024 under standard operational conditions. Police report filed: Yes. Independent witness present: Yes. Total estimated repair and indemnity loss assessed at €1,870.97.",0
CLM-00327,CUST_04664,Auto,1,6,7,4717.73,Collision,Moderate,2024-01-06,2024-01-10,4,Yes,Yes,"Front-end collision at intersection during heavy rain; significant bumper, radiator and bonnet deformation. Third-party admitted fault. Insured (30-40 years, Young all american family). Incident occurred on January 06, 2024 under standard operational conditions. Police report filed: Yes. Independent witness present: Yes. Total estimated repair and indemnity loss assessed at €4,717.73.",0
CLM-00328,CUST_05382,Auto,1,5,2,2425.0,Hit and Run,Minor,2024-08-21,2024-08-28,7,Yes,Yes,"Parked vehicle side-swiped overnight along suburban roadway; left driver doors and mirror torn off. Perpetrator fled scene. Insured (30-40 years, Mixed apartment dwellers). Incident occurred on August 21, 2024 under standard operational conditions. Police report filed: Yes. Independent witness present: Yes. Total estimated repair and indemnity loss assessed at €2,425.00.",1
CLM-00329,CUST_07591,Auto,1,6,1,2402.47,Hit and Run,Minor,2024-04-09,2024-04-10,1,Yes,No,"Parked vehicle side-swiped overnight along suburban roadway; left driver doors and mirror torn off. Perpetrator fled scene. Insured (40-50 years, Mixed seniors). Incident occurred on April 09, 2024 under standard operational conditions. Police report filed: Yes. Independent witness present: No. Total estimated repair and indemnity loss assessed at €2,402.47.",0
CLM-00330,CUST_07459,Auto,1,6,6,33832.59,Single-Vehicle Crash,Catastrophic,2024-05-12,2024-05-14,2,Yes,Yes,"High-speed collision with utility pole following brake failure attempt; total front structural destruction. Airbags deployed. Insured (30-40 years, Large family, employed child). Incident occurred on May 12, 2024 under standard operational conditions. Police report filed: Yes. Independent witness present: Yes. Total estimated repair and indemnity loss assessed at €33,832.59.",0
CLM-00331,CUST_04752,Auto,1,5,3,4782.85,Weather/Hail,Moderate,2024-12-12,2024-12-15,3,Yes,Yes,"Hail storm caused extensive bodywork dimpling and shattered panoramic sunroof during sudden convective storm. Insured (30-40 years, Young and rising). Incident occurred on December 12, 2024 under standard operational conditions. Police report filed: Yes. Independent witness present: Yes. Total estimated repair and indemnity loss assessed at €4,782.85.",1
CLM-00332,CUST_06547,Auto,1,5,5,10731.53,Theft & Stripping,Severe,2024-08-07,2024-08-12,5,Yes,Yes,"Vehicle stolen from private driveway overnight; recovery team found vehicle stripped of wheels, exhaust, and infotainment unit. Insured (50-60 years, Village families). Incident occurred on August 07, 2024 under standard operational conditions. Police report filed: Yes. Independent witness present: Yes. Total estimated repair and indemnity loss assessed at €10,731.53.",0
CLM-00333,CUST_01550,Auto,1,5,5,4213.71,Rear-End,Moderate,2024-03-13,2024-03-20,7,Yes,No,"Rear-ended while stationary at red signal; tailgate, rear lights, and chassis panel crushed. Other driver present and exchanged insurance. Insured (30-40 years, Mixed small town dwellers). Incident occurred on March 13, 2024 under standard operational conditions. Police report filed: Yes. Independent witness present: No. Total estimated repair and indemnity loss assessed at €4,213.71.",1
CLM-00334,CUST_00113,Auto,1,6,3,1621.7,Hit and Run,Minor,2024-07-16,2024-07-19,3,Yes,No,"Parked vehicle side-swiped overnight along suburban roadway; left driver doors and mirror torn off. Perpetrator fled scene. Insured (40-50 years, Lower class large families). Incident occurred on July 16, 2024 under standard operational conditions. Police report filed: Yes. Independent witness present: No. Total estimated repair and indemnity loss assessed at €1,621.70.",0
CLM-00335,CUST_05303,Auto,1,6,4,2613.07,Hit and Run,Minor,2024-10-26,2024-10-26,0,Yes,No,"Parked vehicle side-swiped overnight along suburban roadway; left driver doors and mirror torn off. Perpetrator fled scene. Insured (40-50 years, Modern, complete families). Incident occurred on October 26, 2024 under standard operational conditions. Police report filed: Yes. Independent witness present: No. Total estimated repair and indemnity loss assessed at €2,613.07.",0
CLM-00336,CUST_03835,Auto,1,6,8,3151.53,Collision,Moderate,2024-12-08,2024-12-09,1,Yes,No,"Front-end collision at intersection during heavy rain; significant bumper, radiator and bonnet deformation. Third-party admitted fault. Insured (30-40 years, Career and childcare). Incident occurred on December 08, 2024 under standard operational conditions. Police report filed: Yes. Independent witness present: No. Total estimated repair and indemnity loss assessed at €3,151.53.",0
CLM-00337,CUST_06547,Auto,1,5,5,21808.77,Single-Vehicle Crash,Catastrophic,2024-09-15,2024-09-19,4,Yes,Yes,"High-speed collision with utility pole following brake failure attempt; total front structural destruction. Airbags deployed. Insured (50-60 years, Village families). Incident occurred on September 15, 2024 under standard operational conditions. Police report filed: Yes. Independent witness present: Yes. Total estimated repair and indemnity loss assessed at €21,808.77.",1
CLM-00338,CUST_04752,Auto,1,5,3,1757.17,Hit and Run,Minor,2024-11-11,2024-11-14,3,Yes,Yes,"Parked vehicle side-swiped overnight along suburban roadway; left driver doors and mirror torn off. Perpetrator fled scene. Insured (30-40 years, Young and rising). Incident occurred on November 11, 2024 under standard operational conditions. Police report filed: Yes. Independent witness present: Yes. Total estimated repair and indemnity loss assessed at €1,757.17.",0
CLM-00339,CUST_07753,Auto,1,6,8,4883.4,Rear-End,Moderate,2024-08-21,2024-08-26,5,Yes,No,"Rear-ended while stationary at red signal; tailgate, rear lights, and chassis panel crushed. Other driver present and exchanged insurance. Insured (50-60 years, High Income, expensive child). Incident occurred on August 21, 2024 under standard operational conditions. Police report filed: Yes. Independent witness present: No. Total estimated repair and indemnity loss assessed at €4,883.40.",0
CLM-00340,CUST_07641,Auto,1,6,5,12712.36,Theft & Stripping,Severe,2024-10-03,2024-10-06,3,Yes,Yes,"Vehicle stolen from private driveway overnight; recovery team found vehicle stripped of wheels, exhaust, and infotainment unit. Insured (30-40 years, Large religious families). Incident occurred on October 03, 2024 under standard operational conditions. Police report filed: Yes. Independent witness present: Yes. Total estimated repair and indemnity loss assessed at €12,712.36.",1
CLM-00341,CUST_09614,Auto,1,6,3,11626.67,Theft & Stripping,Severe,2024-02-12,2024-02-19,7,Yes,No,"Vehicle stolen from private driveway overnight; recovery team found vehicle stripped of wheels, exhaust, and infotainment unit. Insured (60-70 years, Mixed seniors). Incident occurred on February 12, 2024 under standard operational conditions. Police report filed: Yes. Independent witness present: No. Total estimated repair and indemnity loss assessed at €11,626.67.",0
CLM-00342,CUST_01008,Auto,1,5,3,15523.49,Theft & Stripping,Severe,2024-09-16,2024-11-24,69,No,No,"Vehicle stolen from private driveway overnight; recovery team found vehicle stripped of wheels, exhaust, and infotainment unit. Insured (40-50 years, Lower class large families). Incident occurred on September 16, 2024 under standard operational conditions. Police report filed: No. Independent witness present: No. Total estimated repair and indemnity loss assessed at €15,523.49.",2
CLM-00343,CUST_07172,Auto,1,6,3,3621.96,Collision,Moderate,2024-12-15,2024-12-18,3,Yes,No,"Front-end collision at intersection during heavy rain; significant bumper, radiator and bonnet deformation. Third-party admitted fault. Insured (40-50 years, Lower class large families). Incident occurred on December 15, 2024 under standard operational conditions. Police report filed: Yes. Independent witness present: No. Total estimated repair and indemnity loss assessed at €3,621.96.",1
CLM-00344,CUST_00918,Auto,1,6,3,90847.72,Rollover,Severe,2024-10-16,2024-12-19,64,Yes,No,"Single-vehicle rollover on icy highway curve after vehicle skidded on black ice; frame compromised, curtain airbags deployed. Insured (50-60 years, Couples with teens 'Married with children'). Incident occurred on October 16, 2024 under standard operational conditions. Police report filed: Yes. Independent witness present: No. Total estimated repair and indemnity loss assessed at €90,847.72.",0
CLM-00345,CUST_00048,Auto,1,5,4,24467.21,Single-Vehicle Crash,Catastrophic,2024-04-22,2024-04-23,1,Yes,Yes,"High-speed collision with utility pole following brake failure attempt; total front structural destruction. Airbags deployed. Insured (30-40 years, Traditional families). Incident occurred on April 22, 2024 under standard operational conditions. Police report filed: Yes. Independent witness present: Yes. Total estimated repair and indemnity loss assessed at €24,467.21.",0
CLM-00346,CUST_01035,Auto,1,6,3,5316.87,Weather/Hail,Moderate,2024-02-01,2024-02-02,1,Yes,No,"Hail storm caused extensive bodywork dimpling and shattered panoramic sunroof during sudden convective storm. Insured (50-60 years, Lower class large families). Incident occurred on February 01, 2024 under standard operational conditions. Police report filed: Yes. Independent witness present: No. Total estimated repair and indemnity loss assessed at €5,316.87.",0
CLM-00347,CUST_02168,Auto,1,6,3,8998.05,Theft & Stripping,Severe,2024-11-27,2024-12-02,5,Yes,No,"Vehicle stolen from private driveway overnight; recovery team found vehicle stripped of wheels, exhaust, and infotainment unit. Insured (50-60 years, Porchless seniors: no front yard). Incident occurred on November 27, 2024 under standard operational conditions. Police report filed: Yes. Independent witness present: No. Total estimated repair and indemnity loss assessed at €8,998.05.",0
CLM-00348,CUST_06042,Auto,1,5,4,10055.22,Rollover,Severe,2024-02-12,2024-02-14,2,Yes,No,"Single-vehicle rollover on icy highway curve after vehicle skidded on black ice; frame compromised, curtain airbags deployed. Insured (50-60 years, Traditional families). Incident occurred on February 12, 2024 under standard operational conditions. Police report filed: Yes. Independent witness present: No. Total estimated repair and indemnity loss assessed at €10,055.22.",0
CLM-00349,CUST_06323,Auto,1,6,6,31899.45,Weather/Hail,Moderate,2024-01-03,2024-01-07,4,Yes,No,"Hail storm caused extensive bodywork dimpling and shattered panoramic sunroof during sudden convective storm. Insured (50-60 years, Family starters). Incident occurred on January 03, 2024 under standard operational conditions. Police report filed: Yes. Independent witness present: No. Total estimated repair and indemnity loss assessed at €31,899.45.",0
CLM-00350,CUST_08810,Auto,1,6,5,17959.32,Rollover,Severe,2024-09-30,2024-10-06,6,Yes,Yes,"Single-vehicle rollover on icy highway curve after vehicle skidded on black ice; frame compromised, curtain airbags deployed. Insured (40-50 years, Large religious families). Incident occurred on September 30, 2024 under standard operational conditions. Police report filed: Yes. Independent witness present: Yes. Total estimated repair and indemnity loss assessed at €17,959.32.",1
CLM-00351,CUST_05552,Auto,1,6,3,4730.36,Rear-End,Moderate,2024-05-22,2024-05-25,3,Yes,Yes,"Rear-ended while stationary at red signal; tailgate, rear lights, and chassis panel crushed. Other driver present and exchanged insurance. Insured (50-60 years, Lower class large families). Incident occurred on May 22, 2024 under standard operational conditions. Police report filed: Yes. Independent witness present: Yes. Total estimated repair and indemnity loss assessed at €4,730.36.",0
CLM-00352,CUST_00254,Auto,2,6,4,17804.06,Rear-End,Moderate,2024-01-19,2024-01-19,0,Yes,Yes,"Rear-ended while stationary at red signal; tailgate, rear lights, and chassis panel crushed. Other driver present and exchanged insurance. Insured (30-40 years, Traditional families). Incident occurred on January 19, 2024 under standard operational conditions. Police report filed: Yes. Independent witness present: Yes. Total estimated repair and indemnity loss assessed at €17,804.06.",0
CLM-00353,CUST_06493,Auto,1,6,4,24385.96,Rollover,Severe,2024-04-30,2024-05-03,3,Yes,Yes,"Single-vehicle rollover on icy highway curve after vehicle skidded on black ice; frame compromised, curtain airbags deployed. Insured (40-50 years, Modern, complete families). Incident occurred on April 30, 2024 under standard operational conditions. Police report filed: Yes. Independent witness present: Yes. Total estimated repair and indemnity loss assessed at €24,385.96.",0
CLM-00354,CUST_04660,Auto,1,6,5,4024.09,Rear-End,Moderate,2024-10-22,2024-10-27,5,Yes,No,"Rear-ended while stationary at red signal; tailgate, rear lights, and chassis panel crushed. Other driver present and exchanged insurance. Insured (30-40 years, Large religious families). Incident occurred on October 22, 2024 under standard operational conditions. Police report filed: Yes. Independent witness present: No. Total estimated repair and indemnity loss assessed at €4,024.09.",0
CLM-00355,CUST_02315,Auto,1,6,7,28977.38,Single-Vehicle Crash,Catastrophic,2024-09-24,2024-09-27,3,Yes,No,"High-speed collision with utility pole following brake failure attempt; total front structural destruction. Airbags deployed. Insured (40-50 years, Middle class families). Incident occurred on September 24, 2024 under standard operational conditions. Police report filed: Yes. Independent witness present: No. Total estimated repair and indemnity loss assessed at €28,977.38.",0
CLM-00356,CUST_00999,Auto,1,6,6,3588.46,Weather/Hail,Moderate,2024-10-30,2024-11-01,2,Yes,No,"Hail storm caused extensive bodywork dimpling and shattered panoramic sunroof during sudden convective storm. Insured (50-60 years, High status seniors). Incident occurred on October 30, 2024 under standard operational conditions. Police report filed: Yes. Independent witness present: No. Total estimated repair and indemnity loss assessed at €3,588.46.",0
CLM-00357,CUST_00771,Auto,1,6,3,2016.89,Hit and Run,Minor,2024-11-26,2024-12-02,6,Yes,No,"Parked vehicle side-swiped overnight along suburban roadway; left driver doors and mirror torn off. Perpetrator fled scene. Insured (40-50 years, Lower class large families). Incident occurred on November 26, 2024 under standard operational conditions. Police report filed: Yes. Independent witness present: No. Total estimated repair and indemnity loss assessed at €2,016.89.",0
CLM-00358,CUST_06594,Auto,1,6,4,3831.01,Rear-End,Moderate,2024-06-03,2024-06-09,6,Yes,Yes,"Rear-ended while stationary at red signal; tailgate, rear lights, and chassis panel crushed. Other driver present and exchanged insurance. Insured (40-50 years, Mixed small town dwellers). Incident occurred on June 03, 2024 under standard operational conditions. Police report filed: Yes. Independent witness present: Yes. Total estimated repair and indemnity loss assessed at €3,831.01.",0
CLM-00359,CUST_07679,Auto,1,6,8,4748.08,Rear-End,Moderate,2024-04-26,2024-04-30,4,Yes,Yes,"Rear-ended while stationary at red signal; tailgate, rear lights, and chassis panel crushed. Other driver present and exchanged insurance. Insured (40-50 years, High Income, expensive child). Incident occurred on April 26, 2024 under standard operational conditions. Police report filed: Yes. Independent witness present: Yes. Total estimated repair and indemnity loss assessed at €4,748.08.",0
CLM-00360,CUST_00943,Auto,1,6,5,3833.88,Weather/Hail,Moderate,2024-07-31,2024-08-06,6,Yes,Yes,"Hail storm caused extensive bodywork dimpling and shattered panoramic sunroof during sudden convective storm. Insured (40-50 years, Large religious families). Incident occurred on July 31, 2024 under standard operational conditions. Police report filed: Yes. Independent witness present: Yes. Total estimated repair and indemnity loss assessed at €3,833.88.",0
CLM-00361,CUST_04135,Auto,1,6,8,5043.02,Rear-End,Moderate,2024-06-19,2024-06-20,1,Yes,No,"Rear-ended while stationary at red signal; tailgate, rear lights, and chassis panel crushed. Other driver present and exchanged insurance. Insured (40-50 years, Career and childcare). Incident occurred on June 19, 2024 under standard operational conditions. Police report filed: Yes. Independent witness present: No. Total estimated repair and indemnity loss assessed at €5,043.02.",1
CLM-00362,CUST_01500,Auto,1,6,7,7137.83,Weather/Hail,Moderate,2024-04-08,2024-04-08,0,Yes,No,"Hail storm caused extensive bodywork dimpling and shattered panoramic sunroof during sudden convective storm. Insured (40-50 years, Middle class families). Incident occurred on April 08, 2024 under standard operational conditions. Police report filed: Yes. Independent witness present: No. Total estimated repair and indemnity loss assessed at €7,137.83.",0
CLM-00363,CUST_09744,Auto,1,6,8,4839.74,Weather/Hail,Moderate,2024-01-22,2024-01-23,1,Yes,Yes,"Hail storm caused extensive bodywork dimpling and shattered panoramic sunroof during sudden convective storm. Insured (40-50 years, High Income, expensive child). Incident occurred on January 22, 2024 under standard operational conditions. Police report filed: Yes. Independent witness present: Yes. Total estimated repair and indemnity loss assessed at €4,839.74.",0
CLM-00364,CUST_09458,Auto,2,6,6,32132.84,Single-Vehicle Crash,Catastrophic,2024-12-10,2024-12-13,3,Yes,No,"High-speed collision with utility pole following brake failure attempt; total front structural destruction. Airbags deployed. Insured (30-40 years, Family starters). Incident occurred on December 10, 2024 under standard operational conditions. Police report filed: Yes. Independent witness present: No. Total estimated repair and indemnity loss assessed at €32,132.84.",0
CLM-00365,CUST_05350,Auto,1,6,8,2442.09,Hit and Run,Minor,2024-01-09,2024-01-12,3,Yes,Yes,"Parked vehicle side-swiped overnight along suburban roadway; left driver doors and mirror torn off. Perpetrator fled scene. Insured (30-40 years, Stable family). Incident occurred on January 09, 2024 under standard operational conditions. Police report filed: Yes. Independent witness present: Yes. Total estimated repair and indemnity loss assessed at €2,442.09.",0
CLM-00366,CUST_01890,Auto,1,6,2,26110.85,Single-Vehicle Crash,Catastrophic,2024-09-03,2024-09-06,3,Yes,Yes,"High-speed collision with utility pole following brake failure attempt; total front structural destruction. Airbags deployed. Insured (30-40 years, Mixed apartment dwellers). Incident occurred on September 03, 2024 under standard operational conditions. Police report filed: Yes. Independent witness present: Yes. Total estimated repair and indemnity loss assessed at €26,110.85.",0
CLM-00367,CUST_03889,Auto,1,6,6,5305.73,Weather/Hail,Moderate,2024-06-14,2024-06-18,4,Yes,No,"Hail storm caused extensive bodywork dimpling and shattered panoramic sunroof during sudden convective storm. Insured (50-60 years, Affluent senior apartments). Incident occurred on June 14, 2024 under standard operational conditions. Police report filed: Yes. Independent witness present: No. Total estimated repair and indemnity loss assessed at €5,305.73.",1
CLM-00368,CUST_05749,Auto,1,6,3,2035.56,Hit and Run,Minor,2024-05-14,2024-05-19,5,Yes,No,"Parked vehicle side-swiped overnight along suburban roadway; left driver doors and mirror torn off. Perpetrator fled scene. Insured (30-40 years, Lower class large families). Incident occurred on May 14, 2024 under standard operational conditions. Police report filed: Yes. Independent witness present: No. Total estimated repair and indemnity loss assessed at €2,035.56.",0
CLM-00369,CUST_07609,Auto,1,6,6,15490.24,Theft & Stripping,Severe,2024-06-13,2024-06-16,3,Yes,No,"Vehicle stolen from private driveway overnight; recovery team found vehicle stripped of wheels, exhaust, and infotainment unit. Insured (60-70 years, Family starters). Incident occurred on June 13, 2024 under standard operational conditions. Police report filed: Yes. Independent witness present: No. Total estimated repair and indemnity loss assessed at €15,490.24.",0
CLM-00370,CUST_00747,Auto,1,6,6,3909.79,Weather/Hail,Moderate,2024-04-24,2024-04-26,2,Yes,Yes,"Hail storm caused extensive bodywork dimpling and shattered panoramic sunroof during sudden convective storm. Insured (40-50 years, Large family, employed child). Incident occurred on April 24, 2024 under standard operational conditions. Police report filed: Yes. Independent witness present: Yes. Total estimated repair and indemnity loss assessed at €3,909.79.",0
CLM-00371,CUST_09406,Auto,1,6,6,5026.31,Weather/Hail,Moderate,2024-08-02,2024-08-06,4,Yes,Yes,"Hail storm caused extensive bodywork dimpling and shattered panoramic sunroof during sudden convective storm. Insured (50-60 years, Family starters). Incident occurred on August 02, 2024 under standard operational conditions. Police report filed: Yes. Independent witness present: Yes. Total estimated repair and indemnity loss assessed at €5,026.31.",1
CLM-00372,CUST_03734,Auto,1,5,4,21487.99,Rollover,Severe,2024-10-19,2024-10-22,3,Yes,No,"Single-vehicle rollover on icy highway curve after vehicle skidded on black ice; frame compromised, curtain airbags deployed. Insured (30-40 years, Traditional families). Incident occurred on October 19, 2024 under standard operational conditions. Police report filed: Yes. Independent witness present: No. Total estimated repair and indemnity loss assessed at €21,487.99.",0
CLM-00373,CUST_05430,Auto,1,6,3,2898.69,Hit and Run,Minor,2024-09-08,2024-09-15,7,Yes,No,"Parked vehicle side-swiped overnight along suburban roadway; left driver doors and mirror torn off. Perpetrator fled scene. Insured (40-50 years, Lower class large families). Incident occurred on September 08, 2024 under standard operational conditions. Police report filed: Yes. Independent witness present: No. Total estimated repair and indemnity loss assessed at €2,898.69.",0
CLM-00374,CUST_05655,Auto,1,6,5,5702.91,Rear-End,Moderate,2024-03-13,2024-03-20,7,Yes,Yes,"Rear-ended while stationary at red signal; tailgate, rear lights, and chassis panel crushed. Other driver present and exchanged insurance. Insured (50-60 years, Fresh masters in the city). Incident occurred on March 13, 2024 under standard operational conditions. Police report filed: Yes. Independent witness present: Yes. Total estimated repair and indemnity loss assessed at €5,702.91.",0
CLM-00375,CUST_08765,Auto,1,6,3,45268.87,Single-Vehicle Crash,Catastrophic,2024-02-01,2024-02-01,0,Yes,Yes,"High-speed collision with utility pole following brake failure attempt; total front structural destruction. Airbags deployed. Insured (40-50 years, Couples with teens 'Married with children'). Incident occurred on February 01, 2024 under standard operational conditions. Police report filed: Yes. Independent witness present: Yes. Total estimated repair and indemnity loss assessed at €45,268.87.",0
CLM-00376,CUST_00789,Auto,1,6,6,11857.14,Theft & Stripping,Severe,2024-01-05,2024-01-11,6,Yes,Yes,"Vehicle stolen from private driveway overnight; recovery team found vehicle stripped of wheels, exhaust, and infotainment unit. Insured (50-60 years, Affluent senior apartments). Incident occurred on January 05, 2024 under standard operational conditions. Police report filed: Yes. Independent witness present: Yes. Total estimated repair and indemnity loss assessed at €11,857.14.",0
CLM-00377,CUST_03756,Auto,1,6,8,4374.78,Collision,Moderate,2024-03-19,2024-03-19,0,Yes,Yes,"Front-end collision at intersection during heavy rain; significant bumper, radiator and bonnet deformation. Third-party admitted fault. Insured (40-50 years, Stable family). Incident occurred on March 19, 2024 under standard operational conditions. Police report filed: Yes. Independent witness present: Yes. Total estimated repair and indemnity loss assessed at €4,374.78.",0
CLM-00378,CUST_05984,Auto,1,6,1,3548.01,Collision,Moderate,2024-11-13,2024-11-20,7,Yes,No,"Front-end collision at intersection during heavy rain; significant bumper, radiator and bonnet deformation. Third-party admitted fault. Insured (30-40 years, Low income catholics). Incident occurred on November 13, 2024 under standard operational conditions. Police report filed: Yes. Independent witness present: No. Total estimated repair and indemnity loss assessed at €3,548.01.",0
CLM-00379,CUST_06651,Auto,2,6,7,20760.81,Collision,Moderate,2024-10-02,2024-10-02,0,Yes,No,"Front-end collision at intersection during heavy rain; significant bumper, radiator and bonnet deformation. Third-party admitted fault. Insured (30-40 years, Affluent young families). Incident occurred on October 02, 2024 under standard operational conditions. Police report filed: Yes. Independent witness present: No. Total estimated repair and indemnity loss assessed at €20,760.81.",1
CLM-00380,CUST_02895,Auto,1,6,2,2358.04,Collision,Moderate,2024-02-20,2024-02-22,2,Yes,Yes,"Front-end collision at intersection during heavy rain; significant bumper, radiator and bonnet deformation. Third-party admitted fault. Insured (30-40 years, Mixed apartment dwellers). Incident occurred on February 20, 2024 under standard operational conditions. Police report filed: Yes. Independent witness present: Yes. Total estimated repair and indemnity loss assessed at €2,358.04.",0
CLM-00381,CUST_08515,Auto,1,6,3,1524.17,Hit and Run,Minor,2024-07-01,2024-07-05,4,Yes,No,"Parked vehicle side-swiped overnight along suburban roadway; left driver doors and mirror torn off. Perpetrator fled scene. Insured (50-60 years, Lower class large families). Incident occurred on July 01, 2024 under standard operational conditions. Police report filed: Yes. Independent witness present: No. Total estimated repair and indemnity loss assessed at €1,524.17.",0
CLM-00382,CUST_07460,Auto,1,6,3,27679.35,Weather/Hail,Moderate,2024-06-03,2024-06-04,1,Yes,Yes,"Hail storm caused extensive bodywork dimpling and shattered panoramic sunroof during sudden convective storm. Insured (40-50 years, Lower class large families). Incident occurred on June 03, 2024 under standard operational conditions. Police report filed: Yes. Independent witness present: Yes. Total estimated repair and indemnity loss assessed at €27,679.35.",0
CLM-00383,CUST_08934,Auto,1,6,6,78017.86,Rollover,Severe,2024-03-29,2024-05-30,62,Yes,No,"Single-vehicle rollover on icy highway curve after vehicle skidded on black ice; frame compromised, curtain airbags deployed. Insured (40-50 years, Large family, employed child). Incident occurred on March 29, 2024 under standard operational conditions. Police report filed: Yes. Independent witness present: No. Total estimated repair and indemnity loss assessed at €78,017.86.",0
CLM-00384,CUST_01550,Auto,1,5,5,4063.94,Weather/Hail,Moderate,2024-01-23,2024-01-26,3,Yes,Yes,"Hail storm caused extensive bodywork dimpling and shattered panoramic sunroof during sudden convective storm. Insured (30-40 years, Mixed small town dwellers). Incident occurred on January 23, 2024 under standard operational conditions. Police report filed: Yes. Independent witness present: Yes. Total estimated repair and indemnity loss assessed at €4,063.94.",0
CLM-00385,CUST_09157,Auto,1,5,7,13945.2,Rollover,Severe,2024-05-19,2024-05-19,0,Yes,Yes,"Single-vehicle rollover on icy highway curve after vehicle skidded on black ice; frame compromised, curtain airbags deployed. Insured (30-40 years, Affluent young families). Incident occurred on May 19, 2024 under standard operational conditions. Police report filed: Yes. Independent witness present: Yes. Total estimated repair and indemnity loss assessed at €13,945.20.",0
CLM-00386,CUST_04533,Auto,1,6,3,5202.55,Weather/Hail,Moderate,2024-10-16,2024-10-16,0,Yes,Yes,"Hail storm caused extensive bodywork dimpling and shattered panoramic sunroof during sudden convective storm. Insured (40-50 years, Lower class large families). Incident occurred on October 16, 2024 under standard operational conditions. Police report filed: Yes. Independent witness present: Yes. Total estimated repair and indemnity loss assessed at €5,202.55.",1
CLM-00387,CUST_05074,Auto,1,6,4,3738.11,Collision,Moderate,2024-04-17,2024-04-19,2,Yes,No,"Front-end collision at intersection during heavy rain; significant bumper, radiator and bonnet deformation. Third-party admitted fault. Insured (40-50 years, Mixed rurals). Incident occurred on April 17, 2024 under standard operational conditions. Police report filed: Yes. Independent witness present: No. Total estimated repair and indemnity loss assessed at €3,738.11.",1
CLM-00388,CUST_04832,Auto,1,6,3,7078.26,Rear-End,Moderate,2024-10-16,2024-10-19,3,Yes,No,"Rear-ended while stationary at red signal; tailgate, rear lights, and chassis panel crushed. Other driver present and exchanged insurance. Insured (40-50 years, Lower class large families). Incident occurred on October 16, 2024 under standard operational conditions. Police report filed: Yes. Independent witness present: No. Total estimated repair and indemnity loss assessed at €7,078.26.",2
CLM-00389,CUST_08739,Auto,1,6,2,2598.25,Hit and Run,Minor,2024-07-16,2024-07-18,2,Yes,Yes,"Parked vehicle side-swiped overnight along suburban roadway; left driver doors and mirror torn off. Perpetrator fled scene. Insured (30-40 years, Mixed apartment dwellers). Incident occurred on July 16, 2024 under standard operational conditions. Police report filed: Yes. Independent witness present: Yes. Total estimated repair and indemnity loss assessed at €2,598.25.",0
CLM-00390,CUST_05548,Auto,1,6,3,2635.72,Collision,Moderate,2024-02-21,2024-02-27,6,Yes,Yes,"Front-end collision at intersection during heavy rain; significant bumper, radiator and bonnet deformation. Third-party admitted fault. Insured (40-50 years, Lower class large families). Incident occurred on February 21, 2024 under standard operational conditions. Police report filed: Yes. Independent witness present: Yes. Total estimated repair and indemnity loss assessed at €2,635.72.",0
CLM-00391,CUST_05477,Auto,1,5,7,3542.22,Weather/Hail,Moderate,2024-11-11,2024-11-17,6,Yes,No,"Hail storm caused extensive bodywork dimpling and shattered panoramic sunroof during sudden convective storm. Insured (30-40 years, Affluent young families). Incident occurred on November 11, 2024 under standard operational conditions. Police report filed: Yes. Independent witness present: No. Total estimated repair and indemnity loss assessed at €3,542.22.",1
CLM-00392,CUST_07440,Auto,0,0,6,98395.11,Rollover,Severe,2024-07-12,2024-07-18,6,Yes,Yes,"Single-vehicle rollover on icy highway curve after vehicle skidded on black ice; frame compromised, curtain airbags deployed. Insured (50-60 years, High status seniors). Incident occurred on July 12, 2024 under standard operational conditions. Police report filed: Yes. Independent witness present: Yes. Total estimated repair and indemnity loss assessed at €98,395.11.",0
CLM-00393,CUST_04005,Auto,1,6,1,19218.25,Single-Vehicle Crash,Catastrophic,2024-02-08,2024-02-09,1,Yes,No,"High-speed collision with utility pole following brake failure attempt; total front structural destruction. Airbags deployed. Insured (20-30 years, Students in apartments). Incident occurred on February 08, 2024 under standard operational conditions. Police report filed: Yes. Independent witness present: No. Total estimated repair and indemnity loss assessed at €19,218.25.",0
CLM-00394,CUST_02486,Auto,1,5,7,41735.94,Single-Vehicle Crash,Catastrophic,2024-07-19,2024-07-24,5,Yes,No,"High-speed collision with utility pole following brake failure attempt; total front structural destruction. Airbags deployed. Insured (40-50 years, Middle class families). Incident occurred on July 19, 2024 under standard operational conditions. Police report filed: Yes. Independent witness present: No. Total estimated repair and indemnity loss assessed at €41,735.94.",2
CLM-00395,CUST_05134,Auto,0,0,8,86798.68,Rollover,Severe,2024-03-09,2024-05-10,62,Yes,No,"Single-vehicle rollover on icy highway curve after vehicle skidded on black ice; frame compromised, curtain airbags deployed. Insured (30-40 years, Stable family). Incident occurred on March 09, 2024 under standard operational conditions. Police report filed: Yes. Independent witness present: No. Total estimated repair and indemnity loss assessed at €86,798.68.",0
CLM-00396,CUST_01668,Auto,1,6,3,2764.99,Collision,Moderate,2024-02-16,2024-02-21,5,Yes,Yes,"Front-end collision at intersection during heavy rain; significant bumper, radiator and bonnet deformation. Third-party admitted fault. Insured (40-50 years, Lower class large families). Incident occurred on February 16, 2024 under standard operational conditions. Police report filed: Yes. Independent witness present: Yes. Total estimated repair and indemnity loss assessed at €2,764.99.",0
CLM-00397,CUST_05223,Auto,1,6,4,7884.83,Theft & Stripping,Severe,2024-07-17,2024-07-17,0,Yes,No,"Vehicle stolen from private driveway overnight; recovery team found vehicle stripped of wheels, exhaust, and infotainment unit. Insured (30-40 years, Modern, complete families). Incident occurred on July 17, 2024 under standard operational conditions. Police report filed: Yes. Independent witness present: No. Total estimated repair and indemnity loss assessed at €7,884.83.",0
CLM-00398,CUST_01383,Auto,1,5,6,38154.04,Single-Vehicle Crash,Catastrophic,2024-10-14,2024-10-17,3,Yes,Yes,"High-speed collision with utility pole following brake failure attempt; total front structural destruction. Airbags deployed. Insured (40-50 years, Family starters). Incident occurred on October 14, 2024 under standard operational conditions. Police report filed: Yes. Independent witness present: Yes. Total estimated repair and indemnity loss assessed at €38,154.04.",0
CLM-00399,CUST_02714,Auto,1,6,7,4092.19,Rear-End,Moderate,2024-05-18,2024-05-22,4,Yes,No,"Rear-ended while stationary at red signal; tailgate, rear lights, and chassis panel crushed. Other driver present and exchanged insurance. Insured (40-50 years, Middle class families). Incident occurred on May 18, 2024 under standard operational conditions. Police report filed: Yes. Independent witness present: No. Total estimated repair and indemnity loss assessed at €4,092.19.",0
CLM-00400,CUST_01031,Auto,1,5,3,5956.72,Rear-End,Moderate,2024-08-11,2024-08-15,4,Yes,No,"Rear-ended while stationary at red signal; tailgate, rear lights, and chassis panel crushed. Other driver present and exchanged insurance. Insured (40-50 years, Lower class large families). Incident occurred on August 11, 2024 under standard operational conditions. Police report filed: Yes. Independent witness present: No. Total estimated repair and indemnity loss assessed at €5,956.72.",0
CLM-00401,CUST_01255,Auto,1,6,4,1071.34,Hit and Run,Minor,2024-05-09,2024-05-12,3,Yes,No,"Parked vehicle side-swiped overnight along suburban roadway; left driver doors and mirror torn off. Perpetrator fled scene. Insured (30-40 years, Modern, complete families). Incident occurred on May 09, 2024 under standard operational conditions. Police report filed: Yes. Independent witness present: No. Total estimated repair and indemnity loss assessed at €1,071.34.",0
CLM-00402,CUST_03145,Auto,1,6,6,15643.75,Rollover,Severe,2024-02-25,2024-02-27,2,Yes,No,"Single-vehicle rollover on icy highway curve after vehicle skidded on black ice; frame compromised, curtain airbags deployed. Insured (50-60 years, Very Important Provincials). Incident occurred on February 25, 2024 under standard operational conditions. Police report filed: Yes. Independent witness present: No. Total estimated repair and indemnity loss assessed at €15,643.75.",0
CLM-00403,CUST_06097,Auto,1,6,4,15102.02,Theft & Stripping,Severe,2024-08-14,2024-08-16,2,No,No,"Vehicle stolen from private driveway overnight; recovery team found vehicle stripped of wheels, exhaust, and infotainment unit. Insured (30-40 years, Traditional families). Incident occurred on August 14, 2024 under standard operational conditions. Police report filed: No. Independent witness present: No. Total estimated repair and indemnity loss assessed at €15,102.02.",0
CLM-00404,CUST_03243,Auto,1,6,5,19521.88,Rollover,Severe,2024-06-10,2024-06-12,2,Yes,No,"Single-vehicle rollover on icy highway curve after vehicle skidded on black ice; frame compromised, curtain airbags deployed. Insured (50-60 years, Large religious families). Incident occurred on June 10, 2024 under standard operational conditions. Police report filed: Yes. Independent witness present: No. Total estimated repair and indemnity loss assessed at €19,521.88.",0
CLM-00405,CUST_04687,Auto,2,7,5,26864.51,Single-Vehicle Crash,Catastrophic,2024-11-21,2024-11-28,7,Yes,Yes,"High-speed collision with utility pole following brake failure attempt; total front structural destruction. Airbags deployed. Insured (40-50 years, Large religious families). Incident occurred on November 21, 2024 under standard operational conditions. Police report filed: Yes. Independent witness present: Yes. Total estimated repair and indemnity loss assessed at €26,864.51.",0
CLM-00406,CUST_04533,Auto,1,6,3,17695.97,Theft & Stripping,Severe,2024-07-21,2024-07-26,5,Yes,Yes,"Vehicle stolen from private driveway overnight; recovery team found vehicle stripped of wheels, exhaust, and infotainment unit. Insured (40-50 years, Lower class large families). Incident occurred on July 21, 2024 under standard operational conditions. Police report filed: Yes. Independent witness present: Yes. Total estimated repair and indemnity loss assessed at €17,695.97.",0
CLM-00407,CUST_03218,Auto,1,6,3,3497.33,Weather/Hail,Moderate,2024-10-07,2024-10-09,2,Yes,Yes,"Hail storm caused extensive bodywork dimpling and shattered panoramic sunroof during sudden convective storm. Insured (30-40 years, Lower class large families). Incident occurred on October 07, 2024 under standard operational conditions. Police report filed: Yes. Independent witness present: Yes. Total estimated repair and indemnity loss assessed at €3,497.33.",0
CLM-00408,CUST_07494,Auto,1,6,5,28052.15,Single-Vehicle Crash,Catastrophic,2024-04-18,2024-04-25,7,Yes,No,"High-speed collision with utility pole following brake failure attempt; total front structural destruction. Airbags deployed. Insured (60-70 years, Large religious families). Incident occurred on April 18, 2024 under standard operational conditions. Police report filed: Yes. Independent witness present: No. Total estimated repair and indemnity loss assessed at €28,052.15.",0
CLM-00409,CUST_01124,Auto,1,5,2,15005.24,Theft & Stripping,Severe,2024-07-29,2024-08-05,7,Yes,Yes,"Vehicle stolen from private driveway overnight; recovery team found vehicle stripped of wheels, exhaust, and infotainment unit. Insured (40-50 years, Religious elderly singles). Incident occurred on July 29, 2024 under standard operational conditions. Police report filed: Yes. Independent witness present: Yes. Total estimated repair and indemnity loss assessed at €15,005.24.",0
CLM-00410,CUST_03928,Auto,1,6,6,2336.66,Hit and Run,Minor,2024-12-04,2024-12-06,2,Yes,No,"Parked vehicle side-swiped overnight along suburban roadway; left driver doors and mirror torn off. Perpetrator fled scene. Insured (40-50 years, High status seniors). Incident occurred on December 04, 2024 under standard operational conditions. Police report filed: Yes. Independent witness present: No. Total estimated repair and indemnity loss assessed at €2,336.66.",0
CLM-00411,CUST_01195,Auto,1,6,2,23509.69,Rollover,Severe,2024-11-03,2024-11-10,7,Yes,No,"Single-vehicle rollover on icy highway curve after vehicle skidded on black ice; frame compromised, curtain airbags deployed. Insured (40-50 years, Young, low educated). Incident occurred on November 03, 2024 under standard operational conditions. Police report filed: Yes. Independent witness present: No. Total estimated repair and indemnity loss assessed at €23,509.69.",0
CLM-00412,CUST_06775,Auto,1,5,4,3225.5,Weather/Hail,Moderate,2024-01-20,2024-01-25,5,Yes,Yes,"Hail storm caused extensive bodywork dimpling and shattered panoramic sunroof during sudden convective storm. Insured (40-50 years, Mixed rurals). Incident occurred on January 20, 2024 under standard operational conditions. Police report filed: Yes. Independent witness present: Yes. Total estimated repair and indemnity loss assessed at €3,225.50.",0
CLM-00413,CUST_05957,Auto,0,0,2,978.83,Rear-End,Moderate,2024-01-24,2024-01-30,6,Yes,No,"Rear-ended while stationary at red signal; tailgate, rear lights, and chassis panel crushed. Other driver present and exchanged insurance. Insured (30-40 years, Mixed apartment dwellers). Incident occurred on January 24, 2024 under standard operational conditions. Police report filed: Yes. Independent witness present: No. Total estimated repair and indemnity loss assessed at €978.83.",0
CLM-00414,CUST_06973,Auto,1,5,6,4733.21,Collision,Moderate,2024-01-07,2024-01-08,1,Yes,No,"Front-end collision at intersection during heavy rain; significant bumper, radiator and bonnet deformation. Third-party admitted fault. Insured (50-60 years, High status seniors). Incident occurred on January 07, 2024 under standard operational conditions. Police report filed: Yes. Independent witness present: No. Total estimated repair and indemnity loss assessed at €4,733.21.",0
CLM-00415,CUST_08396,Auto,1,6,3,5457.24,Weather/Hail,Moderate,2024-10-25,2024-10-28,3,Yes,No,"Hail storm caused extensive bodywork dimpling and shattered panoramic sunroof during sudden convective storm. Insured (40-50 years, Lower class large families). Incident occurred on October 25, 2024 under standard operational conditions. Police report filed: Yes. Independent witness present: No. Total estimated repair and indemnity loss assessed at €5,457.24.",0
CLM-00416,CUST_07519,Auto,1,6,3,11936.36,Theft & Stripping,Severe,2024-12-14,2024-12-16,2,Yes,No,"Vehicle stolen from private driveway overnight; recovery team found vehicle stripped of wheels, exhaust, and infotainment unit. Insured (50-60 years, Mixed seniors). Incident occurred on December 14, 2024 under standard operational conditions. Police report filed: Yes. Independent witness present: No. Total estimated repair and indemnity loss assessed at €11,936.36.",0
CLM-00417,CUST_07815,Auto,1,6,2,5189.38,Collision,Moderate,2024-06-01,2024-06-07,6,Yes,Yes,"Front-end collision at intersection during heavy rain; significant bumper, radiator and bonnet deformation. Third-party admitted fault. Insured (30-40 years, Ethnically diverse). Incident occurred on June 01, 2024 under standard operational conditions. Police report filed: Yes. Independent witness present: Yes. Total estimated repair and indemnity loss assessed at €5,189.38.",0
CLM-00418,CUST_02292,Auto,1,6,3,9558.1,Hit and Run,Minor,2024-04-16,2024-04-21,5,Yes,No,"Parked vehicle side-swiped overnight along suburban roadway; left driver doors and mirror torn off. Perpetrator fled scene. Insured (50-60 years, Lower class large families). Incident occurred on April 16, 2024 under standard operational conditions. Police report filed: Yes. Independent witness present: No. Total estimated repair and indemnity loss assessed at €9,558.10.",1
CLM-00419,CUST_07349,Auto,1,6,3,7793.97,Hit and Run,Minor,2024-02-29,2024-04-25,56,Yes,Yes,"Parked vehicle side-swiped overnight along suburban roadway; left driver doors and mirror torn off. Perpetrator fled scene. Insured (40-50 years, Lower class large families). Incident occurred on February 29, 2024 under standard operational conditions. Police report filed: Yes. Independent witness present: Yes. Total estimated repair and indemnity loss assessed at €7,793.97.",0
CLM-00420,CUST_02632,Auto,1,6,6,29626.39,Single-Vehicle Crash,Catastrophic,2024-05-05,2024-05-07,2,Yes,Yes,"High-speed collision with utility pole following brake failure attempt; total front structural destruction. Airbags deployed. Insured (60-70 years, Family starters). Incident occurred on May 05, 2024 under standard operational conditions. Police report filed: Yes. Independent witness present: Yes. Total estimated repair and indemnity loss assessed at €29,626.39.",0
CLM-00421,CUST_06909,Auto,1,5,2,30864.49,Rollover,Severe,2024-04-29,2024-05-05,6,Yes,Yes,"Single-vehicle rollover on icy highway curve after vehicle skidded on black ice; frame compromised, curtain airbags deployed. Insured (30-40 years, Mixed apartment dwellers). Incident occurred on April 29, 2024 under standard operational conditions. Police report filed: Yes. Independent witness present: Yes. Total estimated repair and indemnity loss assessed at €30,864.49.",0
CLM-00422,CUST_06992,Auto,1,6,5,29772.05,Rollover,Severe,2024-01-16,2024-01-19,3,Yes,No,"Single-vehicle rollover on icy highway curve after vehicle skidded on black ice; frame compromised, curtain airbags deployed. Insured (40-50 years, Large religious families). Incident occurred on January 16, 2024 under standard operational conditions. Police report filed: Yes. Independent witness present: No. Total estimated repair and indemnity loss assessed at €29,772.05.",0
CLM-00423,CUST_06233,Auto,1,6,2,3029.24,Collision,Moderate,2024-04-20,2024-04-23,3,Yes,No,"Front-end collision at intersection during heavy rain; significant bumper, radiator and bonnet deformation. Third-party admitted fault. Insured (40-50 years, Young, low educated). Incident occurred on April 20, 2024 under standard operational conditions. Police report filed: Yes. Independent witness present: No. Total estimated repair and indemnity loss assessed at €3,029.24.",0
CLM-00424,CUST_01018,Auto,1,6,6,6352.2,Weather/Hail,Moderate,2024-02-23,2024-02-25,2,Yes,No,"Hail storm caused extensive bodywork dimpling and shattered panoramic sunroof during sudden convective storm. Insured (30-40 years, Family starters). Incident occurred on February 23, 2024 under standard operational conditions. Police report filed: Yes. Independent witness present: No. Total estimated repair and indemnity loss assessed at €6,352.20.",0
CLM-00425,CUST_07438,Auto,1,6,4,4102.45,Collision,Moderate,2024-05-15,2024-05-22,7,Yes,No,"Front-end collision at intersection during heavy rain; significant bumper, radiator and bonnet deformation. Third-party admitted fault. Insured (30-40 years, Traditional families). Incident occurred on May 15, 2024 under standard operational conditions. Police report filed: Yes. Independent witness present: No. Total estimated repair and indemnity loss assessed at €4,102.45.",0
CLM-00426,CUST_06310,Auto,1,6,1,6908.08,Weather/Hail,Moderate,2024-02-29,2024-03-05,5,Yes,No,"Hail storm caused extensive bodywork dimpling and shattered panoramic sunroof during sudden convective storm. Insured (40-50 years, Mixed seniors). Incident occurred on February 29, 2024 under standard operational conditions. Police report filed: Yes. Independent witness present: No. Total estimated repair and indemnity loss assessed at €6,908.08.",0
CLM-00427,CUST_02787,Auto,1,6,7,11027.32,Theft & Stripping,Severe,2024-12-11,2024-12-15,4,Yes,Yes,"Vehicle stolen from private driveway overnight; recovery team found vehicle stripped of wheels, exhaust, and infotainment unit. Insured (40-50 years, Middle class families). Incident occurred on December 11, 2024 under standard operational conditions. Police report filed: Yes. Independent witness present: Yes. Total estimated repair and indemnity loss assessed at €11,027.32.",1
CLM-00428,CUST_05054,Auto,1,6,7,4151.26,Collision,Moderate,2024-05-03,2024-05-07,4,Yes,Yes,"Front-end collision at intersection during heavy rain; significant bumper, radiator and bonnet deformation. Third-party admitted fault. Insured (40-50 years, Middle class families). Incident occurred on May 03, 2024 under standard operational conditions. Police report filed: Yes. Independent witness present: Yes. Total estimated repair and indemnity loss assessed at €4,151.26.",0
CLM-00429,CUST_02280,Auto,2,7,3,6665.79,Weather/Hail,Moderate,2024-07-18,2024-07-24,6,Yes,Yes,"Hail storm caused extensive bodywork dimpling and shattered panoramic sunroof during sudden convective storm. Insured (50-60 years, Mixed seniors). Incident occurred on July 18, 2024 under standard operational conditions. Police report filed: Yes. Independent witness present: Yes. Total estimated repair and indemnity loss assessed at €6,665.79.",1
CLM-00430,CUST_06851,Auto,1,6,7,1625.89,Rear-End,Moderate,2024-09-07,2024-09-09,2,Yes,Yes,"Rear-ended while stationary at red signal; tailgate, rear lights, and chassis panel crushed. Other driver present and exchanged insurance. Insured (40-50 years, Affluent young families). Incident occurred on September 07, 2024 under standard operational conditions. Police report filed: Yes. Independent witness present: Yes. Total estimated repair and indemnity loss assessed at €1,625.89.",0
CLM-00431,CUST_02252,Auto,1,5,1,2325.11,Rear-End,Moderate,2024-06-11,2024-06-18,7,Yes,Yes,"Rear-ended while stationary at red signal; tailgate, rear lights, and chassis panel crushed. Other driver present and exchanged insurance. Insured (60-70 years, Own home elderly). Incident occurred on June 11, 2024 under standard operational conditions. Police report filed: Yes. Independent witness present: Yes. Total estimated repair and indemnity loss assessed at €2,325.11.",0
CLM-00432,CUST_00161,Auto,1,5,2,6264.61,Rollover,Severe,2024-03-11,2024-03-14,3,Yes,No,"Single-vehicle rollover on icy highway curve after vehicle skidded on black ice; frame compromised, curtain airbags deployed. Insured (40-50 years, Young, low educated). Incident occurred on March 11, 2024 under standard operational conditions. Police report filed: Yes. Independent witness present: No. Total estimated repair and indemnity loss assessed at €6,264.61.",0
CLM-00433,CUST_08191,Auto,1,6,5,27099.45,Single-Vehicle Crash,Catastrophic,2024-09-11,2024-09-17,6,Yes,No,"High-speed collision with utility pole following brake failure attempt; total front structural destruction. Airbags deployed. Insured (40-50 years, Large religious families). Incident occurred on September 11, 2024 under standard operational conditions. Police report filed: Yes. Independent witness present: No. Total estimated repair and indemnity loss assessed at €27,099.45.",0
CLM-00434,CUST_07203,Auto,1,6,8,23545.25,Rollover,Severe,2024-03-27,2024-03-28,1,Yes,Yes,"Single-vehicle rollover on icy highway curve after vehicle skidded on black ice; frame compromised, curtain airbags deployed. Insured (30-40 years, High Income, expensive child). Incident occurred on March 27, 2024 under standard operational conditions. Police report filed: Yes. Independent witness present: Yes. Total estimated repair and indemnity loss assessed at €23,545.25.",0
CLM-00435,CUST_03582,Auto,3,7,3,3007.41,Hit and Run,Minor,2024-01-18,2024-01-22,4,Yes,Yes,"Parked vehicle side-swiped overnight along suburban roadway; left driver doors and mirror torn off. Perpetrator fled scene. Insured (40-50 years, Couples with teens 'Married with children'). Incident occurred on January 18, 2024 under standard operational conditions. Police report filed: Yes. Independent witness present: Yes. Total estimated repair and indemnity loss assessed at €3,007.41.",0
CLM-00436,CUST_02680,Auto,1,6,3,15391.2,Theft & Stripping,Severe,2024-08-23,2024-08-30,7,Yes,Yes,"Vehicle stolen from private driveway overnight; recovery team found vehicle stripped of wheels, exhaust, and infotainment unit. Insured (40-50 years, Lower class large families). Incident occurred on August 23, 2024 under standard operational conditions. Police report filed: Yes. Independent witness present: Yes. Total estimated repair and indemnity loss assessed at €15,391.20.",1
CLM-00437,CUST_04318,Auto,1,5,7,21340.19,Theft & Stripping,Severe,2024-10-06,2024-10-11,5,Yes,Yes,"Vehicle stolen from private driveway overnight; recovery team found vehicle stripped of wheels, exhaust, and infotainment unit. Insured (30-40 years, Affluent young families). Incident occurred on October 06, 2024 under standard operational conditions. Police report filed: Yes. Independent witness present: Yes. Total estimated repair and indemnity loss assessed at €21,340.19.",0
CLM-00438,CUST_07157,Auto,1,6,3,3059.86,Weather/Hail,Moderate,2024-04-22,2024-04-28,6,Yes,Yes,"Hail storm caused extensive bodywork dimpling and shattered panoramic sunroof during sudden convective storm. Insured (40-50 years, Couples with teens 'Married with children'). Incident occurred on April 22, 2024 under standard operational conditions. Police report filed: Yes. Independent witness present: Yes. Total estimated repair and indemnity loss assessed at €3,059.86.",0
CLM-00439,CUST_04019,Auto,1,6,6,1005.97,Hit and Run,Minor,2024-01-18,2024-01-25,7,Yes,No,"Parked vehicle side-swiped overnight along suburban roadway; left driver doors and mirror torn off. Perpetrator fled scene. Insured (30-40 years, Young all american family). Incident occurred on January 18, 2024 under standard operational conditions. Police report filed: Yes. Independent witness present: No. Total estimated repair and indemnity loss assessed at €1,005.97.",0
CLM-00440,CUST_01419,Auto,1,6,6,18906.71,Rollover,Severe,2024-03-02,2024-03-05,3,Yes,Yes,"Single-vehicle rollover on icy highway curve after vehicle skidded on black ice; frame compromised, curtain airbags deployed. Insured (60-70 years, Family starters). Incident occurred on March 02, 2024 under standard operational conditions. Police report filed: Yes. Independent witness present: Yes. Total estimated repair and indemnity loss assessed at €18,906.71.",0
CLM-00441,CUST_09465,Auto,1,6,7,32000.49,Single-Vehicle Crash,Catastrophic,2024-06-29,2024-07-05,6,Yes,Yes,"High-speed collision with utility pole following brake failure attempt; total front structural destruction. Airbags deployed. Insured (40-50 years, Middle class families). Incident occurred on June 29, 2024 under standard operational conditions. Police report filed: Yes. Independent witness present: Yes. Total estimated repair and indemnity loss assessed at €32,000.49.",0
CLM-00442,CUST_03354,Auto,1,6,4,14942.68,Theft & Stripping,Severe,2024-04-16,2024-04-16,0,Yes,No,"Vehicle stolen from private driveway overnight; recovery team found vehicle stripped of wheels, exhaust, and infotainment unit. Insured (40-50 years, Mixed rurals). Incident occurred on April 16, 2024 under standard operational conditions. Police report filed: Yes. Independent witness present: No. Total estimated repair and indemnity loss assessed at €14,942.68.",0
CLM-00443,CUST_09631,Auto,1,6,3,2097.58,Weather/Hail,Moderate,2024-03-28,2024-04-02,5,Yes,No,"Hail storm caused extensive bodywork dimpling and shattered panoramic sunroof during sudden convective storm. Insured (50-60 years, Large family farms). Incident occurred on March 28, 2024 under standard operational conditions. Police report filed: Yes. Independent witness present: No. Total estimated repair and indemnity loss assessed at €2,097.58.",0
CLM-00444,CUST_04312,Auto,1,6,5,14705.7,Theft & Stripping,Severe,2024-09-21,2024-09-22,1,Yes,Yes,"Vehicle stolen from private driveway overnight; recovery team found vehicle stripped of wheels, exhaust, and infotainment unit. Insured (40-50 years, Large religious families). Incident occurred on September 21, 2024 under standard operational conditions. Police report filed: Yes. Independent witness present: Yes. Total estimated repair and indemnity loss assessed at €14,705.70.",0
CLM-00445,CUST_06653,Auto,1,5,2,1634.64,Collision,Moderate,2024-05-22,2024-05-24,2,Yes,Yes,"Front-end collision at intersection during heavy rain; significant bumper, radiator and bonnet deformation. Third-party admitted fault. Insured (30-40 years, Mixed apartment dwellers). Incident occurred on May 22, 2024 under standard operational conditions. Police report filed: Yes. Independent witness present: Yes. Total estimated repair and indemnity loss assessed at €1,634.64.",0
CLM-00446,CUST_05186,Auto,1,6,3,17892.62,Theft & Stripping,Severe,2024-05-07,2024-05-13,6,Yes,No,"Vehicle stolen from private driveway overnight; recovery team found vehicle stripped of wheels, exhaust, and infotainment unit. Insured (60-70 years, Young, low educated). Incident occurred on May 07, 2024 under standard operational conditions. Police report filed: Yes. Independent witness present: No. Total estimated repair and indemnity loss assessed at €17,892.62.",0
CLM-00447,CUST_04328,Auto,1,5,6,30749.49,Single-Vehicle Crash,Catastrophic,2024-08-01,2024-08-07,6,Yes,No,"High-speed collision with utility pole following brake failure attempt; total front structural destruction. Airbags deployed. Insured (50-60 years, Young all american family). Incident occurred on August 01, 2024 under standard operational conditions. Police report filed: Yes. Independent witness present: No. Total estimated repair and indemnity loss assessed at €30,749.49.",0
CLM-00448,CUST_01516,Auto,1,5,2,12860.72,Rollover,Severe,2024-05-23,2024-05-28,5,Yes,No,"Single-vehicle rollover on icy highway curve after vehicle skidded on black ice; frame compromised, curtain airbags deployed. Insured (30-40 years, Mixed apartment dwellers). Incident occurred on May 23, 2024 under standard operational conditions. Police report filed: Yes. Independent witness present: No. Total estimated repair and indemnity loss assessed at €12,860.72.",1
CLM-00449,CUST_00040,Auto,1,5,3,12341.76,Theft & Stripping,Severe,2024-02-18,2024-02-25,7,Yes,No,"Vehicle stolen from private driveway overnight; recovery team found vehicle stripped of wheels, exhaust, and infotainment unit. Insured (40-50 years, Lower class large families). Incident occurred on February 18, 2024 under standard operational conditions. Police report filed: Yes. Independent witness present: No. Total estimated repair and indemnity loss assessed at €12,341.76.",0
CLM-00450,CUST_08652,Auto,1,6,6,12884.72,Rollover,Severe,2024-04-22,2024-04-28,6,Yes,Yes,"Single-vehicle rollover on icy highway curve after vehicle skidded on black ice; frame compromised, curtain airbags deployed. Insured (40-50 years, High status seniors). Incident occurred on April 22, 2024 under standard operational conditions. Police report filed: Yes. Independent witness present: Yes. Total estimated repair and indemnity loss assessed at €12,884.72.",0
CLM-00451,CUST_05197,Auto,1,6,4,14816.75,Theft & Stripping,Severe,2024-05-26,2024-05-31,5,Yes,Yes,"Vehicle stolen from private driveway overnight; recovery team found vehicle stripped of wheels, exhaust, and infotainment unit. Insured (40-50 years, Mixed rurals). Incident occurred on May 26, 2024 under standard operational conditions. Police report filed: Yes. Independent witness present: Yes. Total estimated repair and indemnity loss assessed at €14,816.75.",0
CLM-00452,CUST_07855,Auto,1,6,4,19091.6,Theft & Stripping,Severe,2024-06-25,2024-06-25,0,Yes,Yes,"Vehicle stolen from private driveway overnight; recovery team found vehicle stripped of wheels, exhaust, and infotainment unit. Insured (40-50 years, Modern, complete families). Incident occurred on June 25, 2024 under standard operational conditions. Police report filed: Yes. Independent witness present: Yes. Total estimated repair and indemnity loss assessed at €19,091.60.",0
CLM-00453,CUST_07468,Auto,1,6,2,20616.33,Collision,Moderate,2024-08-14,2024-08-20,6,Yes,Yes,"Front-end collision at intersection during heavy rain; significant bumper, radiator and bonnet deformation. Third-party admitted fault. Insured (40-50 years, Young, low educated). Incident occurred on August 14, 2024 under standard operational conditions. Police report filed: Yes. Independent witness present: Yes. Total estimated repair and indemnity loss assessed at €20,616.33.",0
CLM-00454,CUST_02118,Auto,1,6,6,32900.35,Single-Vehicle Crash,Catastrophic,2024-06-04,2024-06-06,2,Yes,No,"High-speed collision with utility pole following brake failure attempt; total front structural destruction. Airbags deployed. Insured (30-40 years, Very Important Provincials). Incident occurred on June 04, 2024 under standard operational conditions. Police report filed: Yes. Independent witness present: No. Total estimated repair and indemnity loss assessed at €32,900.35.",0
CLM-00455,CUST_01347,Auto,1,5,3,1631.85,Hit and Run,Minor,2024-11-29,2025-01-28,60,Yes,No,"Parked vehicle side-swiped overnight along suburban roadway; left driver doors and mirror torn off. Perpetrator fled scene. Insured (40-50 years, Lower class large families). Incident occurred on November 29, 2024 under standard operational conditions. Police report filed: Yes. Independent witness present: No. Total estimated repair and indemnity loss assessed at €1,631.85.",0
CLM-00456,CUST_03796,Auto,1,5,4,13742.76,Rollover,Severe,2024-12-02,2024-12-03,1,Yes,Yes,"Single-vehicle rollover on icy highway curve after vehicle skidded on black ice; frame compromised, curtain airbags deployed. Insured (40-50 years, Traditional families). Incident occurred on December 02, 2024 under standard operational conditions. Police report filed: Yes. Independent witness present: Yes. Total estimated repair and indemnity loss assessed at €13,742.76.",0
CLM-00457,CUST_02130,Auto,1,6,8,26741.59,Weather/Hail,Moderate,2024-01-06,2024-03-02,56,Yes,Yes,"Hail storm caused extensive bodywork dimpling and shattered panoramic sunroof during sudden convective storm. Insured (40-50 years, Career and childcare). Incident occurred on January 06, 2024 under standard operational conditions. Police report filed: Yes. Independent witness present: Yes. Total estimated repair and indemnity loss assessed at €26,741.59.",0
CLM-00458,CUST_06838,Auto,1,6,6,21355.68,Single-Vehicle Crash,Catastrophic,2024-03-09,2024-03-16,7,Yes,Yes,"High-speed collision with utility pole following brake failure attempt; total front structural destruction. Airbags deployed. Insured (60-70 years, Family starters). Incident occurred on March 09, 2024 under standard operational conditions. Police report filed: Yes. Independent witness present: Yes. Total estimated repair and indemnity loss assessed at €21,355.68.",0
CLM-00459,CUST_01445,Auto,1,6,2,24967.63,Single-Vehicle Crash,Catastrophic,2024-02-23,2024-02-24,1,Yes,No,"High-speed collision with utility pole following brake failure attempt; total front structural destruction. Airbags deployed. Insured (40-50 years, Young, low educated). Incident occurred on February 23, 2024 under standard operational conditions. Police report filed: Yes. Independent witness present: No. Total estimated repair and indemnity loss assessed at €24,967.63.",0
CLM-00460,CUST_04832,Auto,1,6,3,2467.18,Rear-End,Moderate,2024-07-15,2024-07-17,2,Yes,Yes,"Rear-ended while stationary at red signal; tailgate, rear lights, and chassis panel crushed. Other driver present and exchanged insurance. Insured (40-50 years, Lower class large families). Incident occurred on July 15, 2024 under standard operational conditions. Police report filed: Yes. Independent witness present: Yes. Total estimated repair and indemnity loss assessed at €2,467.18.",1
CLM-00461,CUST_02630,Auto,1,6,3,88362.93,Rollover,Severe,2024-03-19,2024-03-26,7,No,No,"Single-vehicle rollover on icy highway curve after vehicle skidded on black ice; frame compromised, curtain airbags deployed. Insured (30-40 years, Lower class large families). Incident occurred on March 19, 2024 under standard operational conditions. Police report filed: No. Independent witness present: No. Total estimated repair and indemnity loss assessed at €88,362.93.",0
CLM-00462,CUST_09495,Auto,1,6,3,179177.37,Single-Vehicle Crash,Catastrophic,2024-06-11,2024-06-14,3,Yes,No,"High-speed collision with utility pole following brake failure attempt; total front structural destruction. Airbags deployed. Insured (50-60 years, Large family farms). Incident occurred on June 11, 2024 under standard operational conditions. Police report filed: Yes. Independent witness present: No. Total estimated repair and indemnity loss assessed at €179,177.37.",0
CLM-00463,CUST_09692,Auto,1,6,5,4012.38,Weather/Hail,Moderate,2024-11-08,2024-11-12,4,Yes,Yes,"Hail storm caused extensive bodywork dimpling and shattered panoramic sunroof during sudden convective storm. Insured (40-50 years, Village families). Incident occurred on November 08, 2024 under standard operational conditions. Police report filed: Yes. Independent witness present: Yes. Total estimated repair and indemnity loss assessed at €4,012.38.",0
CLM-00464,CUST_04880,Auto,1,6,1,4584.97,Rear-End,Moderate,2024-09-23,2024-09-26,3,Yes,No,"Rear-ended while stationary at red signal; tailgate, rear lights, and chassis panel crushed. Other driver present and exchanged insurance. Insured (60-70 years, Students in apartments). Incident occurred on September 23, 2024 under standard operational conditions. Police report filed: Yes. Independent witness present: No. Total estimated repair and indemnity loss assessed at €4,584.97.",0
CLM-00465,CUST_00889,Auto,1,6,6,14608.22,Theft & Stripping,Severe,2024-05-03,2024-05-10,7,Yes,No,"Vehicle stolen from private driveway overnight; recovery team found vehicle stripped of wheels, exhaust, and infotainment unit. Insured (40-50 years, High status seniors). Incident occurred on May 03, 2024 under standard operational conditions. Police report filed: Yes. Independent witness present: No. Total estimated repair and indemnity loss assessed at €14,608.22.",0
CLM-00466,CUST_09579,Auto,1,6,4,3062.84,Collision,Moderate,2024-01-08,2024-01-13,5,Yes,Yes,"Front-end collision at intersection during heavy rain; significant bumper, radiator and bonnet deformation. Third-party admitted fault. Insured (30-40 years, Modern, complete families). Incident occurred on January 08, 2024 under standard operational conditions. Police report filed: Yes. Independent witness present: Yes. Total estimated repair and indemnity loss assessed at €3,062.84.",0
CLM-00467,CUST_09176,Auto,1,6,5,22925.0,Rollover,Severe,2024-07-07,2024-07-09,2,Yes,No,"Single-vehicle rollover on icy highway curve after vehicle skidded on black ice; frame compromised, curtain airbags deployed. Insured (40-50 years, Village families). Incident occurred on July 07, 2024 under standard operational conditions. Police report filed: Yes. Independent witness present: No. Total estimated repair and indemnity loss assessed at €22,925.00.",0
CLM-00468,CUST_01178,Auto,1,5,3,4109.01,Collision,Moderate,2024-10-28,2024-10-29,1,Yes,Yes,"Front-end collision at intersection during heavy rain; significant bumper, radiator and bonnet deformation. Third-party admitted fault. Insured (20-30 years, Young and rising). Incident occurred on October 28, 2024 under standard operational conditions. Police report filed: Yes. Independent witness present: Yes. Total estimated repair and indemnity loss assessed at €4,109.01.",0
CLM-00469,CUST_00645,Auto,1,6,2,2691.4,Collision,Moderate,2024-07-23,2024-07-27,4,Yes,No,"Front-end collision at intersection during heavy rain; significant bumper, radiator and bonnet deformation. Third-party admitted fault. Insured (50-60 years, Religious elderly singles). Incident occurred on July 23, 2024 under standard operational conditions. Police report filed: Yes. Independent witness present: No. Total estimated repair and indemnity loss assessed at €2,691.40.",0
CLM-00470,CUST_06493,Auto,1,6,4,2637.02,Collision,Moderate,2024-11-24,2024-11-26,2,Yes,No,"Front-end collision at intersection during heavy rain; significant bumper, radiator and bonnet deformation. Third-party admitted fault. Insured (40-50 years, Modern, complete families). Incident occurred on November 24, 2024 under standard operational conditions. Police report filed: Yes. Independent witness present: No. Total estimated repair and indemnity loss assessed at €2,637.02.",1
CLM-00471,CUST_03363,Auto,0,0,7,66118.86,Theft & Stripping,Severe,2024-10-28,2024-10-29,1,Yes,No,"Vehicle stolen from private driveway overnight; recovery team found vehicle stripped of wheels, exhaust, and infotainment unit. Insured (40-50 years, Affluent young families). Incident occurred on October 28, 2024 under standard operational conditions. Police report filed: Yes. Independent witness present: No. Total estimated repair and indemnity loss assessed at €66,118.86.",0
CLM-00472,CUST_03877,Auto,1,6,6,565.69,Collision,Moderate,2024-05-06,2024-05-07,1,Yes,No,"Front-end collision at intersection during heavy rain; significant bumper, radiator and bonnet deformation. Third-party admitted fault. Insured (40-50 years, High status seniors). Incident occurred on May 06, 2024 under standard operational conditions. Police report filed: Yes. Independent witness present: No. Total estimated repair and indemnity loss assessed at €565.69.",0
CLM-00473,CUST_00904,Auto,1,6,8,1118.89,Hit and Run,Minor,2024-12-03,2024-12-04,1,Yes,Yes,"Parked vehicle side-swiped overnight along suburban roadway; left driver doors and mirror torn off. Perpetrator fled scene. Insured (40-50 years, Stable family). Incident occurred on December 03, 2024 under standard operational conditions. Police report filed: Yes. Independent witness present: Yes. Total estimated repair and indemnity loss assessed at €1,118.89.",0
CLM-00474,CUST_00185,Auto,1,6,3,6314.31,Rear-End,Moderate,2024-09-12,2024-09-17,5,Yes,No,"Rear-ended while stationary at red signal; tailgate, rear lights, and chassis panel crushed. Other driver present and exchanged insurance. Insured (40-50 years, Lower class large families). Incident occurred on September 12, 2024 under standard operational conditions. Police report filed: Yes. Independent witness present: No. Total estimated repair and indemnity loss assessed at €6,314.31.",0
CLM-00475,CUST_02043,Auto,2,6,8,41457.26,Single-Vehicle Crash,Catastrophic,2024-05-18,2024-05-19,1,Yes,Yes,"High-speed collision with utility pole following brake failure attempt; total front structural destruction. Airbags deployed. Insured (50-60 years, High Income, expensive child). Incident occurred on May 18, 2024 under standard operational conditions. Police report filed: Yes. Independent witness present: Yes. Total estimated repair and indemnity loss assessed at €41,457.26.",0
CLM-00476,CUST_06955,Auto,1,6,6,1878.58,Hit and Run,Minor,2024-09-26,2024-09-27,1,Yes,No,"Parked vehicle side-swiped overnight along suburban roadway; left driver doors and mirror torn off. Perpetrator fled scene. Insured (30-40 years, Large family, employed child). Incident occurred on September 26, 2024 under standard operational conditions. Police report filed: Yes. Independent witness present: No. Total estimated repair and indemnity loss assessed at €1,878.58.",0
CLM-00477,CUST_09291,Auto,1,6,1,33444.18,Single-Vehicle Crash,Catastrophic,2024-02-10,2024-02-17,7,Yes,No,"High-speed collision with utility pole following brake failure attempt; total front structural destruction. Airbags deployed. Insured (50-60 years, Low income catholics). Incident occurred on February 10, 2024 under standard operational conditions. Police report filed: Yes. Independent witness present: No. Total estimated repair and indemnity loss assessed at €33,444.18.",0
CLM-00478,CUST_00917,Auto,1,6,4,21107.5,Rollover,Severe,2024-10-18,2024-10-20,2,Yes,No,"Single-vehicle rollover on icy highway curve after vehicle skidded on black ice; frame compromised, curtain airbags deployed. Insured (40-50 years, Modern, complete families). Incident occurred on October 18, 2024 under standard operational conditions. Police report filed: Yes. Independent witness present: No. Total estimated repair and indemnity loss assessed at €21,107.50.",0
CLM-00479,CUST_01664,Auto,1,6,3,9302.43,Weather/Hail,Moderate,2024-12-12,2024-12-13,1,Yes,Yes,"Hail storm caused extensive bodywork dimpling and shattered panoramic sunroof during sudden convective storm. Insured (30-40 years, Lower class large families). Incident occurred on December 12, 2024 under standard operational conditions. Police report filed: Yes. Independent witness present: Yes. Total estimated repair and indemnity loss assessed at €9,302.43.",0
CLM-00480,CUST_00042,Auto,1,6,6,4671.49,Collision,Moderate,2024-01-08,2024-01-11,3,Yes,Yes,"Front-end collision at intersection during heavy rain; significant bumper, radiator and bonnet deformation. Third-party admitted fault. Insured (40-50 years, Family starters). Incident occurred on January 08, 2024 under standard operational conditions. Police report filed: Yes. Independent witness present: Yes. Total estimated repair and indemnity loss assessed at €4,671.49.",0
CLM-00481,CUST_06143,Auto,2,6,5,4072.12,Rear-End,Moderate,2024-04-02,2024-04-02,0,Yes,No,"Rear-ended while stationary at red signal; tailgate, rear lights, and chassis panel crushed. Other driver present and exchanged insurance. Insured (40-50 years, Village families). Incident occurred on April 02, 2024 under standard operational conditions. Police report filed: Yes. Independent witness present: No. Total estimated repair and indemnity loss assessed at €4,072.12.",0
CLM-00482,CUST_04028,Auto,1,6,8,13506.76,Rollover,Severe,2024-06-13,2024-06-17,4,Yes,Yes,"Single-vehicle rollover on icy highway curve after vehicle skidded on black ice; frame compromised, curtain airbags deployed. Insured (30-40 years, Career and childcare). Incident occurred on June 13, 2024 under standard operational conditions. Police report filed: Yes. Independent witness present: Yes. Total estimated repair and indemnity loss assessed at €13,506.76.",0
CLM-00483,CUST_01924,Auto,2,6,3,2742.98,Weather/Hail,Moderate,2024-12-11,2024-12-11,0,Yes,Yes,"Hail storm caused extensive bodywork dimpling and shattered panoramic sunroof during sudden convective storm. Insured (40-50 years, Lower class large families). Incident occurred on December 11, 2024 under standard operational conditions. Police report filed: Yes. Independent witness present: Yes. Total estimated repair and indemnity loss assessed at €2,742.98.",0
CLM-00484,CUST_08353,Auto,2,6,3,3572.16,Collision,Moderate,2024-07-25,2024-07-26,1,Yes,No,"Front-end collision at intersection during heavy rain; significant bumper, radiator and bonnet deformation. Third-party admitted fault. Insured (40-50 years, Lower class large families). Incident occurred on July 25, 2024 under standard operational conditions. Police report filed: Yes. Independent witness present: No. Total estimated repair and indemnity loss assessed at €3,572.16.",0
CLM-00485,CUST_05009,Auto,1,6,3,1574.19,Hit and Run,Minor,2024-02-15,2024-02-22,7,Yes,Yes,"Parked vehicle side-swiped overnight along suburban roadway; left driver doors and mirror torn off. Perpetrator fled scene. Insured (30-40 years, Lower class large families). Incident occurred on February 15, 2024 under standard operational conditions. Police report filed: Yes. Independent witness present: Yes. Total estimated repair and indemnity loss assessed at €1,574.19.",0
CLM-00486,CUST_04689,Auto,1,6,4,3000.84,Weather/Hail,Moderate,2024-06-05,2024-06-08,3,Yes,No,"Hail storm caused extensive bodywork dimpling and shattered panoramic sunroof during sudden convective storm. Insured (40-50 years, Traditional families). Incident occurred on June 05, 2024 under standard operational conditions. Police report filed: Yes. Independent witness present: No. Total estimated repair and indemnity loss assessed at €3,000.84.",0
CLM-00487,CUST_07980,Auto,1,6,3,12364.39,Theft & Stripping,Severe,2024-04-11,2024-04-14,3,Yes,Yes,"Vehicle stolen from private driveway overnight; recovery team found vehicle stripped of wheels, exhaust, and infotainment unit. Insured (50-60 years, Couples with teens 'Married with children'). Incident occurred on April 11, 2024 under standard operational conditions. Police report filed: Yes. Independent witness present: Yes. Total estimated repair and indemnity loss assessed at €12,364.39.",0
CLM-00488,CUST_03771,Auto,1,5,3,30404.03,Weather/Hail,Moderate,2024-01-06,2024-01-06,0,Yes,No,"Hail storm caused extensive bodywork dimpling and shattered panoramic sunroof during sudden convective storm. Insured (40-50 years, Couples with teens 'Married with children'). Incident occurred on January 06, 2024 under standard operational conditions. Police report filed: Yes. Independent witness present: No. Total estimated repair and indemnity loss assessed at €30,404.03.",0
CLM-00489,CUST_04966,Auto,2,6,6,5352.57,Collision,Moderate,2024-04-16,2024-04-19,3,Yes,No,"Front-end collision at intersection during heavy rain; significant bumper, radiator and bonnet deformation. Third-party admitted fault. Insured (40-50 years, High status seniors). Incident occurred on April 16, 2024 under standard operational conditions. Police report filed: Yes. Independent witness present: No. Total estimated repair and indemnity loss assessed at €5,352.57.",0
CLM-00490,CUST_00982,Auto,1,6,8,5586.46,Rear-End,Moderate,2024-05-24,2024-05-25,1,Yes,Yes,"Rear-ended while stationary at red signal; tailgate, rear lights, and chassis panel crushed. Other driver present and exchanged insurance. Insured (40-50 years, High Income, expensive child). Incident occurred on May 24, 2024 under standard operational conditions. Police report filed: Yes. Independent witness present: Yes. Total estimated repair and indemnity loss assessed at €5,586.46.",0
CLM-00491,CUST_08414,Auto,1,6,3,19192.16,Rollover,Severe,2024-07-10,2024-07-17,7,Yes,Yes,"Single-vehicle rollover on icy highway curve after vehicle skidded on black ice; frame compromised, curtain airbags deployed. Insured (40-50 years, Lower class large families). Incident occurred on July 10, 2024 under standard operational conditions. Police report filed: Yes. Independent witness present: Yes. Total estimated repair and indemnity loss assessed at €19,192.16.",1
CLM-00492,CUST_08191,Auto,1,6,5,6483.92,Rear-End,Moderate,2024-11-23,2024-11-29,6,Yes,Yes,"Rear-ended while stationary at red signal; tailgate, rear lights, and chassis panel crushed. Other driver present and exchanged insurance. Insured (40-50 years, Large religious families). Incident occurred on November 23, 2024 under standard operational conditions. Police report filed: Yes. Independent witness present: Yes. Total estimated repair and indemnity loss assessed at €6,483.92.",1
CLM-00493,CUST_01015,Auto,1,6,2,19704.21,Rollover,Severe,2024-12-06,2024-12-08,2,Yes,Yes,"Single-vehicle rollover on icy highway curve after vehicle skidded on black ice; frame compromised, curtain airbags deployed. Insured (30-40 years, Mixed apartment dwellers). Incident occurred on December 06, 2024 under standard operational conditions. Police report filed: Yes. Independent witness present: Yes. Total estimated repair and indemnity loss assessed at €19,704.21.",0
CLM-00494,CUST_05081,Auto,1,6,1,11462.61,Theft & Stripping,Severe,2024-07-21,2024-07-26,5,Yes,No,"Vehicle stolen from private driveway overnight; recovery team found vehicle stripped of wheels, exhaust, and infotainment unit. Insured (40-50 years, Low income catholics). Incident occurred on July 21, 2024 under standard operational conditions. Police report filed: Yes. Independent witness present: No. Total estimated repair and indemnity loss assessed at €11,462.61.",0
CLM-00495,CUST_03781,Auto,1,5,2,5027.75,Collision,Moderate,2024-04-14,2024-04-16,2,Yes,Yes,"Front-end collision at intersection during heavy rain; significant bumper, radiator and bonnet deformation. Third-party admitted fault. Insured (40-50 years, Young, low educated). Incident occurred on April 14, 2024 under standard operational conditions. Police report filed: Yes. Independent witness present: Yes. Total estimated repair and indemnity loss assessed at €5,027.75.",0
CLM-00496,CUST_02632,Auto,1,6,6,22473.46,Rollover,Severe,2024-08-27,2024-09-01,5,Yes,No,"Single-vehicle rollover on icy highway curve after vehicle skidded on black ice; frame compromised, curtain airbags deployed. Insured (60-70 years, Family starters). Incident occurred on August 27, 2024 under standard operational conditions. Police report filed: Yes. Independent witness present: No. Total estimated repair and indemnity loss assessed at €22,473.46.",1
CLM-00497,CUST_05739,Auto,1,6,3,10723.57,Theft & Stripping,Severe,2024-04-17,2024-04-24,7,Yes,No,"Vehicle stolen from private driveway overnight; recovery team found vehicle stripped of wheels, exhaust, and infotainment unit. Insured (50-60 years, Lower class large families). Incident occurred on April 17, 2024 under standard operational conditions. Police report filed: Yes. Independent witness present: No. Total estimated repair and indemnity loss assessed at €10,723.57.",0
CLM-00498,CUST_01929,Auto,1,6,1,3099.59,Collision,Moderate,2024-03-22,2024-03-26,4,Yes,Yes,"Front-end collision at intersection during heavy rain; significant bumper, radiator and bonnet deformation. Third-party admitted fault. Insured (30-40 years, Mixed seniors). Incident occurred on March 22, 2024 under standard operational conditions. Police report filed: Yes. Independent witness present: Yes. Total estimated repair and indemnity loss assessed at €3,099.59.",0
CLM-00499,CUST_05271,Auto,1,5,4,2786.57,Rear-End,Moderate,2024-02-17,2024-02-20,3,Yes,No,"Rear-ended while stationary at red signal; tailgate, rear lights, and chassis panel crushed. Other driver present and exchanged insurance. Insured (40-50 years, Mixed rurals). Incident occurred on February 17, 2024 under standard operational conditions. Police report filed: Yes. Independent witness present: No. Total estimated repair and indemnity loss assessed at €2,786.57.",0
CLM-00500,CUST_00803,Auto,1,5,5,17629.0,Single-Vehicle Crash,Catastrophic,2024-06-03,2024-06-07,4,Yes,Yes,"High-speed collision with utility pole following brake failure attempt; total front structural destruction. Airbags deployed. Insured (60-70 years, Large religious families). Incident occurred on June 03, 2024 under standard operational conditions. Police report filed: Yes. Independent witness present: Yes. Total estimated repair and indemnity loss assessed at €17,629.00.",0
CLM-00501,CUST_07347,Auto,1,6,6,6288.65,Weather/Hail,Moderate,2024-05-08,2024-06-18,41,Yes,Yes,"Hail storm caused extensive bodywork dimpling and shattered panoramic sunroof during sudden convective storm. Insured (40-50 years, Dinki's (double income no kids)). Incident occurred on May 08, 2024 under standard operational conditions. Police report filed: Yes. Independent witness present: Yes. Total estimated repair and indemnity loss assessed at €6,288.65.",1
CLM-00502,CUST_01008,Auto,1,5,3,22519.55,Theft & Stripping,Severe,2024-04-24,2024-04-26,2,Yes,Yes,"Vehicle stolen from private driveway overnight; recovery team found vehicle stripped of wheels, exhaust, and infotainment unit. Insured (40-50 years, Lower class large families). Incident occurred on April 24, 2024 under standard operational conditions. Police report filed: Yes. Independent witness present: Yes. Total estimated repair and indemnity loss assessed at €22,519.55.",1
CLM-00503,CUST_05966,Auto,1,6,1,18630.74,Single-Vehicle Crash,Catastrophic,2024-11-19,2024-11-20,1,Yes,No,"High-speed collision with utility pole following brake failure attempt; total front structural destruction. Airbags deployed. Insured (50-60 years, Low income catholics). Incident occurred on November 19, 2024 under standard operational conditions. Police report filed: Yes. Independent witness present: No. Total estimated repair and indemnity loss assessed at €18,630.74.",0
CLM-00504,CUST_01213,Auto,1,6,7,4003.56,Collision,Moderate,2024-02-04,2024-02-07,3,Yes,No,"Front-end collision at intersection during heavy rain; significant bumper, radiator and bonnet deformation. Third-party admitted fault. Insured (30-40 years, Affluent young families). Incident occurred on February 04, 2024 under standard operational conditions. Police report filed: Yes. Independent witness present: No. Total estimated repair and indemnity loss assessed at €4,003.56.",0
CLM-00505,CUST_01494,Auto,1,6,7,12347.3,Theft & Stripping,Severe,2024-06-19,2024-06-20,1,Yes,Yes,"Vehicle stolen from private driveway overnight; recovery team found vehicle stripped of wheels, exhaust, and infotainment unit. Insured (40-50 years, Middle class families). Incident occurred on June 19, 2024 under standard operational conditions. Police report filed: Yes. Independent witness present: Yes. Total estimated repair and indemnity loss assessed at €12,347.30.",0
CLM-00506,CUST_00829,Auto,1,5,3,3369.31,Rear-End,Moderate,2024-10-21,2024-10-27,6,Yes,No,"Rear-ended while stationary at red signal; tailgate, rear lights, and chassis panel crushed. Other driver present and exchanged insurance. Insured (40-50 years, Traditional families). Incident occurred on October 21, 2024 under standard operational conditions. Police report filed: Yes. Independent witness present: No. Total estimated repair and indemnity loss assessed at €3,369.31.",0
CLM-00507,CUST_06140,Auto,1,6,4,24677.05,Single-Vehicle Crash,Catastrophic,2024-08-07,2024-08-09,2,Yes,No,"High-speed collision with utility pole following brake failure attempt; total front structural destruction. Airbags deployed. Insured (40-50 years, Traditional families). Incident occurred on August 07, 2024 under standard operational conditions. Police report filed: Yes. Independent witness present: No. Total estimated repair and indemnity loss assessed at €24,677.05.",0
CLM-00508,CUST_03012,Auto,1,5,2,1431.61,Hit and Run,Minor,2024-05-24,2024-05-31,7,Yes,Yes,"Parked vehicle side-swiped overnight along suburban roadway; left driver doors and mirror torn off. Perpetrator fled scene. Insured (30-40 years, Mixed apartment dwellers). Incident occurred on May 24, 2024 under standard operational conditions. Police report filed: Yes. Independent witness present: Yes. Total estimated repair and indemnity loss assessed at €1,431.61.",0
CLM-00509,CUST_03997,Auto,1,6,1,132971.26,Single-Vehicle Crash,Catastrophic,2024-10-09,2024-10-10,1,Yes,No,"High-speed collision with utility pole following brake failure attempt; total front structural destruction. Airbags deployed. Insured (30-40 years, Low income catholics). Incident occurred on October 09, 2024 under standard operational conditions. Police report filed: Yes. Independent witness present: No. Total estimated repair and indemnity loss assessed at €132,971.26.",0
CLM-00510,CUST_08506,Auto,1,6,1,3017.57,Rear-End,Moderate,2024-11-19,2024-11-19,0,Yes,No,"Rear-ended while stationary at red signal; tailgate, rear lights, and chassis panel crushed. Other driver present and exchanged insurance. Insured (50-60 years, Own home elderly). Incident occurred on November 19, 2024 under standard operational conditions. Police report filed: Yes. Independent witness present: No. Total estimated repair and indemnity loss assessed at €3,017.57.",0
CLM-00511,CUST_05747,Auto,1,6,6,20862.74,Rollover,Severe,2024-10-06,2024-10-13,7,Yes,No,"Single-vehicle rollover on icy highway curve after vehicle skidded on black ice; frame compromised, curtain airbags deployed. Insured (30-40 years, Young all american family). Incident occurred on October 06, 2024 under standard operational conditions. Police report filed: Yes. Independent witness present: No. Total estimated repair and indemnity loss assessed at €20,862.74.",0
CLM-00512,CUST_08132,Auto,1,6,6,1997.86,Hit and Run,Minor,2024-07-18,2024-07-22,4,Yes,Yes,"Parked vehicle side-swiped overnight along suburban roadway; left driver doors and mirror torn off. Perpetrator fled scene. Insured (40-50 years, Very Important Provincials). Incident occurred on July 18, 2024 under standard operational conditions. Police report filed: Yes. Independent witness present: Yes. Total estimated repair and indemnity loss assessed at €1,997.86.",0
CLM-00513,CUST_00476,Auto,1,5,5,13496.42,Theft & Stripping,Severe,2024-01-31,2024-02-07,7,Yes,No,"Vehicle stolen from private driveway overnight; recovery team found vehicle stripped of wheels, exhaust, and infotainment unit. Insured (50-60 years, Village families). Incident occurred on January 31, 2024 under standard operational conditions. Police report filed: Yes. Independent witness present: No. Total estimated repair and indemnity loss assessed at €13,496.42.",0
CLM-00514,CUST_02577,Auto,1,6,2,2238.92,Collision,Moderate,2024-05-07,2024-05-10,3,Yes,No,"Front-end collision at intersection during heavy rain; significant bumper, radiator and bonnet deformation. Third-party admitted fault. Insured (30-40 years, Mixed apartment dwellers). Incident occurred on May 07, 2024 under standard operational conditions. Police report filed: Yes. Independent witness present: No. Total estimated repair and indemnity loss assessed at €2,238.92.",0
CLM-00515,CUST_00922,Auto,2,6,3,12657.56,Theft & Stripping,Severe,2024-04-23,2024-04-29,6,Yes,No,"Vehicle stolen from private driveway overnight; recovery team found vehicle stripped of wheels, exhaust, and infotainment unit. Insured (30-40 years, Couples with teens 'Married with children'). Incident occurred on April 23, 2024 under standard operational conditions. Police report filed: Yes. Independent witness present: No. Total estimated repair and indemnity loss assessed at €12,657.56.",1
CLM-00516,CUST_02807,Auto,1,6,2,5397.09,Rear-End,Moderate,2024-05-02,2024-05-07,5,Yes,No,"Rear-ended while stationary at red signal; tailgate, rear lights, and chassis panel crushed. Other driver present and exchanged insurance. Insured (40-50 years, Religious elderly singles). Incident occurred on May 02, 2024 under standard operational conditions. Police report filed: Yes. Independent witness present: No. Total estimated repair and indemnity loss assessed at €5,397.09.",0
CLM-00517,CUST_00459,Auto,1,6,2,32876.88,Single-Vehicle Crash,Catastrophic,2024-06-30,2024-07-02,2,Yes,Yes,"High-speed collision with utility pole following brake failure attempt; total front structural destruction. Airbags deployed. Insured (40-50 years, Ethnically diverse). Incident occurred on June 30, 2024 under standard operational conditions. Police report filed: Yes. Independent witness present: Yes. Total estimated repair and indemnity loss assessed at €32,876.88.",0
CLM-00518,CUST_07964,Auto,1,6,8,3623.42,Weather/Hail,Moderate,2024-06-08,2024-06-10,2,Yes,No,"Hail storm caused extensive bodywork dimpling and shattered panoramic sunroof during sudden convective storm. Insured (40-50 years, High Income, expensive child). Incident occurred on June 08, 2024 under standard operational conditions. Police report filed: Yes. Independent witness present: No. Total estimated repair and indemnity loss assessed at €3,623.42.",0
CLM-00519,CUST_03617,Auto,0,0,6,2679.2,Collision,Moderate,2024-01-02,2024-01-05,3,Yes,Yes,"Front-end collision at intersection during heavy rain; significant bumper, radiator and bonnet deformation. Third-party admitted fault. Insured (50-60 years, High status seniors). Incident occurred on January 02, 2024 under standard operational conditions. Police report filed: Yes. Independent witness present: Yes. Total estimated repair and indemnity loss assessed at €2,679.20.",0
CLM-00520,CUST_02863,Auto,1,5,5,17655.83,Theft & Stripping,Severe,2024-06-15,2024-06-15,0,Yes,Yes,"Vehicle stolen from private driveway overnight; recovery team found vehicle stripped of wheels, exhaust, and infotainment unit. Insured (40-50 years, Large religious families). Incident occurred on June 15, 2024 under standard operational conditions. Police report filed: Yes. Independent witness present: Yes. Total estimated repair and indemnity loss assessed at €17,655.83.",0
CLM-00521,CUST_02292,Auto,1,6,3,8068.5,Theft & Stripping,Severe,2024-02-27,2024-03-03,5,Yes,Yes,"Vehicle stolen from private driveway overnight; recovery team found vehicle stripped of wheels, exhaust, and infotainment unit. Insured (50-60 years, Lower class large families). Incident occurred on February 27, 2024 under standard operational conditions. Police report filed: Yes. Independent witness present: Yes. Total estimated repair and indemnity loss assessed at €8,068.50.",0
CLM-00522,CUST_06364,Auto,1,6,3,5752.7,Weather/Hail,Moderate,2024-02-22,2024-02-27,5,Yes,No,"Hail storm caused extensive bodywork dimpling and shattered panoramic sunroof during sudden convective storm. Insured (50-60 years, Couples with teens 'Married with children'). Incident occurred on February 22, 2024 under standard operational conditions. Police report filed: Yes. Independent witness present: No. Total estimated repair and indemnity loss assessed at €5,752.70.",0
CLM-00523,CUST_02543,Auto,1,6,5,24150.32,Single-Vehicle Crash,Catastrophic,2024-08-12,2024-08-19,7,Yes,No,"High-speed collision with utility pole following brake failure attempt; total front structural destruction. Airbags deployed. Insured (40-50 years, Mixed small town dwellers). Incident occurred on August 12, 2024 under standard operational conditions. Police report filed: Yes. Independent witness present: No. Total estimated repair and indemnity loss assessed at €24,150.32.",1
CLM-00524,CUST_09071,Auto,1,5,2,32279.49,Single-Vehicle Crash,Catastrophic,2024-11-11,2024-11-16,5,Yes,Yes,"High-speed collision with utility pole following brake failure attempt; total front structural destruction. Airbags deployed. Insured (30-40 years, Young, low educated). Incident occurred on November 11, 2024 under standard operational conditions. Police report filed: Yes. Independent witness present: Yes. Total estimated repair and indemnity loss assessed at €32,279.49.",0
CLM-00525,CUST_02834,Auto,2,6,6,14660.45,Rollover,Severe,2024-06-07,2024-06-11,4,Yes,Yes,"Single-vehicle rollover on icy highway curve after vehicle skidded on black ice; frame compromised, curtain airbags deployed. Insured (30-40 years, High status seniors). Incident occurred on June 07, 2024 under standard operational conditions. Police report filed: Yes. Independent witness present: Yes. Total estimated repair and indemnity loss assessed at €14,660.45.",0
CLM-00526,CUST_00023,Auto,1,6,6,15583.38,Single-Vehicle Crash,Catastrophic,2024-10-21,2024-10-27,6,Yes,Yes,"High-speed collision with utility pole following brake failure attempt; total front structural destruction. Airbags deployed. Insured (30-40 years, Young all american family). Incident occurred on October 21, 2024 under standard operational conditions. Police report filed: Yes. Independent witness present: Yes. Total estimated repair and indemnity loss assessed at €15,583.38.",0
CLM-00527,CUST_05126,Auto,1,6,3,8244.32,Theft & Stripping,Severe,2024-11-10,2024-11-13,3,Yes,Yes,"Vehicle stolen from private driveway overnight; recovery team found vehicle stripped of wheels, exhaust, and infotainment unit. Insured (40-50 years, Lower class large families). Incident occurred on November 10, 2024 under standard operational conditions. Police report filed: Yes. Independent witness present: Yes. Total estimated repair and indemnity loss assessed at €8,244.32.",0
CLM-00528,CUST_02259,Auto,1,6,8,2056.85,Hit and Run,Minor,2024-02-10,2024-02-13,3,Yes,No,"Parked vehicle side-swiped overnight along suburban roadway; left driver doors and mirror torn off. Perpetrator fled scene. Insured (30-40 years, Stable family). Incident occurred on February 10, 2024 under standard operational conditions. Police report filed: Yes. Independent witness present: No. Total estimated repair and indemnity loss assessed at €2,056.85.",0
CLM-00529,CUST_02674,Auto,1,6,6,31067.92,Single-Vehicle Crash,Catastrophic,2024-02-16,2024-02-21,5,Yes,No,"High-speed collision with utility pole following brake failure attempt; total front structural destruction. Airbags deployed. Insured (30-40 years, Young all american family). Incident occurred on February 16, 2024 under standard operational conditions. Police report filed: Yes. Independent witness present: No. Total estimated repair and indemnity loss assessed at €31,067.92.",0
CLM-00530,CUST_01121,Auto,0,0,6,7999.59,Hit and Run,Minor,2024-01-02,2024-03-05,63,Yes,No,"Parked vehicle side-swiped overnight along suburban roadway; left driver doors and mirror torn off. Perpetrator fled scene. Insured (50-60 years, High status seniors). Incident occurred on January 02, 2024 under standard operational conditions. Police report filed: Yes. Independent witness present: No. Total estimated repair and indemnity loss assessed at €7,999.59.",0
CLM-00531,CUST_06688,Auto,2,6,6,23071.55,Rollover,Severe,2024-07-13,2024-07-18,5,Yes,No,"Single-vehicle rollover on icy highway curve after vehicle skidded on black ice; frame compromised, curtain airbags deployed. Insured (30-40 years, Large family, employed child). Incident occurred on July 13, 2024 under standard operational conditions. Police report filed: Yes. Independent witness present: No. Total estimated repair and indemnity loss assessed at €23,071.55.",1
CLM-00532,CUST_09313,Auto,1,6,3,16658.6,Single-Vehicle Crash,Catastrophic,2024-04-26,2024-06-04,39,No,No,"High-speed collision with utility pole following brake failure attempt; total front structural destruction. Airbags deployed. Insured (40-50 years, Couples with teens 'Married with children'). Incident occurred on April 26, 2024 under standard operational conditions. Police report filed: No. Independent witness present: No. Total estimated repair and indemnity loss assessed at €16,658.60.",0
CLM-00533,CUST_01689,Auto,1,6,4,3248.7,Collision,Moderate,2024-06-25,2024-06-27,2,Yes,No,"Front-end collision at intersection during heavy rain; significant bumper, radiator and bonnet deformation. Third-party admitted fault. Insured (40-50 years, Mixed rurals). Incident occurred on June 25, 2024 under standard operational conditions. Police report filed: Yes. Independent witness present: No. Total estimated repair and indemnity loss assessed at €3,248.70.",0
CLM-00534,CUST_01213,Auto,1,6,7,3296.58,Weather/Hail,Moderate,2024-02-18,2024-02-23,5,Yes,No,"Hail storm caused extensive bodywork dimpling and shattered panoramic sunroof during sudden convective storm. Insured (30-40 years, Affluent young families). Incident occurred on February 18, 2024 under standard operational conditions. Police report filed: Yes. Independent witness present: No. Total estimated repair and indemnity loss assessed at €3,296.58.",1
CLM-00535,CUST_06982,Auto,1,6,7,24231.23,Single-Vehicle Crash,Catastrophic,2024-03-26,2024-04-01,6,Yes,Yes,"High-speed collision with utility pole following brake failure attempt; total front structural destruction. Airbags deployed. Insured (30-40 years, Affluent young families). Incident occurred on March 26, 2024 under standard operational conditions. Police report filed: Yes. Independent witness present: Yes. Total estimated repair and indemnity loss assessed at €24,231.23.",0
CLM-00536,CUST_03165,Auto,0,0,2,15084.39,Rollover,Severe,2024-10-04,2024-11-26,53,No,No,"Single-vehicle rollover on icy highway curve after vehicle skidded on black ice; frame compromised, curtain airbags deployed. Insured (30-40 years, Young, low educated). Incident occurred on October 04, 2024 under standard operational conditions. Police report filed: No. Independent witness present: No. Total estimated repair and indemnity loss assessed at €15,084.39.",0
CLM-00537,CUST_07945,Auto,1,6,7,15687.55,Rear-End,Moderate,2024-02-15,2024-04-30,75,Yes,No,"Rear-ended while stationary at red signal; tailgate, rear lights, and chassis panel crushed. Other driver present and exchanged insurance. Insured (40-50 years, Middle class families). Incident occurred on February 15, 2024 under standard operational conditions. Police report filed: Yes. Independent witness present: No. Total estimated repair and indemnity loss assessed at €15,687.55.",0
CLM-00538,CUST_00410,Auto,1,5,6,3523.17,Rear-End,Moderate,2024-03-29,2024-04-02,4,Yes,Yes,"Rear-ended while stationary at red signal; tailgate, rear lights, and chassis panel crushed. Other driver present and exchanged insurance. Insured (50-60 years, Affluent senior apartments). Incident occurred on March 29, 2024 under standard operational conditions. Police report filed: Yes. Independent witness present: Yes. Total estimated repair and indemnity loss assessed at €3,523.17.",0
CLM-00539,CUST_01858,Auto,1,6,3,2631.78,Hit and Run,Minor,2024-07-23,2024-07-30,7,Yes,No,"Parked vehicle side-swiped overnight along suburban roadway; left driver doors and mirror torn off. Perpetrator fled scene. Insured (30-40 years, Young and rising). Incident occurred on July 23, 2024 under standard operational conditions. Police report filed: Yes. Independent witness present: No. Total estimated repair and indemnity loss assessed at €2,631.78.",0
CLM-00540,CUST_04279,Auto,1,6,3,2635.73,Collision,Moderate,2024-11-25,2024-12-01,6,Yes,Yes,"Front-end collision at intersection during heavy rain; significant bumper, radiator and bonnet deformation. Third-party admitted fault. Insured (40-50 years, Large family farms). Incident occurred on November 25, 2024 under standard operational conditions. Police report filed: Yes. Independent witness present: Yes. Total estimated repair and indemnity loss assessed at €2,635.73.",0
CLM-00541,CUST_06116,Auto,1,6,3,2529.42,Hit and Run,Minor,2024-04-06,2024-04-13,7,Yes,Yes,"Parked vehicle side-swiped overnight along suburban roadway; left driver doors and mirror torn off. Perpetrator fled scene. Insured (40-50 years, Couples with teens 'Married with children'). Incident occurred on April 06, 2024 under standard operational conditions. Police report filed: Yes. Independent witness present: Yes. Total estimated repair and indemnity loss assessed at €2,529.42.",0
CLM-00542,CUST_07541,Auto,1,6,5,1350.18,Hit and Run,Minor,2024-04-26,2024-04-30,4,Yes,Yes,"Parked vehicle side-swiped overnight along suburban roadway; left driver doors and mirror torn off. Perpetrator fled scene. Insured (30-40 years, Large religious families). Incident occurred on April 26, 2024 under standard operational conditions. Police report filed: Yes. Independent witness present: Yes. Total estimated repair and indemnity loss assessed at €1,350.18.",0
CLM-00543,CUST_01572,Auto,1,6,3,3963.77,Collision,Moderate,2024-12-09,2024-12-14,5,Yes,No,"Front-end collision at intersection during heavy rain; significant bumper, radiator and bonnet deformation. Third-party admitted fault. Insured (40-50 years, Lower class large families). Incident occurred on December 09, 2024 under standard operational conditions. Police report filed: Yes. Independent witness present: No. Total estimated repair and indemnity loss assessed at €3,963.77.",0
CLM-00544,CUST_09500,Auto,1,6,6,6426.35,Rear-End,Moderate,2024-10-11,2024-10-11,0,Yes,No,"Rear-ended while stationary at red signal; tailgate, rear lights, and chassis panel crushed. Other driver present and exchanged insurance. Insured (30-40 years, Young all american family). Incident occurred on October 11, 2024 under standard operational conditions. Police report filed: Yes. Independent witness present: No. Total estimated repair and indemnity loss assessed at €6,426.35.",0
CLM-00545,CUST_06779,Auto,1,6,8,1531.7,Weather/Hail,Moderate,2024-09-01,2024-09-04,3,Yes,No,"Hail storm caused extensive bodywork dimpling and shattered panoramic sunroof during sudden convective storm. Insured (30-40 years, Career and childcare). Incident occurred on September 01, 2024 under standard operational conditions. Police report filed: Yes. Independent witness present: No. Total estimated repair and indemnity loss assessed at €1,531.70.",0
CLM-00546,CUST_06347,Auto,1,6,4,11733.04,Theft & Stripping,Severe,2024-01-19,2024-01-21,2,Yes,Yes,"Vehicle stolen from private driveway overnight; recovery team found vehicle stripped of wheels, exhaust, and infotainment unit. Insured (40-50 years, Mixed rurals). Incident occurred on January 19, 2024 under standard operational conditions. Police report filed: Yes. Independent witness present: Yes. Total estimated repair and indemnity loss assessed at €11,733.04.",0
CLM-00547,CUST_07301,Auto,1,5,4,4965.61,Rear-End,Moderate,2024-03-27,2024-03-30,3,Yes,Yes,"Rear-ended while stationary at red signal; tailgate, rear lights, and chassis panel crushed. Other driver present and exchanged insurance. Insured (40-50 years, Traditional families). Incident occurred on March 27, 2024 under standard operational conditions. Police report filed: Yes. Independent witness present: Yes. Total estimated repair and indemnity loss assessed at €4,965.61.",0
CLM-00548,CUST_06855,Auto,1,6,4,3084.35,Collision,Moderate,2024-12-16,2024-12-22,6,Yes,Yes,"Front-end collision at intersection during heavy rain; significant bumper, radiator and bonnet deformation. Third-party admitted fault. Insured (50-60 years, Traditional families). Incident occurred on December 16, 2024 under standard operational conditions. Police report filed: Yes. Independent witness present: Yes. Total estimated repair and indemnity loss assessed at €3,084.35.",0
CLM-00549,CUST_02394,Auto,1,6,4,16638.81,Theft & Stripping,Severe,2024-11-01,2024-11-05,4,Yes,No,"Vehicle stolen from private driveway overnight; recovery team found vehicle stripped of wheels, exhaust, and infotainment unit. Insured (40-50 years, Mixed rurals). Incident occurred on November 01, 2024 under standard operational conditions. Police report filed: Yes. Independent witness present: No. Total estimated repair and indemnity loss assessed at €16,638.81.",0
CLM-00550,CUST_01090,Auto,1,5,1,2475.22,Collision,Moderate,2024-07-18,2024-07-24,6,Yes,No,"Front-end collision at intersection during heavy rain; significant bumper, radiator and bonnet deformation. Third-party admitted fault. Insured (50-60 years, Low income catholics). Incident occurred on July 18, 2024 under standard operational conditions. Police report filed: Yes. Independent witness present: No. Total estimated repair and indemnity loss assessed at €2,475.22.",0
CLM-00551,CUST_08414,Auto,1,6,3,19759.54,Rollover,Severe,2024-01-08,2024-01-14,6,Yes,Yes,"Single-vehicle rollover on icy highway curve after vehicle skidded on black ice; frame compromised, curtain airbags deployed. Insured (40-50 years, Lower class large families). Incident occurred on January 08, 2024 under standard operational conditions. Police report filed: Yes. Independent witness present: Yes. Total estimated repair and indemnity loss assessed at €19,759.54.",0
CLM-00552,CUST_02400,Auto,1,6,3,4774.05,Weather/Hail,Moderate,2024-10-29,2024-10-30,1,Yes,Yes,"Hail storm caused extensive bodywork dimpling and shattered panoramic sunroof during sudden convective storm. Insured (40-50 years, Lower class large families). Incident occurred on October 29, 2024 under standard operational conditions. Police report filed: Yes. Independent witness present: Yes. Total estimated repair and indemnity loss assessed at €4,774.05.",0
CLM-00553,CUST_01633,Auto,1,5,6,19404.68,Theft & Stripping,Severe,2024-05-27,2024-06-01,5,Yes,No,"Vehicle stolen from private driveway overnight; recovery team found vehicle stripped of wheels, exhaust, and infotainment unit. Insured (30-40 years, Young all american family). Incident occurred on May 27, 2024 under standard operational conditions. Police report filed: Yes. Independent witness present: No. Total estimated repair and indemnity loss assessed at €19,404.68.",0
CLM-00554,CUST_07858,Auto,1,6,3,5348.19,Weather/Hail,Moderate,2024-11-08,2024-11-15,7,Yes,Yes,"Hail storm caused extensive bodywork dimpling and shattered panoramic sunroof during sudden convective storm. Insured (30-40 years, Young and rising). Incident occurred on November 08, 2024 under standard operational conditions. Police report filed: Yes. Independent witness present: Yes. Total estimated repair and indemnity loss assessed at €5,348.19.",0
CLM-00555,CUST_06507,Auto,1,6,3,4770.4,Rear-End,Moderate,2024-11-13,2024-11-19,6,Yes,Yes,"Rear-ended while stationary at red signal; tailgate, rear lights, and chassis panel crushed. Other driver present and exchanged insurance. Insured (50-60 years, Couples with teens 'Married with children'). Incident occurred on November 13, 2024 under standard operational conditions. Police report filed: Yes. Independent witness present: Yes. Total estimated repair and indemnity loss assessed at €4,770.40.",0
CLM-00556,CUST_05323,Auto,1,6,4,26030.92,Single-Vehicle Crash,Catastrophic,2024-05-02,2024-05-02,0,Yes,No,"High-speed collision with utility pole following brake failure attempt; total front structural destruction. Airbags deployed. Insured (40-50 years, Mixed rurals). Incident occurred on May 02, 2024 under standard operational conditions. Police report filed: Yes. Independent witness present: No. Total estimated repair and indemnity loss assessed at €26,030.92.",0
CLM-00557,CUST_05968,Auto,1,5,3,2614.87,Collision,Moderate,2024-06-22,2024-06-26,4,Yes,No,"Front-end collision at intersection during heavy rain; significant bumper, radiator and bonnet deformation. Third-party admitted fault. Insured (30-40 years, Lower class large families). Incident occurred on June 22, 2024 under standard operational conditions. Police report filed: Yes. Independent witness present: No. Total estimated repair and indemnity loss assessed at €2,614.87.",0
CLM-00558,CUST_07958,Auto,1,6,8,13263.26,Theft & Stripping,Severe,2024-02-21,2024-02-24,3,Yes,Yes,"Vehicle stolen from private driveway overnight; recovery team found vehicle stripped of wheels, exhaust, and infotainment unit. Insured (40-50 years, Career and childcare). Incident occurred on February 21, 2024 under standard operational conditions. Police report filed: Yes. Independent witness present: Yes. Total estimated repair and indemnity loss assessed at €13,263.26.",0
CLM-00559,CUST_07189,Auto,1,6,7,16736.7,Theft & Stripping,Severe,2024-06-14,2024-06-18,4,Yes,No,"Vehicle stolen from private driveway overnight; recovery team found vehicle stripped of wheels, exhaust, and infotainment unit. Insured (40-50 years, Middle class families). Incident occurred on June 14, 2024 under standard operational conditions. Police report filed: Yes. Independent witness present: No. Total estimated repair and indemnity loss assessed at €16,736.70.",1
CLM-00560,CUST_01445,Auto,1,6,2,3632.52,Rear-End,Moderate,2024-08-15,2024-08-18,3,Yes,No,"Rear-ended while stationary at red signal; tailgate, rear lights, and chassis panel crushed. Other driver present and exchanged insurance. Insured (40-50 years, Young, low educated). Incident occurred on August 15, 2024 under standard operational conditions. Police report filed: Yes. Independent witness present: No. Total estimated repair and indemnity loss assessed at €3,632.52.",1
CLM-00561,CUST_08365,Auto,1,6,2,16297.05,Theft & Stripping,Severe,2024-07-11,2024-07-11,0,Yes,Yes,"Vehicle stolen from private driveway overnight; recovery team found vehicle stripped of wheels, exhaust, and infotainment unit. Insured (50-60 years, Young, low educated). Incident occurred on July 11, 2024 under standard operational conditions. Police report filed: Yes. Independent witness present: Yes. Total estimated repair and indemnity loss assessed at €16,297.05.",0
CLM-00562,CUST_06512,Auto,1,6,6,7377.1,Rear-End,Moderate,2024-09-26,2024-09-26,0,Yes,Yes,"Rear-ended while stationary at red signal; tailgate, rear lights, and chassis panel crushed. Other driver present and exchanged insurance. Insured (50-60 years, Large family, employed child). Incident occurred on September 26, 2024 under standard operational conditions. Police report filed: Yes. Independent witness present: Yes. Total estimated repair and indemnity loss assessed at €7,377.10.",2
CLM-00563,CUST_03242,Auto,2,6,4,18738.72,Theft & Stripping,Severe,2024-01-31,2024-02-03,3,Yes,Yes,"Vehicle stolen from private driveway overnight; recovery team found vehicle stripped of wheels, exhaust, and infotainment unit. Insured (40-50 years, Modern, complete families). Incident occurred on January 31, 2024 under standard operational conditions. Police report filed: Yes. Independent witness present: Yes. Total estimated repair and indemnity loss assessed at €18,738.72.",0
CLM-00564,CUST_05762,Auto,1,6,1,26674.82,Single-Vehicle Crash,Catastrophic,2024-04-12,2024-04-16,4,Yes,No,"High-speed collision with utility pole following brake failure attempt; total front structural destruction. Airbags deployed. Insured (50-60 years, Mixed seniors). Incident occurred on April 12, 2024 under standard operational conditions. Police report filed: Yes. Independent witness present: No. Total estimated repair and indemnity loss assessed at €26,674.82.",0
CLM-00565,CUST_08186,Auto,1,6,3,26447.28,Rollover,Severe,2024-11-22,2024-11-23,1,Yes,Yes,"Single-vehicle rollover on icy highway curve after vehicle skidded on black ice; frame compromised, curtain airbags deployed. Insured (40-50 years, Lower class large families). Incident occurred on November 22, 2024 under standard operational conditions. Police report filed: Yes. Independent witness present: Yes. Total estimated repair and indemnity loss assessed at €26,447.28.",0
CLM-00566,CUST_07916,Auto,1,6,4,4420.69,Weather/Hail,Moderate,2024-08-17,2024-08-19,2,Yes,No,"Hail storm caused extensive bodywork dimpling and shattered panoramic sunroof during sudden convective storm. Insured (30-40 years, Traditional families). Incident occurred on August 17, 2024 under standard operational conditions. Police report filed: Yes. Independent witness present: No. Total estimated repair and indemnity loss assessed at €4,420.69.",0
CLM-00567,CUST_05618,Auto,1,5,3,727.13,Hit and Run,Minor,2024-03-25,2024-03-29,4,Yes,Yes,"Parked vehicle side-swiped overnight along suburban roadway; left driver doors and mirror torn off. Perpetrator fled scene. Insured (30-40 years, Lower class large families). Incident occurred on March 25, 2024 under standard operational conditions. Police report filed: Yes. Independent witness present: Yes. Total estimated repair and indemnity loss assessed at €727.13.",0
CLM-00568,CUST_06192,Auto,1,5,6,1990.3,Collision,Moderate,2024-03-25,2024-03-28,3,Yes,Yes,"Front-end collision at intersection during heavy rain; significant bumper, radiator and bonnet deformation. Third-party admitted fault. Insured (50-60 years, Very Important Provincials). Incident occurred on March 25, 2024 under standard operational conditions. Police report filed: Yes. Independent witness present: Yes. Total estimated repair and indemnity loss assessed at €1,990.30.",0
CLM-00569,CUST_03355,Auto,1,6,3,905.52,Hit and Run,Minor,2024-11-30,2024-12-06,6,Yes,Yes,"Parked vehicle side-swiped overnight along suburban roadway; left driver doors and mirror torn off. Perpetrator fled scene. Insured (40-50 years, Lower class large families). Incident occurred on November 30, 2024 under standard operational conditions. Police report filed: Yes. Independent witness present: Yes. Total estimated repair and indemnity loss assessed at €905.52.",0
CLM-00570,CUST_00145,Auto,1,5,3,16390.92,Rollover,Severe,2024-03-09,2024-03-11,2,Yes,Yes,"Single-vehicle rollover on icy highway curve after vehicle skidded on black ice; frame compromised, curtain airbags deployed. Insured (40-50 years, Lower class large families). Incident occurred on March 09, 2024 under standard operational conditions. Police report filed: Yes. Independent witness present: Yes. Total estimated repair and indemnity loss assessed at €16,390.92.",0
CLM-00571,CUST_09798,Auto,1,6,3,15157.36,Theft & Stripping,Severe,2024-06-06,2024-06-10,4,Yes,No,"Vehicle stolen from private driveway overnight; recovery team found vehicle stripped of wheels, exhaust, and infotainment unit. Insured (40-50 years, Traditional families). Incident occurred on June 06, 2024 under standard operational conditions. Police report filed: Yes. Independent witness present: No. Total estimated repair and indemnity loss assessed at €15,157.36.",0
CLM-00572,CUST_05597,Auto,1,6,3,29298.62,Rollover,Severe,2024-05-10,2024-05-13,3,Yes,No,"Single-vehicle rollover on icy highway curve after vehicle skidded on black ice; frame compromised, curtain airbags deployed. Insured (30-40 years, Young and rising). Incident occurred on May 10, 2024 under standard operational conditions. Police report filed: Yes. Independent witness present: No. Total estimated repair and indemnity loss assessed at €29,298.62.",0
CLM-00573,CUST_08428,Auto,1,6,3,16453.09,Theft & Stripping,Severe,2024-11-16,2024-11-22,6,Yes,Yes,"Vehicle stolen from private driveway overnight; recovery team found vehicle stripped of wheels, exhaust, and infotainment unit. Insured (50-60 years, Large family farms). Incident occurred on November 16, 2024 under standard operational conditions. Police report filed: Yes. Independent witness present: Yes. Total estimated repair and indemnity loss assessed at €16,453.09.",0
CLM-00574,CUST_05994,Auto,1,5,2,4493.26,Weather/Hail,Moderate,2024-11-08,2024-12-19,41,Yes,No,"Hail storm caused extensive bodywork dimpling and shattered panoramic sunroof during sudden convective storm. Insured (30-40 years, Mixed apartment dwellers). Incident occurred on November 08, 2024 under standard operational conditions. Police report filed: Yes. Independent witness present: No. Total estimated repair and indemnity loss assessed at €4,493.26.",0
CLM-00575,CUST_05238,Auto,1,6,3,82774.71,Theft & Stripping,Severe,2024-11-30,2025-01-13,44,Yes,Yes,"Vehicle stolen from private driveway overnight; recovery team found vehicle stripped of wheels, exhaust, and infotainment unit. Insured (30-40 years, Young and rising). Incident occurred on November 30, 2024 under standard operational conditions. Police report filed: Yes. Independent witness present: Yes. Total estimated repair and indemnity loss assessed at €82,774.71.",0
CLM-00576,CUST_09682,Auto,1,6,3,5973.19,Rollover,Severe,2024-12-05,2024-12-10,5,Yes,Yes,"Single-vehicle rollover on icy highway curve after vehicle skidded on black ice; frame compromised, curtain airbags deployed. Insured (40-50 years, Couples with teens 'Married with children'). Incident occurred on December 05, 2024 under standard operational conditions. Police report filed: Yes. Independent witness present: Yes. Total estimated repair and indemnity loss assessed at €5,973.19.",0
CLM-00577,CUST_08051,Auto,1,6,3,2169.37,Hit and Run,Minor,2024-05-13,2024-05-19,6,Yes,No,"Parked vehicle side-swiped overnight along suburban roadway; left driver doors and mirror torn off. Perpetrator fled scene. Insured (40-50 years, Lower class large families). Incident occurred on May 13, 2024 under standard operational conditions. Police report filed: Yes. Independent witness present: No. Total estimated repair and indemnity loss assessed at €2,169.37.",0
CLM-00578,CUST_00562,Auto,1,6,3,6071.21,Weather/Hail,Moderate,2024-10-20,2024-10-23,3,Yes,No,"Hail storm caused extensive bodywork dimpling and shattered panoramic sunroof during sudden convective storm. Insured (30-40 years, Young and rising). Incident occurred on October 20, 2024 under standard operational conditions. Police report filed: Yes. Independent witness present: No. Total estimated repair and indemnity loss assessed at €6,071.21.",0
CLM-00579,CUST_03612,Auto,1,6,6,18030.6,Single-Vehicle Crash,Catastrophic,2024-10-01,2024-10-08,7,Yes,No,"High-speed collision with utility pole following brake failure attempt; total front structural destruction. Airbags deployed. Insured (60-70 years, High status seniors). Incident occurred on October 01, 2024 under standard operational conditions. Police report filed: Yes. Independent witness present: No. Total estimated repair and indemnity loss assessed at €18,030.60.",0
CLM-00580,CUST_02729,Auto,1,5,1,19303.77,Theft & Stripping,Severe,2024-12-03,2024-12-05,2,Yes,No,"Vehicle stolen from private driveway overnight; recovery team found vehicle stripped of wheels, exhaust, and infotainment unit. Insured (40-50 years, Low income catholics). Incident occurred on December 03, 2024 under standard operational conditions. Police report filed: Yes. Independent witness present: No. Total estimated repair and indemnity loss assessed at €19,303.77.",0
CLM-00581,CUST_04307,Auto,0,0,1,24938.72,Single-Vehicle Crash,Catastrophic,2024-04-04,2024-04-09,5,No,No,"High-speed collision with utility pole following brake failure attempt; total front structural destruction. Airbags deployed. Insured (50-60 years, Seniors in apartments). Incident occurred on April 04, 2024 under standard operational conditions. Police report filed: No. Independent witness present: No. Total estimated repair and indemnity loss assessed at €24,938.72.",0
CLM-00582,CUST_04961,Auto,1,5,6,16008.27,Rollover,Severe,2024-06-19,2024-06-24,5,Yes,No,"Single-vehicle rollover on icy highway curve after vehicle skidded on black ice; frame compromised, curtain airbags deployed. Insured (30-40 years, Dinki's (double income no kids)). Incident occurred on June 19, 2024 under standard operational conditions. Police report filed: Yes. Independent witness present: No. Total estimated repair and indemnity loss assessed at €16,008.27.",1
CLM-00583,CUST_07528,Auto,1,6,7,17737.68,Theft & Stripping,Severe,2024-03-02,2024-03-09,7,Yes,Yes,"Vehicle stolen from private driveway overnight; recovery team found vehicle stripped of wheels, exhaust, and infotainment unit. Insured (30-40 years, Affluent young families). Incident occurred on March 02, 2024 under standard operational conditions. Police report filed: Yes. Independent witness present: Yes. Total estimated repair and indemnity loss assessed at €17,737.68.",0
CLM-00584,CUST_09398,Auto,1,6,2,8170.97,Weather/Hail,Moderate,2024-11-14,2024-11-15,1,Yes,No,"Hail storm caused extensive bodywork dimpling and shattered panoramic sunroof during sudden convective storm. Insured (40-50 years, Religious elderly singles). Incident occurred on November 14, 2024 under standard operational conditions. Police report filed: Yes. Independent witness present: No. Total estimated repair and indemnity loss assessed at €8,170.97.",1
CLM-00585,CUST_08101,Auto,1,6,6,3546.24,Collision,Moderate,2024-12-15,2024-12-21,6,Yes,No,"Front-end collision at intersection during heavy rain; significant bumper, radiator and bonnet deformation. Third-party admitted fault. Insured (40-50 years, Young all american family). Incident occurred on December 15, 2024 under standard operational conditions. Police report filed: Yes. Independent witness present: No. Total estimated repair and indemnity loss assessed at €3,546.24.",0
CLM-00586,CUST_02435,Auto,1,6,3,4636.33,Rear-End,Moderate,2024-04-13,2024-04-18,5,Yes,No,"Rear-ended while stationary at red signal; tailgate, rear lights, and chassis panel crushed. Other driver present and exchanged insurance. Insured (20-30 years, Young and rising). Incident occurred on April 13, 2024 under standard operational conditions. Police report filed: Yes. Independent witness present: No. Total estimated repair and indemnity loss assessed at €4,636.33.",0
CLM-00587,CUST_07438,Auto,1,6,4,3574.96,Rear-End,Moderate,2024-06-11,2024-06-13,2,Yes,Yes,"Rear-ended while stationary at red signal; tailgate, rear lights, and chassis panel crushed. Other driver present and exchanged insurance. Insured (30-40 years, Traditional families). Incident occurred on June 11, 2024 under standard operational conditions. Police report filed: Yes. Independent witness present: Yes. Total estimated repair and indemnity loss assessed at €3,574.96.",1
CLM-00588,CUST_02855,Auto,1,5,3,1440.09,Hit and Run,Minor,2024-11-21,2024-11-21,0,Yes,Yes,"Parked vehicle side-swiped overnight along suburban roadway; left driver doors and mirror torn off. Perpetrator fled scene. Insured (40-50 years, Lower class large families). Incident occurred on November 21, 2024 under standard operational conditions. Police report filed: Yes. Independent witness present: Yes. Total estimated repair and indemnity loss assessed at €1,440.09.",0
CLM-00589,CUST_03396,Auto,1,6,1,18567.41,Theft & Stripping,Severe,2024-03-28,2024-03-30,2,Yes,No,"Vehicle stolen from private driveway overnight; recovery team found vehicle stripped of wheels, exhaust, and infotainment unit. Insured (40-50 years, Young seniors in the city). Incident occurred on March 28, 2024 under standard operational conditions. Police report filed: Yes. Independent witness present: No. Total estimated repair and indemnity loss assessed at €18,567.41.",0
CLM-00590,CUST_01433,Auto,1,6,3,2979.87,Rear-End,Moderate,2024-11-11,2024-11-17,6,Yes,No,"Rear-ended while stationary at red signal; tailgate, rear lights, and chassis panel crushed. Other driver present and exchanged insurance. Insured (30-40 years, Young and rising). Incident occurred on November 11, 2024 under standard operational conditions. Police report filed: Yes. Independent witness present: No. Total estimated repair and indemnity loss assessed at €2,979.87.",0
CLM-00591,CUST_07735,Auto,1,6,3,19669.4,Rollover,Severe,2024-01-04,2024-01-04,0,Yes,Yes,"Single-vehicle rollover on icy highway curve after vehicle skidded on black ice; frame compromised, curtain airbags deployed. Insured (40-50 years, Mixed seniors). Incident occurred on January 04, 2024 under standard operational conditions. Police report filed: Yes. Independent witness present: Yes. Total estimated repair and indemnity loss assessed at €19,669.40.",0
CLM-00592,CUST_00228,Auto,1,6,6,1741.41,Hit and Run,Minor,2024-09-29,2024-10-02,3,Yes,Yes,"Parked vehicle side-swiped overnight along suburban roadway; left driver doors and mirror torn off. Perpetrator fled scene. Insured (40-50 years, Family starters). Incident occurred on September 29, 2024 under standard operational conditions. Police report filed: Yes. Independent witness present: Yes. Total estimated repair and indemnity loss assessed at €1,741.41.",0
CLM-00593,CUST_04034,Auto,1,6,4,4982.47,Rear-End,Moderate,2024-06-26,2024-06-30,4,Yes,Yes,"Rear-ended while stationary at red signal; tailgate, rear lights, and chassis panel crushed. Other driver present and exchanged insurance. Insured (40-50 years, Mixed rurals). Incident occurred on June 26, 2024 under standard operational conditions. Police report filed: Yes. Independent witness present: Yes. Total estimated repair and indemnity loss assessed at €4,982.47.",0
CLM-00594,CUST_04947,Auto,1,5,2,15412.83,Rear-End,Moderate,2024-05-29,2024-06-03,5,Yes,No,"Rear-ended while stationary at red signal; tailgate, rear lights, and chassis panel crushed. Other driver present and exchanged insurance. Insured (40-50 years, Young, low educated). Incident occurred on May 29, 2024 under standard operational conditions. Police report filed: Yes. Independent witness present: No. Total estimated repair and indemnity loss assessed at €15,412.83.",0
CLM-00595,CUST_02148,Auto,2,6,8,2650.52,Hit and Run,Minor,2024-09-08,2024-09-13,5,Yes,Yes,"Parked vehicle side-swiped overnight along suburban roadway; left driver doors and mirror torn off. Perpetrator fled scene. Insured (30-40 years, Career and childcare). Incident occurred on September 08, 2024 under standard operational conditions. Police report filed: Yes. Independent witness present: Yes. Total estimated repair and indemnity loss assessed at €2,650.52.",0
CLM-00596,CUST_06512,Auto,1,6,6,2715.98,Collision,Moderate,2024-04-27,2024-04-30,3,Yes,Yes,"Front-end collision at intersection during heavy rain; significant bumper, radiator and bonnet deformation. Third-party admitted fault. Insured (50-60 years, Large family, employed child). Incident occurred on April 27, 2024 under standard operational conditions. Police report filed: Yes. Independent witness present: Yes. Total estimated repair and indemnity loss assessed at €2,715.98.",0
CLM-00597,CUST_00357,Auto,1,6,7,4614.18,Weather/Hail,Moderate,2024-09-16,2024-09-18,2,Yes,Yes,"Hail storm caused extensive bodywork dimpling and shattered panoramic sunroof during sudden convective storm. Insured (40-50 years, Middle class families). Incident occurred on September 16, 2024 under standard operational conditions. Police report filed: Yes. Independent witness present: Yes. Total estimated repair and indemnity loss assessed at €4,614.18.",0
CLM-00598,CUST_00593,Auto,1,5,4,12627.42,Rollover,Severe,2024-11-24,2024-11-28,4,Yes,Yes,"Single-vehicle rollover on icy highway curve after vehicle skidded on black ice; frame compromised, curtain airbags deployed. Insured (30-40 years, Traditional families). Incident occurred on November 24, 2024 under standard operational conditions. Police report filed: Yes. Independent witness present: Yes. Total estimated repair and indemnity loss assessed at €12,627.42.",0
CLM-00599,CUST_00782,Auto,1,6,7,25787.8,Single-Vehicle Crash,Catastrophic,2024-02-26,2024-02-26,0,Yes,Yes,"High-speed collision with utility pole following brake failure attempt; total front structural destruction. Airbags deployed. Insured (50-60 years, Middle class families). Incident occurred on February 26, 2024 under standard operational conditions. Police report filed: Yes. Independent witness present: Yes. Total estimated repair and indemnity loss assessed at €25,787.80.",0
CLM-00600,CUST_06744,Auto,1,6,1,21503.8,Rollover,Severe,2024-07-14,2024-07-15,1,Yes,No,"Single-vehicle rollover on icy highway curve after vehicle skidded on black ice; frame compromised, curtain airbags deployed. Insured (30-40 years, Low income catholics). Incident occurred on July 14, 2024 under standard operational conditions. Police report filed: Yes. Independent witness present: No. Total estimated repair and indemnity loss assessed at €21,503.80.",0
CLM-00601,CUST_02468,Auto,1,6,3,5399.48,Rear-End,Moderate,2024-11-19,2024-11-19,0,Yes,No,"Rear-ended while stationary at red signal; tailgate, rear lights, and chassis panel crushed. Other driver present and exchanged insurance. Insured (30-40 years, Lower class large families). Incident occurred on November 19, 2024 under standard operational conditions. Police report filed: Yes. Independent witness present: No. Total estimated repair and indemnity loss assessed at €5,399.48.",0
CLM-00602,CUST_01633,Auto,1,5,6,21083.76,Single-Vehicle Crash,Catastrophic,2024-09-24,2024-09-28,4,Yes,Yes,"High-speed collision with utility pole following brake failure attempt; total front structural destruction. Airbags deployed. Insured (30-40 years, Young all american family). Incident occurred on September 24, 2024 under standard operational conditions. Police report filed: Yes. Independent witness present: Yes. Total estimated repair and indemnity loss assessed at €21,083.76.",1
CLM-00603,CUST_01693,Auto,1,6,6,6209.45,Weather/Hail,Moderate,2024-11-13,2024-11-14,1,Yes,No,"Hail storm caused extensive bodywork dimpling and shattered panoramic sunroof during sudden convective storm. Insured (30-40 years, Young all american family). Incident occurred on November 13, 2024 under standard operational conditions. Police report filed: Yes. Independent witness present: No. Total estimated repair and indemnity loss assessed at €6,209.45.",0
CLM-00604,CUST_03297,Auto,0,0,3,22485.01,Weather/Hail,Moderate,2024-09-25,2024-09-30,5,Yes,No,"Hail storm caused extensive bodywork dimpling and shattered panoramic sunroof during sudden convective storm. Insured (50-60 years, Couples with teens 'Married with children'). Incident occurred on September 25, 2024 under standard operational conditions. Police report filed: Yes. Independent witness present: No. Total estimated repair and indemnity loss assessed at €22,485.01.",0
CLM-00605,CUST_00640,Auto,1,5,2,5378.81,Weather/Hail,Moderate,2024-09-12,2024-09-15,3,Yes,No,"Hail storm caused extensive bodywork dimpling and shattered panoramic sunroof during sudden convective storm. Insured (30-40 years, Mixed apartment dwellers). Incident occurred on September 12, 2024 under standard operational conditions. Police report filed: Yes. Independent witness present: No. Total estimated repair and indemnity loss assessed at €5,378.81.",1
CLM-00606,CUST_00044,Auto,1,6,3,5580.15,Collision,Moderate,2024-12-10,2024-12-11,1,Yes,Yes,"Front-end collision at intersection during heavy rain; significant bumper, radiator and bonnet deformation. Third-party admitted fault. Insured (50-60 years, Lower class large families). Incident occurred on December 10, 2024 under standard operational conditions. Police report filed: Yes. Independent witness present: Yes. Total estimated repair and indemnity loss assessed at €5,580.15.",0
CLM-00607,CUST_07993,Auto,1,6,1,3103.32,Rear-End,Moderate,2024-02-17,2024-02-18,1,Yes,Yes,"Rear-ended while stationary at red signal; tailgate, rear lights, and chassis panel crushed. Other driver present and exchanged insurance. Insured (50-60 years, Seniors in apartments). Incident occurred on February 17, 2024 under standard operational conditions. Police report filed: Yes. Independent witness present: Yes. Total estimated repair and indemnity loss assessed at €3,103.32.",0
CLM-00608,CUST_03753,Auto,1,5,8,11032.07,Rollover,Severe,2024-06-01,2024-06-05,4,Yes,No,"Single-vehicle rollover on icy highway curve after vehicle skidded on black ice; frame compromised, curtain airbags deployed. Insured (40-50 years, Career and childcare). Incident occurred on June 01, 2024 under standard operational conditions. Police report filed: Yes. Independent witness present: No. Total estimated repair and indemnity loss assessed at €11,032.07.",0
CLM-00609,CUST_00641,Auto,1,6,8,93090.06,Theft & Stripping,Severe,2024-06-10,2024-06-11,1,Yes,Yes,"Vehicle stolen from private driveway overnight; recovery team found vehicle stripped of wheels, exhaust, and infotainment unit. Insured (30-40 years, Stable family). Incident occurred on June 10, 2024 under standard operational conditions. Police report filed: Yes. Independent witness present: Yes. Total estimated repair and indemnity loss assessed at €93,090.06.",0
CLM-00610,CUST_00162,Auto,2,7,4,21943.39,Theft & Stripping,Severe,2024-03-12,2024-03-14,2,Yes,No,"Vehicle stolen from private driveway overnight; recovery team found vehicle stripped of wheels, exhaust, and infotainment unit. Insured (40-50 years, Modern, complete families). Incident occurred on March 12, 2024 under standard operational conditions. Police report filed: Yes. Independent witness present: No. Total estimated repair and indemnity loss assessed at €21,943.39.",0
CLM-00611,CUST_07080,Auto,1,6,3,5908.11,Weather/Hail,Moderate,2024-05-18,2024-05-19,1,Yes,No,"Hail storm caused extensive bodywork dimpling and shattered panoramic sunroof during sudden convective storm. Insured (30-40 years, Young and rising). Incident occurred on May 18, 2024 under standard operational conditions. Police report filed: Yes. Independent witness present: No. Total estimated repair and indemnity loss assessed at €5,908.11.",0
CLM-00612,CUST_02948,Auto,1,5,3,3133.3,Collision,Moderate,2024-07-25,2024-07-31,6,Yes,No,"Front-end collision at intersection during heavy rain; significant bumper, radiator and bonnet deformation. Third-party admitted fault. Insured (40-50 years, Couples with teens 'Married with children'). Incident occurred on July 25, 2024 under standard operational conditions. Police report filed: Yes. Independent witness present: No. Total estimated repair and indemnity loss assessed at €3,133.30.",0
CLM-00613,CUST_06180,Auto,1,6,3,31219.76,Single-Vehicle Crash,Catastrophic,2024-09-02,2024-09-08,6,Yes,Yes,"High-speed collision with utility pole following brake failure attempt; total front structural destruction. Airbags deployed. Insured (40-50 years, Lower class large families). Incident occurred on September 02, 2024 under standard operational conditions. Police report filed: Yes. Independent witness present: Yes. Total estimated repair and indemnity loss assessed at €31,219.76.",0
CLM-00614,CUST_00959,Auto,1,6,8,73574.26,Theft & Stripping,Severe,2024-10-30,2024-11-06,7,Yes,Yes,"Vehicle stolen from private driveway overnight; recovery team found vehicle stripped of wheels, exhaust, and infotainment unit. Insured (40-50 years, Career and childcare). Incident occurred on October 30, 2024 under standard operational conditions. Police report filed: Yes. Independent witness present: Yes. Total estimated repair and indemnity loss assessed at €73,574.26.",0
CLM-00615,CUST_00470,Auto,2,6,3,25352.16,Theft & Stripping,Severe,2024-03-08,2024-03-15,7,Yes,No,"Vehicle stolen from private driveway overnight; recovery team found vehicle stripped of wheels, exhaust, and infotainment unit. Insured (30-40 years, Lower class large families). Incident occurred on March 08, 2024 under standard operational conditions. Police report filed: Yes. Independent witness present: No. Total estimated repair and indemnity loss assessed at €25,352.16.",0
CLM-00616,CUST_00753,Auto,1,6,3,14371.75,Collision,Moderate,2024-12-14,2024-12-17,3,Yes,No,"Front-end collision at intersection during heavy rain; significant bumper, radiator and bonnet deformation. Third-party admitted fault. Insured (40-50 years, Lower class large families). Incident occurred on December 14, 2024 under standard operational conditions. Police report filed: Yes. Independent witness present: No. Total estimated repair and indemnity loss assessed at €14,371.75.",0
CLM-00617,CUST_01549,Auto,3,7,6,20636.37,Rollover,Severe,2024-12-05,2024-12-08,3,Yes,No,"Single-vehicle rollover on icy highway curve after vehicle skidded on black ice; frame compromised, curtain airbags deployed. Insured (40-50 years, Family starters). Incident occurred on December 05, 2024 under standard operational conditions. Police report filed: Yes. Independent witness present: No. Total estimated repair and indemnity loss assessed at €20,636.37.",0
CLM-00618,CUST_06169,Auto,1,6,2,5352.65,Rear-End,Moderate,2024-10-13,2024-10-13,0,Yes,Yes,"Rear-ended while stationary at red signal; tailgate, rear lights, and chassis panel crushed. Other driver present and exchanged insurance. Insured (30-40 years, Young, low educated). Incident occurred on October 13, 2024 under standard operational conditions. Police report filed: Yes. Independent witness present: Yes. Total estimated repair and indemnity loss assessed at €5,352.65.",0
CLM-00619,CUST_02535,Auto,1,6,8,5665.41,Weather/Hail,Moderate,2024-08-29,2024-09-05,7,Yes,Yes,"Hail storm caused extensive bodywork dimpling and shattered panoramic sunroof during sudden convective storm. Insured (40-50 years, Stable family). Incident occurred on August 29, 2024 under standard operational conditions. Police report filed: Yes. Independent witness present: Yes. Total estimated repair and indemnity loss assessed at €5,665.41.",0
CLM-00620,CUST_03915,Auto,1,6,5,2162.33,Hit and Run,Minor,2024-01-27,2024-02-02,6,Yes,No,"Parked vehicle side-swiped overnight along suburban roadway; left driver doors and mirror torn off. Perpetrator fled scene. Insured (50-60 years, Village families). Incident occurred on January 27, 2024 under standard operational conditions. Police report filed: Yes. Independent witness present: No. Total estimated repair and indemnity loss assessed at €2,162.33.",0
CLM-00621,CUST_01285,Auto,1,6,3,14497.15,Rollover,Severe,2024-08-16,2024-08-23,7,Yes,Yes,"Single-vehicle rollover on icy highway curve after vehicle skidded on black ice; frame compromised, curtain airbags deployed. Insured (40-50 years, Lower class large families). Incident occurred on August 16, 2024 under standard operational conditions. Police report filed: Yes. Independent witness present: Yes. Total estimated repair and indemnity loss assessed at €14,497.15.",0
CLM-00622,CUST_07267,Auto,1,6,1,2310.88,Hit and Run,Minor,2024-03-02,2024-03-09,7,Yes,Yes,"Parked vehicle side-swiped overnight along suburban roadway; left driver doors and mirror torn off. Perpetrator fled scene. Insured (50-60 years, Low income catholics). Incident occurred on March 02, 2024 under standard operational conditions. Police report filed: Yes. Independent witness present: Yes. Total estimated repair and indemnity loss assessed at €2,310.88.",0
CLM-00623,CUST_09004,Auto,1,6,6,20743.73,Weather/Hail,Moderate,2024-11-06,2024-11-10,4,Yes,Yes,"Hail storm caused extensive bodywork dimpling and shattered panoramic sunroof during sudden convective storm. Insured (50-60 years, Affluent senior apartments). Incident occurred on November 06, 2024 under standard operational conditions. Police report filed: Yes. Independent witness present: Yes. Total estimated repair and indemnity loss assessed at €20,743.73.",0
CLM-00624,CUST_07413,Auto,1,6,5,2835.25,Hit and Run,Minor,2024-07-06,2024-07-06,0,Yes,Yes,"Parked vehicle side-swiped overnight along suburban roadway; left driver doors and mirror torn off. Perpetrator fled scene. Insured (40-50 years, Large religious families). Incident occurred on July 06, 2024 under standard operational conditions. Police report filed: Yes. Independent witness present: Yes. Total estimated repair and indemnity loss assessed at €2,835.25.",0
CLM-00625,CUST_05328,Auto,1,6,3,7222.46,Weather/Hail,Moderate,2024-11-14,2024-11-21,7,Yes,No,"Hail storm caused extensive bodywork dimpling and shattered panoramic sunroof during sudden convective storm. Insured (50-60 years, Lower class large families). Incident occurred on November 14, 2024 under standard operational conditions. Police report filed: Yes. Independent witness present: No. Total estimated repair and indemnity loss assessed at €7,222.46.",0
CLM-00626,CUST_01831,Auto,1,5,7,2586.54,Collision,Moderate,2024-12-04,2024-12-07,3,Yes,Yes,"Front-end collision at intersection during heavy rain; significant bumper, radiator and bonnet deformation. Third-party admitted fault. Insured (40-50 years, Middle class families). Incident occurred on December 04, 2024 under standard operational conditions. Police report filed: Yes. Independent witness present: Yes. Total estimated repair and indemnity loss assessed at €2,586.54.",0
CLM-00627,CUST_04699,Auto,1,6,4,3606.55,Weather/Hail,Moderate,2024-09-25,2024-09-30,5,Yes,Yes,"Hail storm caused extensive bodywork dimpling and shattered panoramic sunroof during sudden convective storm. Insured (30-40 years, Traditional families). Incident occurred on September 25, 2024 under standard operational conditions. Police report filed: Yes. Independent witness present: Yes. Total estimated repair and indemnity loss assessed at €3,606.55.",0
CLM-00628,CUST_02335,Auto,0,0,1,11071.69,Theft & Stripping,Severe,2024-07-29,2024-10-11,74,No,No,"Vehicle stolen from private driveway overnight; recovery team found vehicle stripped of wheels, exhaust, and infotainment unit. Insured (40-50 years, Low income catholics). Incident occurred on July 29, 2024 under standard operational conditions. Police report filed: No. Independent witness present: No. Total estimated repair and indemnity loss assessed at €11,071.69.",0
CLM-00629,CUST_06321,Auto,1,6,5,4347.59,Rear-End,Moderate,2024-08-23,2024-08-26,3,Yes,No,"Rear-ended while stationary at red signal; tailgate, rear lights, and chassis panel crushed. Other driver present and exchanged insurance. Insured (40-50 years, Large religious families). Incident occurred on August 23, 2024 under standard operational conditions. Police report filed: Yes. Independent witness present: No. Total estimated repair and indemnity loss assessed at €4,347.59.",1
CLM-00630,CUST_09484,Auto,1,6,6,4641.03,Collision,Moderate,2024-08-19,2024-08-21,2,Yes,No,"Front-end collision at intersection during heavy rain; significant bumper, radiator and bonnet deformation. Third-party admitted fault. Insured (40-50 years, Dinki's (double income no kids)). Incident occurred on August 19, 2024 under standard operational conditions. Police report filed: Yes. Independent witness present: No. Total estimated repair and indemnity loss assessed at €4,641.03.",0
CLM-00631,CUST_08944,Auto,1,5,6,8345.21,Rollover,Severe,2024-09-05,2024-09-07,2,Yes,Yes,"Single-vehicle rollover on icy highway curve after vehicle skidded on black ice; frame compromised, curtain airbags deployed. Insured (30-40 years, Large family, employed child). Incident occurred on September 05, 2024 under standard operational conditions. Police report filed: Yes. Independent witness present: Yes. Total estimated repair and indemnity loss assessed at €8,345.21.",0
CLM-00632,CUST_06203,Auto,2,6,3,40591.63,Single-Vehicle Crash,Catastrophic,2024-11-04,2024-11-09,5,Yes,No,"High-speed collision with utility pole following brake failure attempt; total front structural destruction. Airbags deployed. Insured (30-40 years, Lower class large families). Incident occurred on November 04, 2024 under standard operational conditions. Police report filed: Yes. Independent witness present: No. Total estimated repair and indemnity loss assessed at €40,591.63.",0
CLM-00633,CUST_09809,Auto,1,6,7,27934.94,Single-Vehicle Crash,Catastrophic,2024-05-08,2024-05-12,4,Yes,No,"High-speed collision with utility pole following brake failure attempt; total front structural destruction. Airbags deployed. Insured (40-50 years, Middle class families). Incident occurred on May 08, 2024 under standard operational conditions. Police report filed: Yes. Independent witness present: No. Total estimated repair and indemnity loss assessed at €27,934.94.",0
CLM-00634,CUST_04740,Auto,1,6,6,16678.71,Rollover,Severe,2024-03-10,2024-03-12,2,Yes,No,"Single-vehicle rollover on icy highway curve after vehicle skidded on black ice; frame compromised, curtain airbags deployed. Insured (30-40 years, Young all american family). Incident occurred on March 10, 2024 under standard operational conditions. Police report filed: Yes. Independent witness present: No. Total estimated repair and indemnity loss assessed at €16,678.71.",0
CLM-00635,CUST_08298,Auto,1,6,6,1420.74,Hit and Run,Minor,2024-10-08,2024-10-13,5,Yes,Yes,"Parked vehicle side-swiped overnight along suburban roadway; left driver doors and mirror torn off. Perpetrator fled scene. Insured (40-50 years, Very Important Provincials). Incident occurred on October 08, 2024 under standard operational conditions. Police report filed: Yes. Independent witness present: Yes. Total estimated repair and indemnity loss assessed at €1,420.74.",0
CLM-00636,CUST_04677,Auto,1,6,7,16708.57,Single-Vehicle Crash,Catastrophic,2024-06-26,2024-06-28,2,Yes,Yes,"High-speed collision with utility pole following brake failure attempt; total front structural destruction. Airbags deployed. Insured (40-50 years, Middle class families). Incident occurred on June 26, 2024 under standard operational conditions. Police report filed: Yes. Independent witness present: Yes. Total estimated repair and indemnity loss assessed at €16,708.57.",0
CLM-00637,CUST_05188,Auto,1,5,7,34173.78,Single-Vehicle Crash,Catastrophic,2024-03-01,2024-03-06,5,Yes,No,"High-speed collision with utility pole following brake failure attempt; total front structural destruction. Airbags deployed. Insured (40-50 years, Middle class families). Incident occurred on March 01, 2024 under standard operational conditions. Police report filed: Yes. Independent witness present: No. Total estimated repair and indemnity loss assessed at €34,173.78.",0
CLM-00638,CUST_06760,Auto,1,5,3,28549.88,Single-Vehicle Crash,Catastrophic,2024-10-01,2024-10-05,4,Yes,No,"High-speed collision with utility pole following brake failure attempt; total front structural destruction. Airbags deployed. Insured (40-50 years, Lower class large families). Incident occurred on October 01, 2024 under standard operational conditions. Police report filed: Yes. Independent witness present: No. Total estimated repair and indemnity loss assessed at €28,549.88.",0
CLM-00639,CUST_08461,Auto,1,6,6,1780.05,Collision,Moderate,2024-01-14,2024-01-20,6,Yes,Yes,"Front-end collision at intersection during heavy rain; significant bumper, radiator and bonnet deformation. Third-party admitted fault. Insured (40-50 years, High status seniors). Incident occurred on January 14, 2024 under standard operational conditions. Police report filed: Yes. Independent witness present: Yes. Total estimated repair and indemnity loss assessed at €1,780.05.",0
CLM-00640,CUST_04437,Auto,0,0,6,6160.67,Theft & Stripping,Severe,2024-05-27,2024-05-29,2,Yes,Yes,"Vehicle stolen from private driveway overnight; recovery team found vehicle stripped of wheels, exhaust, and infotainment unit. Insured (50-60 years, High status seniors). Incident occurred on May 27, 2024 under standard operational conditions. Police report filed: Yes. Independent witness present: Yes. Total estimated repair and indemnity loss assessed at €6,160.67.",0
CLM-00641,CUST_08754,Auto,1,5,4,2797.06,Collision,Moderate,2024-07-03,2024-07-10,7,Yes,Yes,"Front-end collision at intersection during heavy rain; significant bumper, radiator and bonnet deformation. Third-party admitted fault. Insured (30-40 years, Traditional families). Incident occurred on July 03, 2024 under standard operational conditions. Police report filed: Yes. Independent witness present: Yes. Total estimated repair and indemnity loss assessed at €2,797.06.",0
CLM-00642,CUST_09070,Auto,1,6,3,22089.89,Theft & Stripping,Severe,2024-04-25,2024-05-01,6,Yes,Yes,"Vehicle stolen from private driveway overnight; recovery team found vehicle stripped of wheels, exhaust, and infotainment unit. Insured (50-60 years, Lower class large families). Incident occurred on April 25, 2024 under standard operational conditions. Police report filed: Yes. Independent witness present: Yes. Total estimated repair and indemnity loss assessed at €22,089.89.",0
CLM-00643,CUST_04636,Auto,1,5,1,26053.06,Single-Vehicle Crash,Catastrophic,2024-12-07,2024-12-07,0,Yes,No,"High-speed collision with utility pole following brake failure attempt; total front structural destruction. Airbags deployed. Insured (50-60 years, Low income catholics). Incident occurred on December 07, 2024 under standard operational conditions. Police report filed: Yes. Independent witness present: No. Total estimated repair and indemnity loss assessed at €26,053.06.",1
CLM-00644,CUST_05048,Auto,1,5,3,2695.6,Weather/Hail,Moderate,2024-01-29,2024-01-29,0,Yes,No,"Hail storm caused extensive bodywork dimpling and shattered panoramic sunroof during sudden convective storm. Insured (50-60 years, Couples with teens 'Married with children'). Incident occurred on January 29, 2024 under standard operational conditions. Police report filed: Yes. Independent witness present: No. Total estimated repair and indemnity loss assessed at €2,695.60.",0
CLM-00645,CUST_07189,Auto,1,6,7,14047.88,Theft & Stripping,Severe,2024-04-26,2024-05-01,5,Yes,Yes,"Vehicle stolen from private driveway overnight; recovery team found vehicle stripped of wheels, exhaust, and infotainment unit. Insured (40-50 years, Middle class families). Incident occurred on April 26, 2024 under standard operational conditions. Police report filed: Yes. Independent witness present: Yes. Total estimated repair and indemnity loss assessed at €14,047.88.",0
CLM-00646,CUST_03115,Auto,1,5,8,1786.37,Hit and Run,Minor,2024-08-18,2024-08-20,2,Yes,Yes,"Parked vehicle side-swiped overnight along suburban roadway; left driver doors and mirror torn off. Perpetrator fled scene. Insured (30-40 years, High Income, expensive child). Incident occurred on August 18, 2024 under standard operational conditions. Police report filed: Yes. Independent witness present: Yes. Total estimated repair and indemnity loss assessed at €1,786.37.",0
CLM-00647,CUST_02807,Auto,1,6,2,8893.35,Single-Vehicle Crash,Catastrophic,2024-09-21,2024-09-22,1,Yes,No,"High-speed collision with utility pole following brake failure attempt; total front structural destruction. Airbags deployed. Insured (40-50 years, Religious elderly singles). Incident occurred on September 21, 2024 under standard operational conditions. Police report filed: Yes. Independent witness present: No. Total estimated repair and indemnity loss assessed at €8,893.35.",1
CLM-00648,CUST_04385,Auto,0,0,3,24837.42,Rear-End,Moderate,2024-01-04,2024-01-06,2,Yes,Yes,"Rear-ended while stationary at red signal; tailgate, rear lights, and chassis panel crushed. Other driver present and exchanged insurance. Insured (30-40 years, Young and rising). Incident occurred on January 04, 2024 under standard operational conditions. Police report filed: Yes. Independent witness present: Yes. Total estimated repair and indemnity loss assessed at €24,837.42.",0
CLM-00649,CUST_05191,Auto,1,6,5,4668.69,Weather/Hail,Moderate,2024-01-28,2024-02-01,4,Yes,No,"Hail storm caused extensive bodywork dimpling and shattered panoramic sunroof during sudden convective storm. Insured (40-50 years, Village families). Incident occurred on January 28, 2024 under standard operational conditions. Police report filed: Yes. Independent witness present: No. Total estimated repair and indemnity loss assessed at €4,668.69.",0
CLM-00650,CUST_08899,Auto,1,6,8,2445.72,Hit and Run,Minor,2024-02-08,2024-02-13,5,Yes,Yes,"Parked vehicle side-swiped overnight along suburban roadway; left driver doors and mirror torn off. Perpetrator fled scene. Insured (50-60 years, High Income, expensive child). Incident occurred on February 08, 2024 under standard operational conditions. Police report filed: Yes. Independent witness present: Yes. Total estimated repair and indemnity loss assessed at €2,445.72.",0
CLM-00651,CUST_08427,Auto,1,6,6,5546.75,Collision,Moderate,2024-09-16,2024-09-18,2,Yes,No,"Front-end collision at intersection during heavy rain; significant bumper, radiator and bonnet deformation. Third-party admitted fault. Insured (40-50 years, Family starters). Incident occurred on September 16, 2024 under standard operational conditions. Police report filed: Yes. Independent witness present: No. Total estimated repair and indemnity loss assessed at €5,546.75.",0
CLM-00652,CUST_06512,Auto,1,6,6,4679.88,Collision,Moderate,2024-06-28,2024-07-01,3,Yes,Yes,"Front-end collision at intersection during heavy rain; significant bumper, radiator and bonnet deformation. Third-party admitted fault. Insured (50-60 years, Large family, employed child). Incident occurred on June 28, 2024 under standard operational conditions. Police report filed: Yes. Independent witness present: Yes. Total estimated repair and indemnity loss assessed at €4,679.88.",1
CLM-00653,CUST_05319,Auto,1,6,1,1866.67,Hit and Run,Minor,2024-05-31,2024-06-03,3,Yes,No,"Parked vehicle side-swiped overnight along suburban roadway; left driver doors and mirror torn off. Perpetrator fled scene. Insured (50-60 years, Low income catholics). Incident occurred on May 31, 2024 under standard operational conditions. Police report filed: Yes. Independent witness present: No. Total estimated repair and indemnity loss assessed at €1,866.67.",0
CLM-00654,CUST_00145,Auto,1,5,3,1872.17,Collision,Moderate,2024-12-09,2024-12-14,5,Yes,No,"Front-end collision at intersection during heavy rain; significant bumper, radiator and bonnet deformation. Third-party admitted fault. Insured (40-50 years, Lower class large families). Incident occurred on December 09, 2024 under standard operational conditions. Police report filed: Yes. Independent witness present: No. Total estimated repair and indemnity loss assessed at €1,872.17.",1
CLM-00655,CUST_03958,Auto,1,6,4,6416.03,Collision,Moderate,2024-12-16,2024-12-21,5,Yes,No,"Front-end collision at intersection during heavy rain; significant bumper, radiator and bonnet deformation. Third-party admitted fault. Insured (30-40 years, Traditional families). Incident occurred on December 16, 2024 under standard operational conditions. Police report filed: Yes. Independent witness present: No. Total estimated repair and indemnity loss assessed at €6,416.03.",0
CLM-00656,CUST_01823,Auto,1,6,3,19595.31,Rollover,Severe,2024-05-12,2024-05-16,4,Yes,Yes,"Single-vehicle rollover on icy highway curve after vehicle skidded on black ice; frame compromised, curtain airbags deployed. Insured (50-60 years, Lower class large families). Incident occurred on May 12, 2024 under standard operational conditions. Police report filed: Yes. Independent witness present: Yes. Total estimated repair and indemnity loss assessed at €19,595.31.",0
CLM-00657,CUST_06002,Auto,1,6,5,5011.5,Weather/Hail,Moderate,2024-09-18,2024-09-25,7,Yes,No,"Hail storm caused extensive bodywork dimpling and shattered panoramic sunroof during sudden convective storm. Insured (30-40 years, Large religious families). Incident occurred on September 18, 2024 under standard operational conditions. Police report filed: Yes. Independent witness present: No. Total estimated repair and indemnity loss assessed at €5,011.50.",1
CLM-00658,CUST_03102,Auto,1,6,1,2013.52,Hit and Run,Minor,2024-02-20,2024-04-29,69,Yes,Yes,"Parked vehicle side-swiped overnight along suburban roadway; left driver doors and mirror torn off. Perpetrator fled scene. Insured (40-50 years, Mixed seniors). Incident occurred on February 20, 2024 under standard operational conditions. Police report filed: Yes. Independent witness present: Yes. Total estimated repair and indemnity loss assessed at €2,013.52.",0
CLM-00659,CUST_03418,Auto,1,6,1,30605.64,Single-Vehicle Crash,Catastrophic,2024-11-19,2024-11-22,3,Yes,No,"High-speed collision with utility pole following brake failure attempt; total front structural destruction. Airbags deployed. Insured (40-50 years, Young seniors in the city). Incident occurred on November 19, 2024 under standard operational conditions. Police report filed: Yes. Independent witness present: No. Total estimated repair and indemnity loss assessed at €30,605.64.",0
CLM-00660,CUST_03326,Auto,1,6,6,4789.9,Weather/Hail,Moderate,2024-08-11,2024-08-12,1,Yes,Yes,"Hail storm caused extensive bodywork dimpling and shattered panoramic sunroof during sudden convective storm. Insured (40-50 years, Family starters). Incident occurred on August 11, 2024 under standard operational conditions. Police report filed: Yes. Independent witness present: Yes. Total estimated repair and indemnity loss assessed at €4,789.90.",0
CLM-00661,CUST_00608,Auto,1,6,3,13597.12,Collision,Moderate,2024-05-09,2024-05-12,3,Yes,No,"Front-end collision at intersection during heavy rain; significant bumper, radiator and bonnet deformation. Third-party admitted fault. Insured (40-50 years, Lower class large families). Incident occurred on May 09, 2024 under standard operational conditions. Police report filed: Yes. Independent witness present: No. Total estimated repair and indemnity loss assessed at €13,597.12.",0
CLM-00662,CUST_07335,Auto,1,5,6,23898.56,Single-Vehicle Crash,Catastrophic,2024-07-27,2024-08-02,6,Yes,No,"High-speed collision with utility pole following brake failure attempt; total front structural destruction. Airbags deployed. Insured (30-40 years, Young all american family). Incident occurred on July 27, 2024 under standard operational conditions. Police report filed: Yes. Independent witness present: No. Total estimated repair and indemnity loss assessed at €23,898.56.",1
CLM-00663,CUST_08661,Auto,1,6,3,3288.7,Collision,Moderate,2024-11-13,2025-01-24,72,Yes,Yes,"Front-end collision at intersection during heavy rain; significant bumper, radiator and bonnet deformation. Third-party admitted fault. Insured (40-50 years, Couples with teens 'Married with children'). Incident occurred on November 13, 2024 under standard operational conditions. Police report filed: Yes. Independent witness present: Yes. Total estimated repair and indemnity loss assessed at €3,288.70.",0
CLM-00664,CUST_01174,Auto,1,6,1,1701.95,Hit and Run,Minor,2024-09-15,2024-09-16,1,Yes,No,"Parked vehicle side-swiped overnight along suburban roadway; left driver doors and mirror torn off. Perpetrator fled scene. Insured (60-70 years, Low income catholics). Incident occurred on September 15, 2024 under standard operational conditions. Police report filed: Yes. Independent witness present: No. Total estimated repair and indemnity loss assessed at €1,701.95.",0
CLM-00665,CUST_04875,Auto,1,5,3,3802.02,Weather/Hail,Moderate,2024-02-15,2024-02-19,4,Yes,No,"Hail storm caused extensive bodywork dimpling and shattered panoramic sunroof during sudden convective storm. Insured (40-50 years, Porchless seniors: no front yard). Incident occurred on February 15, 2024 under standard operational conditions. Police report filed: Yes. Independent witness present: No. Total estimated repair and indemnity loss assessed at €3,802.02.",0
CLM-00666,CUST_00502,Auto,1,6,3,19878.58,Rollover,Severe,2024-03-22,2024-03-25,3,Yes,Yes,"Single-vehicle rollover on icy highway curve after vehicle skidded on black ice; frame compromised, curtain airbags deployed. Insured (40-50 years, Lower class large families). Incident occurred on March 22, 2024 under standard operational conditions. Police report filed: Yes. Independent witness present: Yes. Total estimated repair and indemnity loss assessed at €19,878.58.",0
CLM-00667,CUST_08824,Auto,1,6,1,1875.01,Hit and Run,Minor,2024-11-21,2024-11-23,2,Yes,No,"Parked vehicle side-swiped overnight along suburban roadway; left driver doors and mirror torn off. Perpetrator fled scene. Insured (50-60 years, Own home elderly). Incident occurred on November 21, 2024 under standard operational conditions. Police report filed: Yes. Independent witness present: No. Total estimated repair and indemnity loss assessed at €1,875.01.",0
CLM-00668,CUST_05982,Auto,1,5,2,5004.79,Collision,Moderate,2024-10-11,2024-10-13,2,Yes,Yes,"Front-end collision at intersection during heavy rain; significant bumper, radiator and bonnet deformation. Third-party admitted fault. Insured (50-60 years, Religious elderly singles). Incident occurred on October 11, 2024 under standard operational conditions. Police report filed: Yes. Independent witness present: Yes. Total estimated repair and indemnity loss assessed at €5,004.79.",0
CLM-00669,CUST_06337,Auto,1,6,4,1280.64,Weather/Hail,Moderate,2024-02-14,2024-02-19,5,Yes,Yes,"Hail storm caused extensive bodywork dimpling and shattered panoramic sunroof during sudden convective storm. Insured (50-60 years, Modern, complete families). Incident occurred on February 14, 2024 under standard operational conditions. Police report filed: Yes. Independent witness present: Yes. Total estimated repair and indemnity loss assessed at €1,280.64.",0
CLM-00670,CUST_08301,Auto,1,6,6,5901.26,Rear-End,Moderate,2024-03-24,2024-03-26,2,Yes,Yes,"Rear-ended while stationary at red signal; tailgate, rear lights, and chassis panel crushed. Other driver present and exchanged insurance. Insured (40-50 years, High status seniors). Incident occurred on March 24, 2024 under standard operational conditions. Police report filed: Yes. Independent witness present: Yes. Total estimated repair and indemnity loss assessed at €5,901.26.",0
CLM-00671,CUST_04105,Auto,1,5,7,5969.13,Rear-End,Moderate,2024-02-29,2024-03-02,2,Yes,Yes,"Rear-ended while stationary at red signal; tailgate, rear lights, and chassis panel crushed. Other driver present and exchanged insurance. Insured (30-40 years, Affluent young families). Incident occurred on February 29, 2024 under standard operational conditions. Police report filed: Yes. Independent witness present: Yes. Total estimated repair and indemnity loss assessed at €5,969.13.",0
CLM-00672,CUST_08878,Auto,2,6,3,6799.66,Rollover,Severe,2024-11-27,2024-11-28,1,Yes,No,"Single-vehicle rollover on icy highway curve after vehicle skidded on black ice; frame compromised, curtain airbags deployed. Insured (30-40 years, Porchless seniors: no front yard). Incident occurred on November 27, 2024 under standard operational conditions. Police report filed: Yes. Independent witness present: No. Total estimated repair and indemnity loss assessed at €6,799.66.",0
CLM-00673,CUST_04060,Auto,1,6,3,2916.77,Collision,Moderate,2024-04-12,2024-04-19,7,Yes,No,"Front-end collision at intersection during heavy rain; significant bumper, radiator and bonnet deformation. Third-party admitted fault. Insured (40-50 years, Lower class large families). Incident occurred on April 12, 2024 under standard operational conditions. Police report filed: Yes. Independent witness present: No. Total estimated repair and indemnity loss assessed at €2,916.77.",0
CLM-00674,CUST_03799,Auto,2,6,3,2882.27,Collision,Moderate,2024-05-26,2024-05-27,1,Yes,Yes,"Front-end collision at intersection during heavy rain; significant bumper, radiator and bonnet deformation. Third-party admitted fault. Insured (50-60 years, Lower class large families). Incident occurred on May 26, 2024 under standard operational conditions. Police report filed: Yes. Independent witness present: Yes. Total estimated repair and indemnity loss assessed at €2,882.27.",0
CLM-00675,CUST_07331,Auto,1,6,6,1183.49,Hit and Run,Minor,2024-11-12,2024-11-16,4,Yes,Yes,"Parked vehicle side-swiped overnight along suburban roadway; left driver doors and mirror torn off. Perpetrator fled scene. Insured (30-40 years, Young all american family). Incident occurred on November 12, 2024 under standard operational conditions. Police report filed: Yes. Independent witness present: Yes. Total estimated repair and indemnity loss assessed at €1,183.49.",0
CLM-00676,CUST_05844,Auto,1,5,6,11233.17,Theft & Stripping,Severe,2024-06-11,2024-06-17,6,Yes,Yes,"Vehicle stolen from private driveway overnight; recovery team found vehicle stripped of wheels, exhaust, and infotainment unit. Insured (40-50 years, Young all american family). Incident occurred on June 11, 2024 under standard operational conditions. Police report filed: Yes. Independent witness present: Yes. Total estimated repair and indemnity loss assessed at €11,233.17.",0
CLM-00677,CUST_03672,Auto,0,0,1,14070.68,Single-Vehicle Crash,Catastrophic,2024-08-12,2024-10-09,58,Yes,Yes,"High-speed collision with utility pole following brake failure attempt; total front structural destruction. Airbags deployed. Insured (60-70 years, Residential elderly). Incident occurred on August 12, 2024 under standard operational conditions. Police report filed: Yes. Independent witness present: Yes. Total estimated repair and indemnity loss assessed at €14,070.68.",0
CLM-00678,CUST_07777,Auto,1,6,4,29753.62,Rollover,Severe,2024-08-17,2024-08-22,5,Yes,No,"Single-vehicle rollover on icy highway curve after vehicle skidded on black ice; frame compromised, curtain airbags deployed. Insured (50-60 years, Traditional families). Incident occurred on August 17, 2024 under standard operational conditions. Police report filed: Yes. Independent witness present: No. Total estimated repair and indemnity loss assessed at €29,753.62.",0
CLM-00679,CUST_01751,Auto,1,6,5,5667.52,Rear-End,Moderate,2024-11-27,2024-11-28,1,Yes,No,"Rear-ended while stationary at red signal; tailgate, rear lights, and chassis panel crushed. Other driver present and exchanged insurance. Insured (50-60 years, Village families). Incident occurred on November 27, 2024 under standard operational conditions. Police report filed: Yes. Independent witness present: No. Total estimated repair and indemnity loss assessed at €5,667.52.",0
CLM-00680,CUST_02243,Auto,1,5,3,6580.18,Weather/Hail,Moderate,2024-04-11,2024-04-15,4,Yes,Yes,"Hail storm caused extensive bodywork dimpling and shattered panoramic sunroof during sudden convective storm. Insured (50-60 years, Lower class large families). Incident occurred on April 11, 2024 under standard operational conditions. Police report filed: Yes. Independent witness present: Yes. Total estimated repair and indemnity loss assessed at €6,580.18.",0
CLM-00681,CUST_00308,Auto,1,6,5,18111.02,Theft & Stripping,Severe,2024-09-17,2024-09-17,0,Yes,No,"Vehicle stolen from private driveway overnight; recovery team found vehicle stripped of wheels, exhaust, and infotainment unit. Insured (40-50 years, Village families). Incident occurred on September 17, 2024 under standard operational conditions. Police report filed: Yes. Independent witness present: No. Total estimated repair and indemnity loss assessed at €18,111.02.",0
CLM-00682,CUST_03451,Auto,1,6,7,1973.14,Collision,Moderate,2024-10-10,2024-10-14,4,Yes,No,"Front-end collision at intersection during heavy rain; significant bumper, radiator and bonnet deformation. Third-party admitted fault. Insured (40-50 years, Middle class families). Incident occurred on October 10, 2024 under standard operational conditions. Police report filed: Yes. Independent witness present: No. Total estimated repair and indemnity loss assessed at €1,973.14.",0
CLM-00683,CUST_02403,Auto,1,6,3,1713.29,Hit and Run,Minor,2024-07-20,2024-07-23,3,Yes,No,"Parked vehicle side-swiped overnight along suburban roadway; left driver doors and mirror torn off. Perpetrator fled scene. Insured (50-60 years, Couples with teens 'Married with children'). Incident occurred on July 20, 2024 under standard operational conditions. Police report filed: Yes. Independent witness present: No. Total estimated repair and indemnity loss assessed at €1,713.29.",0
CLM-00684,CUST_08114,Auto,1,6,3,5677.12,Weather/Hail,Moderate,2024-02-17,2024-02-23,6,Yes,No,"Hail storm caused extensive bodywork dimpling and shattered panoramic sunroof during sudden convective storm. Insured (40-50 years, Porchless seniors: no front yard). Incident occurred on February 17, 2024 under standard operational conditions. Police report filed: Yes. Independent witness present: No. Total estimated repair and indemnity loss assessed at €5,677.12.",0
CLM-00685,CUST_03884,Auto,1,6,3,9947.06,Theft & Stripping,Severe,2024-11-11,2024-11-13,2,Yes,Yes,"Vehicle stolen from private driveway overnight; recovery team found vehicle stripped of wheels, exhaust, and infotainment unit. Insured (30-40 years, Lower class large families). Incident occurred on November 11, 2024 under standard operational conditions. Police report filed: Yes. Independent witness present: Yes. Total estimated repair and indemnity loss assessed at €9,947.06.",0
CLM-00686,CUST_02893,Auto,1,6,5,5990.2,Weather/Hail,Moderate,2024-10-17,2024-10-19,2,Yes,No,"Hail storm caused extensive bodywork dimpling and shattered panoramic sunroof during sudden convective storm. Insured (40-50 years, Village families). Incident occurred on October 17, 2024 under standard operational conditions. Police report filed: Yes. Independent witness present: No. Total estimated repair and indemnity loss assessed at €5,990.20.",0
CLM-00687,CUST_00656,Auto,1,6,1,3903.51,Rear-End,Moderate,2024-09-07,2024-09-10,3,Yes,Yes,"Rear-ended while stationary at red signal; tailgate, rear lights, and chassis panel crushed. Other driver present and exchanged insurance. Insured (60-70 years, Residential elderly). Incident occurred on September 07, 2024 under standard operational conditions. Police report filed: Yes. Independent witness present: Yes. Total estimated repair and indemnity loss assessed at €3,903.51.",0
CLM-00688,CUST_03791,Auto,1,6,8,2878.22,Collision,Moderate,2024-12-09,2024-12-12,3,Yes,No,"Front-end collision at intersection during heavy rain; significant bumper, radiator and bonnet deformation. Third-party admitted fault. Insured (30-40 years, High Income, expensive child). Incident occurred on December 09, 2024 under standard operational conditions. Police report filed: Yes. Independent witness present: No. Total estimated repair and indemnity loss assessed at €2,878.22.",0
CLM-00689,CUST_07385,Auto,1,6,8,4181.15,Collision,Moderate,2024-01-22,2024-01-27,5,Yes,Yes,"Front-end collision at intersection during heavy rain; significant bumper, radiator and bonnet deformation. Third-party admitted fault. Insured (30-40 years, Stable family). Incident occurred on January 22, 2024 under standard operational conditions. Police report filed: Yes. Independent witness present: Yes. Total estimated repair and indemnity loss assessed at €4,181.15.",0
CLM-00690,CUST_08445,Auto,1,6,2,32451.97,Single-Vehicle Crash,Catastrophic,2024-05-21,2024-05-25,4,Yes,Yes,"High-speed collision with utility pole following brake failure attempt; total front structural destruction. Airbags deployed. Insured (40-50 years, Mixed apartment dwellers). Incident occurred on May 21, 2024 under standard operational conditions. Police report filed: Yes. Independent witness present: Yes. Total estimated repair and indemnity loss assessed at €32,451.97.",0
CLM-00691,CUST_06066,Auto,1,6,5,1811.42,Hit and Run,Minor,2024-10-28,2024-10-29,1,Yes,No,"Parked vehicle side-swiped overnight along suburban roadway; left driver doors and mirror torn off. Perpetrator fled scene. Insured (40-50 years, Mixed small town dwellers). Incident occurred on October 28, 2024 under standard operational conditions. Police report filed: Yes. Independent witness present: No. Total estimated repair and indemnity loss assessed at €1,811.42.",0
CLM-00692,CUST_03621,Auto,1,6,2,6615.06,Weather/Hail,Moderate,2024-07-27,2024-08-01,5,Yes,No,"Hail storm caused extensive bodywork dimpling and shattered panoramic sunroof during sudden convective storm. Insured (30-40 years, Mixed apartment dwellers). Incident occurred on July 27, 2024 under standard operational conditions. Police report filed: Yes. Independent witness present: No. Total estimated repair and indemnity loss assessed at €6,615.06.",0
CLM-00693,CUST_07808,Auto,1,6,5,3478.51,Weather/Hail,Moderate,2024-01-05,2024-01-07,2,Yes,No,"Hail storm caused extensive bodywork dimpling and shattered panoramic sunroof during sudden convective storm. Insured (40-50 years, Large religious families). Incident occurred on January 05, 2024 under standard operational conditions. Police report filed: Yes. Independent witness present: No. Total estimated repair and indemnity loss assessed at €3,478.51.",0
CLM-00694,CUST_01256,Auto,1,6,6,5854.31,Weather/Hail,Moderate,2024-11-26,2024-11-30,4,Yes,Yes,"Hail storm caused extensive bodywork dimpling and shattered panoramic sunroof during sudden convective storm. Insured (50-60 years, Very Important Provincials). Incident occurred on November 26, 2024 under standard operational conditions. Police report filed: Yes. Independent witness present: Yes. Total estimated repair and indemnity loss assessed at €5,854.31.",0
CLM-00695,CUST_02540,Auto,1,5,6,2305.86,Hit and Run,Minor,2024-11-05,2024-11-06,1,Yes,Yes,"Parked vehicle side-swiped overnight along suburban roadway; left driver doors and mirror torn off. Perpetrator fled scene. Insured (40-50 years, High status seniors). Incident occurred on November 05, 2024 under standard operational conditions. Police report filed: Yes. Independent witness present: Yes. Total estimated repair and indemnity loss assessed at €2,305.86.",0
CLM-00696,CUST_05311,Auto,1,6,5,26798.4,Single-Vehicle Crash,Catastrophic,2024-02-29,2024-03-07,7,Yes,No,"High-speed collision with utility pole following brake failure attempt; total front structural destruction. Airbags deployed. Insured (50-60 years, Large religious families). Incident occurred on February 29, 2024 under standard operational conditions. Police report filed: Yes. Independent witness present: No. Total estimated repair and indemnity loss assessed at €26,798.40.",0
CLM-00697,CUST_09523,Auto,1,6,4,4753.2,Rear-End,Moderate,2024-11-28,2024-12-04,6,Yes,Yes,"Rear-ended while stationary at red signal; tailgate, rear lights, and chassis panel crushed. Other driver present and exchanged insurance. Insured (40-50 years, Traditional families). Incident occurred on November 28, 2024 under standard operational conditions. Police report filed: Yes. Independent witness present: Yes. Total estimated repair and indemnity loss assessed at €4,753.20.",0
CLM-00698,CUST_02057,Auto,2,6,6,3240.44,Weather/Hail,Moderate,2024-10-31,2024-11-02,2,Yes,Yes,"Hail storm caused extensive bodywork dimpling and shattered panoramic sunroof during sudden convective storm. Insured (40-50 years, High status seniors). Incident occurred on October 31, 2024 under standard operational conditions. Police report filed: Yes. Independent witness present: Yes. Total estimated repair and indemnity loss assessed at €3,240.44.",0
CLM-00699,CUST_00636,Auto,1,6,1,6285.64,Weather/Hail,Moderate,2024-03-17,2024-03-17,0,Yes,Yes,"Hail storm caused extensive bodywork dimpling and shattered panoramic sunroof during sudden convective storm. Insured (70-80 years, Own home elderly). Incident occurred on March 17, 2024 under standard operational conditions. Police report filed: Yes. Independent witness present: Yes. Total estimated repair and indemnity loss assessed at €6,285.64.",0
CLM-00700,CUST_02909,Auto,1,6,5,4733.14,Weather/Hail,Moderate,2024-07-27,2024-07-27,0,Yes,No,"Hail storm caused extensive bodywork dimpling and shattered panoramic sunroof during sudden convective storm. Insured (40-50 years, Large religious families). Incident occurred on July 27, 2024 under standard operational conditions. Police report filed: Yes. Independent witness present: No. Total estimated repair and indemnity loss assessed at €4,733.14.",0
CLM-00701,CUST_03516,Auto,1,6,6,16103.66,Rollover,Severe,2024-11-07,2024-11-14,7,Yes,No,"Single-vehicle rollover on icy highway curve after vehicle skidded on black ice; frame compromised, curtain airbags deployed. Insured (30-40 years, Large family, employed child). Incident occurred on November 07, 2024 under standard operational conditions. Police report filed: Yes. Independent witness present: No. Total estimated repair and indemnity loss assessed at €16,103.66.",0
CLM-00702,CUST_06640,Auto,1,6,6,6460.61,Weather/Hail,Moderate,2024-03-15,2024-03-17,2,Yes,No,"Hail storm caused extensive bodywork dimpling and shattered panoramic sunroof during sudden convective storm. Insured (30-40 years, Young all american family). Incident occurred on March 15, 2024 under standard operational conditions. Police report filed: Yes. Independent witness present: No. Total estimated repair and indemnity loss assessed at €6,460.61.",0
CLM-00703,CUST_05506,Auto,1,6,3,15013.94,Rollover,Severe,2024-11-02,2024-11-03,1,Yes,Yes,"Single-vehicle rollover on icy highway curve after vehicle skidded on black ice; frame compromised, curtain airbags deployed. Insured (30-40 years, Lower class large families). Incident occurred on November 02, 2024 under standard operational conditions. Police report filed: Yes. Independent witness present: Yes. Total estimated repair and indemnity loss assessed at €15,013.94.",0
CLM-00704,CUST_02121,Auto,1,6,6,1637.85,Collision,Moderate,2024-01-10,2024-01-13,3,Yes,No,"Front-end collision at intersection during heavy rain; significant bumper, radiator and bonnet deformation. Third-party admitted fault. Insured (40-50 years, Family starters). Incident occurred on January 10, 2024 under standard operational conditions. Police report filed: Yes. Independent witness present: No. Total estimated repair and indemnity loss assessed at €1,637.85.",0
CLM-00705,CUST_09756,Auto,1,6,4,1460.04,Collision,Moderate,2024-04-01,2024-04-08,7,Yes,Yes,"Front-end collision at intersection during heavy rain; significant bumper, radiator and bonnet deformation. Third-party admitted fault. Insured (40-50 years, Modern, complete families). Incident occurred on April 01, 2024 under standard operational conditions. Police report filed: Yes. Independent witness present: Yes. Total estimated repair and indemnity loss assessed at €1,460.04.",0
CLM-00706,CUST_08600,Auto,1,6,5,5840.41,Weather/Hail,Moderate,2024-03-02,2024-03-03,1,Yes,No,"Hail storm caused extensive bodywork dimpling and shattered panoramic sunroof during sudden convective storm. Insured (40-50 years, Village families). Incident occurred on March 02, 2024 under standard operational conditions. Police report filed: Yes. Independent witness present: No. Total estimated repair and indemnity loss assessed at €5,840.41.",0
CLM-00707,CUST_09725,Auto,1,6,6,3199.4,Weather/Hail,Moderate,2024-01-02,2024-01-08,6,Yes,No,"Hail storm caused extensive bodywork dimpling and shattered panoramic sunroof during sudden convective storm. Insured (40-50 years, Family starters). Incident occurred on January 02, 2024 under standard operational conditions. Police report filed: Yes. Independent witness present: No. Total estimated repair and indemnity loss assessed at €3,199.40.",0
CLM-00708,CUST_00715,Auto,1,6,1,42280.96,Single-Vehicle Crash,Catastrophic,2024-09-29,2024-10-05,6,Yes,Yes,"High-speed collision with utility pole following brake failure attempt; total front structural destruction. Airbags deployed. Insured (40-50 years, Low income catholics). Incident occurred on September 29, 2024 under standard operational conditions. Police report filed: Yes. Independent witness present: Yes. Total estimated repair and indemnity loss assessed at €42,280.96.",0
CLM-00709,CUST_07808,Auto,1,6,5,6335.9,Theft & Stripping,Severe,2024-07-15,2024-07-20,5,Yes,Yes,"Vehicle stolen from private driveway overnight; recovery team found vehicle stripped of wheels, exhaust, and infotainment unit. Insured (40-50 years, Large religious families). Incident occurred on July 15, 2024 under standard operational conditions. Police report filed: Yes. Independent witness present: Yes. Total estimated repair and indemnity loss assessed at €6,335.90.",1
CLM-00710,CUST_04129,Auto,1,5,7,28678.74,Rollover,Severe,2024-04-30,2024-05-01,1,Yes,No,"Single-vehicle rollover on icy highway curve after vehicle skidded on black ice; frame compromised, curtain airbags deployed. Insured (40-50 years, Middle class families). Incident occurred on April 30, 2024 under standard operational conditions. Police report filed: Yes. Independent witness present: No. Total estimated repair and indemnity loss assessed at €28,678.74.",0
CLM-00711,CUST_08798,Auto,1,6,2,20506.1,Rollover,Severe,2024-05-12,2024-05-15,3,Yes,Yes,"Single-vehicle rollover on icy highway curve after vehicle skidded on black ice; frame compromised, curtain airbags deployed. Insured (40-50 years, Mixed apartment dwellers). Incident occurred on May 12, 2024 under standard operational conditions. Police report filed: Yes. Independent witness present: Yes. Total estimated repair and indemnity loss assessed at €20,506.10.",0
CLM-00712,CUST_00117,Auto,2,6,6,4856.6,Weather/Hail,Moderate,2024-09-25,2024-09-26,1,Yes,Yes,"Hail storm caused extensive bodywork dimpling and shattered panoramic sunroof during sudden convective storm. Insured (40-50 years, Large family, employed child). Incident occurred on September 25, 2024 under standard operational conditions. Police report filed: Yes. Independent witness present: Yes. Total estimated repair and indemnity loss assessed at €4,856.60.",0
CLM-00713,CUST_03324,Auto,1,5,2,23913.11,Single-Vehicle Crash,Catastrophic,2024-06-11,2024-06-17,6,Yes,No,"High-speed collision with utility pole following brake failure attempt; total front structural destruction. Airbags deployed. Insured (40-50 years, Ethnically diverse). Incident occurred on June 11, 2024 under standard operational conditions. Police report filed: Yes. Independent witness present: No. Total estimated repair and indemnity loss assessed at €23,913.11.",0
CLM-00714,CUST_09425,Auto,1,6,6,10200.7,Hit and Run,Minor,2024-10-17,2024-10-21,4,Yes,No,"Parked vehicle side-swiped overnight along suburban roadway; left driver doors and mirror torn off. Perpetrator fled scene. Insured (40-50 years, Large family, employed child). Incident occurred on October 17, 2024 under standard operational conditions. Police report filed: Yes. Independent witness present: No. Total estimated repair and indemnity loss assessed at €10,200.70.",0
CLM-00715,CUST_06678,Auto,1,6,5,4939.31,Weather/Hail,Moderate,2024-10-13,2024-10-20,7,Yes,Yes,"Hail storm caused extensive bodywork dimpling and shattered panoramic sunroof during sudden convective storm. Insured (40-50 years, Large religious families). Incident occurred on October 13, 2024 under standard operational conditions. Police report filed: Yes. Independent witness present: Yes. Total estimated repair and indemnity loss assessed at €4,939.31.",1
CLM-00716,CUST_08967,Auto,1,5,6,25119.81,Rollover,Severe,2024-05-10,2024-05-14,4,Yes,No,"Single-vehicle rollover on icy highway curve after vehicle skidded on black ice; frame compromised, curtain airbags deployed. Insured (30-40 years, Family starters). Incident occurred on May 10, 2024 under standard operational conditions. Police report filed: Yes. Independent witness present: No. Total estimated repair and indemnity loss assessed at €25,119.81.",0
CLM-00717,CUST_06418,Auto,1,6,8,29976.71,Single-Vehicle Crash,Catastrophic,2024-03-12,2024-03-13,1,Yes,Yes,"High-speed collision with utility pole following brake failure attempt; total front structural destruction. Airbags deployed. Insured (40-50 years, Career and childcare). Incident occurred on March 12, 2024 under standard operational conditions. Police report filed: Yes. Independent witness present: Yes. Total estimated repair and indemnity loss assessed at €29,976.71.",0
CLM-00718,CUST_02603,Auto,1,6,2,3508.36,Collision,Moderate,2024-04-20,2024-04-26,6,Yes,No,"Front-end collision at intersection during heavy rain; significant bumper, radiator and bonnet deformation. Third-party admitted fault. Insured (30-40 years, Mixed apartment dwellers). Incident occurred on April 20, 2024 under standard operational conditions. Police report filed: Yes. Independent witness present: No. Total estimated repair and indemnity loss assessed at €3,508.36.",0
CLM-00719,CUST_00847,Auto,1,6,7,3718.58,Rear-End,Moderate,2024-07-19,2024-07-19,0,Yes,Yes,"Rear-ended while stationary at red signal; tailgate, rear lights, and chassis panel crushed. Other driver present and exchanged insurance. Insured (40-50 years, Middle class families). Incident occurred on July 19, 2024 under standard operational conditions. Police report filed: Yes. Independent witness present: Yes. Total estimated repair and indemnity loss assessed at €3,718.58.",0
CLM-00720,CUST_07650,Auto,1,5,3,4720.28,Weather/Hail,Moderate,2024-08-11,2024-08-12,1,Yes,Yes,"Hail storm caused extensive bodywork dimpling and shattered panoramic sunroof during sudden convective storm. Insured (40-50 years, Lower class large families). Incident occurred on August 11, 2024 under standard operational conditions. Police report filed: Yes. Independent witness present: Yes. Total estimated repair and indemnity loss assessed at €4,720.28.",0
CLM-00721,CUST_05936,Auto,1,6,7,3697.36,Collision,Moderate,2024-11-08,2024-11-08,0,Yes,No,"Front-end collision at intersection during heavy rain; significant bumper, radiator and bonnet deformation. Third-party admitted fault. Insured (30-40 years, Affluent young families). Incident occurred on November 08, 2024 under standard operational conditions. Police report filed: Yes. Independent witness present: No. Total estimated repair and indemnity loss assessed at €3,697.36.",0
CLM-00722,CUST_06463,Auto,1,6,6,2597.76,Weather/Hail,Moderate,2024-12-02,2024-12-06,4,Yes,Yes,"Hail storm caused extensive bodywork dimpling and shattered panoramic sunroof during sudden convective storm. Insured (40-50 years, High status seniors). Incident occurred on December 02, 2024 under standard operational conditions. Police report filed: Yes. Independent witness present: Yes. Total estimated repair and indemnity loss assessed at €2,597.76.",0
CLM-00723,CUST_02833,Auto,1,6,7,19008.61,Single-Vehicle Crash,Catastrophic,2024-09-11,2024-09-18,7,Yes,Yes,"High-speed collision with utility pole following brake failure attempt; total front structural destruction. Airbags deployed. Insured (40-50 years, Middle class families). Incident occurred on September 11, 2024 under standard operational conditions. Police report filed: Yes. Independent witness present: Yes. Total estimated repair and indemnity loss assessed at €19,008.61.",0
CLM-00724,CUST_08385,Auto,1,5,3,2395.96,Hit and Run,Minor,2024-04-10,2024-04-10,0,Yes,Yes,"Parked vehicle side-swiped overnight along suburban roadway; left driver doors and mirror torn off. Perpetrator fled scene. Insured (50-60 years, Couples with teens 'Married with children'). Incident occurred on April 10, 2024 under standard operational conditions. Police report filed: Yes. Independent witness present: Yes. Total estimated repair and indemnity loss assessed at €2,395.96.",0
CLM-00725,CUST_00575,Auto,1,6,8,2130.52,Hit and Run,Minor,2024-05-03,2024-05-03,0,Yes,Yes,"Parked vehicle side-swiped overnight along suburban roadway; left driver doors and mirror torn off. Perpetrator fled scene. Insured (40-50 years, High Income, expensive child). Incident occurred on May 03, 2024 under standard operational conditions. Police report filed: Yes. Independent witness present: Yes. Total estimated repair and indemnity loss assessed at €2,130.52.",0
CLM-00726,CUST_06638,Auto,0,0,1,1449.61,Hit and Run,Minor,2024-07-27,2024-07-27,0,Yes,Yes,"Parked vehicle side-swiped overnight along suburban roadway; left driver doors and mirror torn off. Perpetrator fled scene. Insured (60-70 years, Seniors in apartments). Incident occurred on July 27, 2024 under standard operational conditions. Police report filed: Yes. Independent witness present: Yes. Total estimated repair and indemnity loss assessed at €1,449.61.",0
CLM-00727,CUST_08885,Auto,1,5,6,1961.06,Hit and Run,Minor,2024-10-14,2024-10-19,5,Yes,No,"Parked vehicle side-swiped overnight along suburban roadway; left driver doors and mirror torn off. Perpetrator fled scene. Insured (30-40 years, High status seniors). Incident occurred on October 14, 2024 under standard operational conditions. Police report filed: Yes. Independent witness present: No. Total estimated repair and indemnity loss assessed at €1,961.06.",0
CLM-00728,CUST_04466,Auto,1,5,6,4621.37,Rear-End,Moderate,2024-11-07,2024-11-10,3,Yes,No,"Rear-ended while stationary at red signal; tailgate, rear lights, and chassis panel crushed. Other driver present and exchanged insurance. Insured (40-50 years, Young all american family). Incident occurred on November 07, 2024 under standard operational conditions. Police report filed: Yes. Independent witness present: No. Total estimated repair and indemnity loss assessed at €4,621.37.",0
CLM-00729,CUST_09267,Auto,1,5,3,2552.29,Collision,Moderate,2024-05-14,2024-05-16,2,Yes,No,"Front-end collision at intersection during heavy rain; significant bumper, radiator and bonnet deformation. Third-party admitted fault. Insured (40-50 years, Young and rising). Incident occurred on May 14, 2024 under standard operational conditions. Police report filed: Yes. Independent witness present: No. Total estimated repair and indemnity loss assessed at €2,552.29.",0
CLM-00730,CUST_09021,Auto,1,6,6,2394.03,Collision,Moderate,2024-09-15,2024-09-19,4,Yes,No,"Front-end collision at intersection during heavy rain; significant bumper, radiator and bonnet deformation. Third-party admitted fault. Insured (50-60 years, High status seniors). Incident occurred on September 15, 2024 under standard operational conditions. Police report filed: Yes. Independent witness present: No. Total estimated repair and indemnity loss assessed at €2,394.03.",0
CLM-00731,CUST_08312,Auto,1,6,7,2145.51,Hit and Run,Minor,2024-10-03,2024-10-07,4,Yes,No,"Parked vehicle side-swiped overnight along suburban roadway; left driver doors and mirror torn off. Perpetrator fled scene. Insured (40-50 years, Middle class families). Incident occurred on October 03, 2024 under standard operational conditions. Police report filed: Yes. Independent witness present: No. Total estimated repair and indemnity loss assessed at €2,145.51.",0
CLM-00732,CUST_09095,Auto,1,6,3,13369.76,Rollover,Severe,2024-05-05,2024-05-10,5,Yes,No,"Single-vehicle rollover on icy highway curve after vehicle skidded on black ice; frame compromised, curtain airbags deployed. Insured (40-50 years, Mixed apartment dwellers). Incident occurred on May 05, 2024 under standard operational conditions. Police report filed: Yes. Independent witness present: No. Total estimated repair and indemnity loss assessed at €13,369.76.",0
CLM-00733,CUST_09449,Auto,1,6,4,16794.66,Theft & Stripping,Severe,2024-01-16,2024-01-23,7,Yes,Yes,"Vehicle stolen from private driveway overnight; recovery team found vehicle stripped of wheels, exhaust, and infotainment unit. Insured (50-60 years, Traditional families). Incident occurred on January 16, 2024 under standard operational conditions. Police report filed: Yes. Independent witness present: Yes. Total estimated repair and indemnity loss assessed at €16,794.66.",0
CLM-00734,CUST_06139,Auto,1,5,8,15230.62,Single-Vehicle Crash,Catastrophic,2024-04-23,2024-04-26,3,Yes,No,"High-speed collision with utility pole following brake failure attempt; total front structural destruction. Airbags deployed. Insured (40-50 years, Career and childcare). Incident occurred on April 23, 2024 under standard operational conditions. Police report filed: Yes. Independent witness present: No. Total estimated repair and indemnity loss assessed at €15,230.62.",0
CLM-00735,CUST_05669,Auto,1,6,4,6432.82,Weather/Hail,Moderate,2024-10-02,2024-10-02,0,Yes,No,"Hail storm caused extensive bodywork dimpling and shattered panoramic sunroof during sudden convective storm. Insured (30-40 years, Mixed rurals). Incident occurred on October 02, 2024 under standard operational conditions. Police report filed: Yes. Independent witness present: No. Total estimated repair and indemnity loss assessed at €6,432.82.",0
CLM-00736,CUST_01515,Auto,1,5,3,21335.58,Rollover,Severe,2024-12-11,2024-12-16,5,Yes,Yes,"Single-vehicle rollover on icy highway curve after vehicle skidded on black ice; frame compromised, curtain airbags deployed. Insured (50-60 years, Mixed seniors). Incident occurred on December 11, 2024 under standard operational conditions. Police report filed: Yes. Independent witness present: Yes. Total estimated repair and indemnity loss assessed at €21,335.58.",1
CLM-00737,CUST_02881,Auto,1,6,6,20776.18,Rollover,Severe,2024-06-10,2024-06-15,5,Yes,Yes,"Single-vehicle rollover on icy highway curve after vehicle skidded on black ice; frame compromised, curtain airbags deployed. Insured (30-40 years, Young all american family). Incident occurred on June 10, 2024 under standard operational conditions. Police report filed: Yes. Independent witness present: Yes. Total estimated repair and indemnity loss assessed at €20,776.18.",0
CLM-00738,CUST_04344,Auto,1,6,2,5738.04,Rear-End,Moderate,2024-12-16,2024-12-19,3,Yes,No,"Rear-ended while stationary at red signal; tailgate, rear lights, and chassis panel crushed. Other driver present and exchanged insurance. Insured (40-50 years, Young, low educated). Incident occurred on December 16, 2024 under standard operational conditions. Police report filed: Yes. Independent witness present: No. Total estimated repair and indemnity loss assessed at €5,738.04.",0
CLM-00739,CUST_03802,Auto,1,6,2,41611.06,Single-Vehicle Crash,Catastrophic,2024-05-04,2024-05-08,4,Yes,Yes,"High-speed collision with utility pole following brake failure attempt; total front structural destruction. Airbags deployed. Insured (50-60 years, Young seniors in the city). Incident occurred on May 04, 2024 under standard operational conditions. Police report filed: Yes. Independent witness present: Yes. Total estimated repair and indemnity loss assessed at €41,611.06.",0
CLM-00740,CUST_04046,Auto,1,6,3,19340.35,Theft & Stripping,Severe,2024-11-13,2024-11-18,5,Yes,Yes,"Vehicle stolen from private driveway overnight; recovery team found vehicle stripped of wheels, exhaust, and infotainment unit. Insured (40-50 years, Lower class large families). Incident occurred on November 13, 2024 under standard operational conditions. Police report filed: Yes. Independent witness present: Yes. Total estimated repair and indemnity loss assessed at €19,340.35.",0
CLM-00741,CUST_01929,Auto,1,6,1,1118.95,Collision,Moderate,2024-12-13,2024-12-20,7,Yes,Yes,"Front-end collision at intersection during heavy rain; significant bumper, radiator and bonnet deformation. Third-party admitted fault. Insured (30-40 years, Mixed seniors). Incident occurred on December 13, 2024 under standard operational conditions. Police report filed: Yes. Independent witness present: Yes. Total estimated repair and indemnity loss assessed at €1,118.95.",1
CLM-00742,CUST_08757,Auto,1,6,4,1792.51,Collision,Moderate,2024-09-04,2024-09-09,5,Yes,No,"Front-end collision at intersection during heavy rain; significant bumper, radiator and bonnet deformation. Third-party admitted fault. Insured (30-40 years, Traditional families). Incident occurred on September 04, 2024 under standard operational conditions. Police report filed: Yes. Independent witness present: No. Total estimated repair and indemnity loss assessed at €1,792.51.",0
CLM-00743,CUST_09260,Auto,1,6,6,12455.76,Theft & Stripping,Severe,2024-05-21,2024-05-28,7,Yes,Yes,"Vehicle stolen from private driveway overnight; recovery team found vehicle stripped of wheels, exhaust, and infotainment unit. Insured (30-40 years, Large family, employed child). Incident occurred on May 21, 2024 under standard operational conditions. Police report filed: Yes. Independent witness present: Yes. Total estimated repair and indemnity loss assessed at €12,455.76.",0
CLM-00744,CUST_08276,Auto,1,6,4,2043.65,Hit and Run,Minor,2024-07-23,2024-07-26,3,Yes,Yes,"Parked vehicle side-swiped overnight along suburban roadway; left driver doors and mirror torn off. Perpetrator fled scene. Insured (40-50 years, Mixed small town dwellers). Incident occurred on July 23, 2024 under standard operational conditions. Police report filed: Yes. Independent witness present: Yes. Total estimated repair and indemnity loss assessed at €2,043.65.",0
CLM-00745,CUST_07754,Auto,1,5,8,22525.68,Weather/Hail,Moderate,2024-03-31,2024-04-01,1,Yes,No,"Hail storm caused extensive bodywork dimpling and shattered panoramic sunroof during sudden convective storm. Insured (30-40 years, Middle class families). Incident occurred on March 31, 2024 under standard operational conditions. Police report filed: Yes. Independent witness present: No. Total estimated repair and indemnity loss assessed at €22,525.68.",0
CLM-00746,CUST_00132,Auto,2,6,4,2457.11,Collision,Moderate,2024-12-12,2024-12-15,3,Yes,No,"Front-end collision at intersection during heavy rain; significant bumper, radiator and bonnet deformation. Third-party admitted fault. Insured (40-50 years, Mixed small town dwellers). Incident occurred on December 12, 2024 under standard operational conditions. Police report filed: Yes. Independent witness present: No. Total estimated repair and indemnity loss assessed at €2,457.11.",0
CLM-00747,CUST_05240,Auto,1,6,4,2140.06,Hit and Run,Minor,2024-11-10,2024-11-14,4,Yes,Yes,"Parked vehicle side-swiped overnight along suburban roadway; left driver doors and mirror torn off. Perpetrator fled scene. Insured (40-50 years, Modern, complete families). Incident occurred on November 10, 2024 under standard operational conditions. Police report filed: Yes. Independent witness present: Yes. Total estimated repair and indemnity loss assessed at €2,140.06.",0
CLM-00748,CUST_03848,Auto,1,6,4,1574.77,Hit and Run,Minor,2024-08-30,2024-09-04,5,Yes,No,"Parked vehicle side-swiped overnight along suburban roadway; left driver doors and mirror torn off. Perpetrator fled scene. Insured (40-50 years, Traditional families). Incident occurred on August 30, 2024 under standard operational conditions. Police report filed: Yes. Independent witness present: No. Total estimated repair and indemnity loss assessed at €1,574.77.",0
CLM-00749,CUST_06863,Auto,1,5,1,3182.72,Rear-End,Moderate,2024-08-03,2024-08-08,5,Yes,No,"Rear-ended while stationary at red signal; tailgate, rear lights, and chassis panel crushed. Other driver present and exchanged insurance. Insured (40-50 years, Low income catholics). Incident occurred on August 03, 2024 under standard operational conditions. Police report filed: Yes. Independent witness present: No. Total estimated repair and indemnity loss assessed at €3,182.72.",0
CLM-00750,CUST_04521,Auto,1,6,5,10800.03,Rollover,Severe,2024-04-03,2024-04-05,2,Yes,Yes,"Single-vehicle rollover on icy highway curve after vehicle skidded on black ice; frame compromised, curtain airbags deployed. Insured (40-50 years, Village families). Incident occurred on April 03, 2024 under standard operational conditions. Police report filed: Yes. Independent witness present: Yes. Total estimated repair and indemnity loss assessed at €10,800.03.",0
CLM-00751,CUST_04360,Auto,1,5,3,10622.42,Theft & Stripping,Severe,2024-05-01,2024-05-07,6,Yes,No,"Vehicle stolen from private driveway overnight; recovery team found vehicle stripped of wheels, exhaust, and infotainment unit. Insured (40-50 years, Lower class large families). Incident occurred on May 01, 2024 under standard operational conditions. Police report filed: Yes. Independent witness present: No. Total estimated repair and indemnity loss assessed at €10,622.42.",0
CLM-00752,CUST_02421,Auto,1,6,6,11129.89,Rollover,Severe,2024-01-06,2024-01-08,2,Yes,No,"Single-vehicle rollover on icy highway curve after vehicle skidded on black ice; frame compromised, curtain airbags deployed. Insured (50-60 years, High status seniors). Incident occurred on January 06, 2024 under standard operational conditions. Police report filed: Yes. Independent witness present: No. Total estimated repair and indemnity loss assessed at €11,129.89.",0
CLM-00753,CUST_08369,Auto,1,6,3,3625.78,Weather/Hail,Moderate,2024-06-11,2024-06-18,7,Yes,No,"Hail storm caused extensive bodywork dimpling and shattered panoramic sunroof during sudden convective storm. Insured (40-50 years, Large family farms). Incident occurred on June 11, 2024 under standard operational conditions. Police report filed: Yes. Independent witness present: No. Total estimated repair and indemnity loss assessed at €3,625.78.",0
CLM-00754,CUST_09169,Auto,1,6,8,4592.37,Collision,Moderate,2024-07-23,2024-07-24,1,Yes,Yes,"Front-end collision at intersection during heavy rain; significant bumper, radiator and bonnet deformation. Third-party admitted fault. Insured (40-50 years, Middle class families). Incident occurred on July 23, 2024 under standard operational conditions. Police report filed: Yes. Independent witness present: Yes. Total estimated repair and indemnity loss assessed at €4,592.37.",0
CLM-00755,CUST_07722,Auto,1,6,4,11092.52,Theft & Stripping,Severe,2024-08-19,2024-08-23,4,Yes,No,"Vehicle stolen from private driveway overnight; recovery team found vehicle stripped of wheels, exhaust, and infotainment unit. Insured (50-60 years, Mixed small town dwellers). Incident occurred on August 19, 2024 under standard operational conditions. Police report filed: Yes. Independent witness present: No. Total estimated repair and indemnity loss assessed at €11,092.52.",0
CLM-00756,CUST_04171,Auto,1,6,8,3607.43,Hit and Run,Minor,2024-01-12,2024-01-18,6,Yes,Yes,"Parked vehicle side-swiped overnight along suburban roadway; left driver doors and mirror torn off. Perpetrator fled scene. Insured (40-50 years, Stable family). Incident occurred on January 12, 2024 under standard operational conditions. Police report filed: Yes. Independent witness present: Yes. Total estimated repair and indemnity loss assessed at €3,607.43.",0
CLM-00757,CUST_09756,Auto,1,6,4,5003.98,Rear-End,Moderate,2024-10-23,2024-10-25,2,Yes,No,"Rear-ended while stationary at red signal; tailgate, rear lights, and chassis panel crushed. Other driver present and exchanged insurance. Insured (40-50 years, Modern, complete families). Incident occurred on October 23, 2024 under standard operational conditions. Police report filed: Yes. Independent witness present: No. Total estimated repair and indemnity loss assessed at €5,003.98.",1
CLM-00758,CUST_08267,Auto,1,6,3,20349.02,Rollover,Severe,2024-08-17,2024-08-18,1,Yes,No,"Single-vehicle rollover on icy highway curve after vehicle skidded on black ice; frame compromised, curtain airbags deployed. Insured (30-40 years, Lower class large families). Incident occurred on August 17, 2024 under standard operational conditions. Police report filed: Yes. Independent witness present: No. Total estimated repair and indemnity loss assessed at €20,349.02.",0
CLM-00759,CUST_07528,Auto,1,6,7,22682.32,Single-Vehicle Crash,Catastrophic,2024-03-16,2024-03-18,2,Yes,No,"High-speed collision with utility pole following brake failure attempt; total front structural destruction. Airbags deployed. Insured (30-40 years, Affluent young families). Incident occurred on March 16, 2024 under standard operational conditions. Police report filed: Yes. Independent witness present: No. Total estimated repair and indemnity loss assessed at €22,682.32.",1
CLM-00760,CUST_09221,Auto,1,5,4,22701.86,Rollover,Severe,2024-02-07,2024-02-08,1,Yes,Yes,"Single-vehicle rollover on icy highway curve after vehicle skidded on black ice; frame compromised, curtain airbags deployed. Insured (30-40 years, Traditional families). Incident occurred on February 07, 2024 under standard operational conditions. Police report filed: Yes. Independent witness present: Yes. Total estimated repair and indemnity loss assessed at €22,701.86.",0
CLM-00761,CUST_05058,Auto,1,6,3,1682.62,Hit and Run,Minor,2024-12-01,2024-12-05,4,Yes,No,"Parked vehicle side-swiped overnight along suburban roadway; left driver doors and mirror torn off. Perpetrator fled scene. Insured (40-50 years, Lower class large families). Incident occurred on December 01, 2024 under standard operational conditions. Police report filed: Yes. Independent witness present: No. Total estimated repair and indemnity loss assessed at €1,682.62.",0
CLM-00762,CUST_06362,Auto,2,6,5,2101.21,Hit and Run,Minor,2024-08-16,2024-08-21,5,Yes,No,"Parked vehicle side-swiped overnight along suburban roadway; left driver doors and mirror torn off. Perpetrator fled scene. Insured (40-50 years, Village families). Incident occurred on August 16, 2024 under standard operational conditions. Police report filed: Yes. Independent witness present: No. Total estimated repair and indemnity loss assessed at €2,101.21.",0
CLM-00763,CUST_02968,Auto,1,5,5,25252.36,Theft & Stripping,Severe,2024-01-13,2024-01-15,2,Yes,Yes,"Vehicle stolen from private driveway overnight; recovery team found vehicle stripped of wheels, exhaust, and infotainment unit. Insured (40-50 years, Village families). Incident occurred on January 13, 2024 under standard operational conditions. Police report filed: Yes. Independent witness present: Yes. Total estimated repair and indemnity loss assessed at €25,252.36.",0
CLM-00764,CUST_01306,Auto,1,6,2,4119.91,Rear-End,Moderate,2024-03-27,2024-04-02,6,Yes,Yes,"Rear-ended while stationary at red signal; tailgate, rear lights, and chassis panel crushed. Other driver present and exchanged insurance. Insured (30-40 years, Mixed apartment dwellers). Incident occurred on March 27, 2024 under standard operational conditions. Police report filed: Yes. Independent witness present: Yes. Total estimated repair and indemnity loss assessed at €4,119.91.",0
CLM-00765,CUST_07673,Auto,1,6,5,29510.43,Weather/Hail,Moderate,2024-09-26,2024-09-27,1,Yes,Yes,"Hail storm caused extensive bodywork dimpling and shattered panoramic sunroof during sudden convective storm. Insured (40-50 years, Large religious families). Incident occurred on September 26, 2024 under standard operational conditions. Police report filed: Yes. Independent witness present: Yes. Total estimated repair and indemnity loss assessed at €29,510.43.",0
CLM-00766,CUST_02507,Auto,1,6,4,2484.19,Collision,Moderate,2024-12-02,2024-12-08,6,Yes,No,"Front-end collision at intersection during heavy rain; significant bumper, radiator and bonnet deformation. Third-party admitted fault. Insured (30-40 years, Traditional families). Incident occurred on December 02, 2024 under standard operational conditions. Police report filed: Yes. Independent witness present: No. Total estimated repair and indemnity loss assessed at €2,484.19.",0
CLM-00767,CUST_04585,Auto,1,6,6,19030.07,Rollover,Severe,2024-11-17,2024-11-19,2,Yes,Yes,"Single-vehicle rollover on icy highway curve after vehicle skidded on black ice; frame compromised, curtain airbags deployed. Insured (40-50 years, Large family, employed child). Incident occurred on November 17, 2024 under standard operational conditions. Police report filed: Yes. Independent witness present: Yes. Total estimated repair and indemnity loss assessed at €19,030.07.",0
CLM-00768,CUST_02743,Auto,1,6,1,5452.96,Collision,Moderate,2024-01-19,2024-01-24,5,Yes,No,"Front-end collision at intersection during heavy rain; significant bumper, radiator and bonnet deformation. Third-party admitted fault. Insured (50-60 years, Seniors in apartments). Incident occurred on January 19, 2024 under standard operational conditions. Police report filed: Yes. Independent witness present: No. Total estimated repair and indemnity loss assessed at €5,452.96.",0
CLM-00769,CUST_07581,Auto,1,6,6,12446.74,Theft & Stripping,Severe,2024-10-04,2024-10-08,4,Yes,No,"Vehicle stolen from private driveway overnight; recovery team found vehicle stripped of wheels, exhaust, and infotainment unit. Insured (60-70 years, Affluent senior apartments). Incident occurred on October 04, 2024 under standard operational conditions. Police report filed: Yes. Independent witness present: No. Total estimated repair and indemnity loss assessed at €12,446.74.",0
CLM-00770,CUST_08722,Auto,1,6,3,6982.67,Rear-End,Moderate,2024-10-30,2024-11-06,7,Yes,No,"Rear-ended while stationary at red signal; tailgate, rear lights, and chassis panel crushed. Other driver present and exchanged insurance. Insured (40-50 years, Lower class large families). Incident occurred on October 30, 2024 under standard operational conditions. Police report filed: Yes. Independent witness present: No. Total estimated repair and indemnity loss assessed at €6,982.67.",0
CLM-00771,CUST_08638,Auto,1,5,6,2374.65,Hit and Run,Minor,2024-06-27,2024-07-04,7,Yes,Yes,"Parked vehicle side-swiped overnight along suburban roadway; left driver doors and mirror torn off. Perpetrator fled scene. Insured (40-50 years, Family starters). Incident occurred on June 27, 2024 under standard operational conditions. Police report filed: Yes. Independent witness present: Yes. Total estimated repair and indemnity loss assessed at €2,374.65.",0
CLM-00772,CUST_07172,Auto,1,6,3,1690.52,Hit and Run,Minor,2024-07-07,2024-07-13,6,Yes,No,"Parked vehicle side-swiped overnight along suburban roadway; left driver doors and mirror torn off. Perpetrator fled scene. Insured (40-50 years, Lower class large families). Incident occurred on July 07, 2024 under standard operational conditions. Police report filed: Yes. Independent witness present: No. Total estimated repair and indemnity loss assessed at €1,690.52.",0
CLM-00773,CUST_00173,Auto,1,6,4,4086.89,Collision,Moderate,2024-09-25,2024-09-27,2,Yes,No,"Front-end collision at intersection during heavy rain; significant bumper, radiator and bonnet deformation. Third-party admitted fault. Insured (50-60 years, Mixed rurals). Incident occurred on September 25, 2024 under standard operational conditions. Police report filed: Yes. Independent witness present: No. Total estimated repair and indemnity loss assessed at €4,086.89.",0
CLM-00774,CUST_08666,Auto,1,6,7,4495.07,Collision,Moderate,2024-09-09,2024-09-16,7,Yes,No,"Front-end collision at intersection during heavy rain; significant bumper, radiator and bonnet deformation. Third-party admitted fault. Insured (40-50 years, Middle class families). Incident occurred on September 09, 2024 under standard operational conditions. Police report filed: Yes. Independent witness present: No. Total estimated repair and indemnity loss assessed at €4,495.07.",0
CLM-00775,CUST_04721,Auto,1,6,6,17774.47,Weather/Hail,Moderate,2024-07-11,2024-09-19,70,Yes,No,"Hail storm caused extensive bodywork dimpling and shattered panoramic sunroof during sudden convective storm. Insured (30-40 years, Young all american family). Incident occurred on July 11, 2024 under standard operational conditions. Police report filed: Yes. Independent witness present: No. Total estimated repair and indemnity loss assessed at €17,774.47.",0
CLM-00776,CUST_02620,Auto,1,6,7,17343.31,Single-Vehicle Crash,Catastrophic,2024-11-27,2024-12-03,6,Yes,No,"High-speed collision with utility pole following brake failure attempt; total front structural destruction. Airbags deployed. Insured (40-50 years, Middle class families). Incident occurred on November 27, 2024 under standard operational conditions. Police report filed: Yes. Independent witness present: No. Total estimated repair and indemnity loss assessed at €17,343.31.",0
CLM-00777,CUST_01291,Auto,1,6,2,14877.18,Rollover,Severe,2024-11-17,2024-11-20,3,Yes,No,"Single-vehicle rollover on icy highway curve after vehicle skidded on black ice; frame compromised, curtain airbags deployed. Insured (50-60 years, Religious elderly singles). Incident occurred on November 17, 2024 under standard operational conditions. Police report filed: Yes. Independent witness present: No. Total estimated repair and indemnity loss assessed at €14,877.18.",0
CLM-00778,CUST_08606,Auto,1,6,2,14040.42,Theft & Stripping,Severe,2024-05-18,2024-05-24,6,Yes,Yes,"Vehicle stolen from private driveway overnight; recovery team found vehicle stripped of wheels, exhaust, and infotainment unit. Insured (40-50 years, Religious elderly singles). Incident occurred on May 18, 2024 under standard operational conditions. Police report filed: Yes. Independent witness present: Yes. Total estimated repair and indemnity loss assessed at €14,040.42.",0
CLM-00779,CUST_02943,Auto,1,5,7,3988.35,Rear-End,Moderate,2024-05-29,2024-05-30,1,Yes,No,"Rear-ended while stationary at red signal; tailgate, rear lights, and chassis panel crushed. Other driver present and exchanged insurance. Insured (40-50 years, Stable family). Incident occurred on May 29, 2024 under standard operational conditions. Police report filed: Yes. Independent witness present: No. Total estimated repair and indemnity loss assessed at €3,988.35.",0
CLM-00780,CUST_04400,Auto,1,6,2,33775.04,Single-Vehicle Crash,Catastrophic,2024-11-15,2024-11-22,7,Yes,Yes,"High-speed collision with utility pole following brake failure attempt; total front structural destruction. Airbags deployed. Insured (40-50 years, Single youth). Incident occurred on November 15, 2024 under standard operational conditions. Police report filed: Yes. Independent witness present: Yes. Total estimated repair and indemnity loss assessed at €33,775.04.",0
CLM-00781,CUST_02453,Auto,1,5,7,3413.24,Collision,Moderate,2024-10-01,2024-10-01,0,Yes,Yes,"Front-end collision at intersection during heavy rain; significant bumper, radiator and bonnet deformation. Third-party admitted fault. Insured (40-50 years, Middle class families). Incident occurred on October 01, 2024 under standard operational conditions. Police report filed: Yes. Independent witness present: Yes. Total estimated repair and indemnity loss assessed at €3,413.24.",5
CLM-00782,CUST_04554,Auto,1,6,7,1226.79,Hit and Run,Minor,2024-03-06,2024-03-13,7,Yes,Yes,"Parked vehicle side-swiped overnight along suburban roadway; left driver doors and mirror torn off. Perpetrator fled scene. Insured (40-50 years, Young all american family). Incident occurred on March 06, 2024 under standard operational conditions. Police report filed: Yes. Independent witness present: Yes. Total estimated repair and indemnity loss assessed at €1,226.79.",0
CLM-00783,CUST_02434,Auto,1,7,2,3912.24,Collision,Moderate,2024-09-10,2024-09-13,3,Yes,No,"Front-end collision at intersection during heavy rain; significant bumper, radiator and bonnet deformation. Third-party admitted fault. Insured (50-60 years, Religious elderly singles). Incident occurred on September 10, 2024 under standard operational conditions. Police report filed: Yes. Independent witness present: No. Total estimated repair and indemnity loss assessed at €3,912.24.",0
CLM-00784,CUST_08063,Auto,1,6,7,2394.35,Hit and Run,Minor,2024-08-26,2024-08-26,0,Yes,No,"Parked vehicle side-swiped overnight along suburban roadway; left driver doors and mirror torn off. Perpetrator fled scene. Insured (40-50 years, Middle class families). Incident occurred on August 26, 2024 under standard operational conditions. Police report filed: Yes. Independent witness present: No. Total estimated repair and indemnity loss assessed at €2,394.35.",0
CLM-00785,CUST_02362,Auto,1,6,3,15639.0,Collision,Moderate,2024-10-06,2024-10-09,3,Yes,No,"Front-end collision at intersection during heavy rain; significant bumper, radiator and bonnet deformation. Third-party admitted fault. Insured (40-50 years, Couples with teens 'Married with children'). Incident occurred on October 06, 2024 under standard operational conditions. Police report filed: Yes. Independent witness present: No. Total estimated repair and indemnity loss assessed at €15,639.00.",0
CLM-00786,CUST_00205,Auto,1,5,7,4496.94,Collision,Moderate,2024-05-08,2024-05-14,6,Yes,No,"Front-end collision at intersection during heavy rain; significant bumper, radiator and bonnet deformation. Third-party admitted fault. Insured (30-40 years, Affluent young families). Incident occurred on May 08, 2024 under standard operational conditions. Police report filed: Yes. Independent witness present: No. Total estimated repair and indemnity loss assessed at €4,496.94.",0
CLM-00787,CUST_00535,Auto,1,6,6,5514.88,Rear-End,Moderate,2024-08-24,2024-08-25,1,Yes,Yes,"Rear-ended while stationary at red signal; tailgate, rear lights, and chassis panel crushed. Other driver present and exchanged insurance. Insured (50-60 years, High status seniors). Incident occurred on August 24, 2024 under standard operational conditions. Police report filed: Yes. Independent witness present: Yes. Total estimated repair and indemnity loss assessed at €5,514.88.",0
CLM-00788,CUST_05033,Auto,1,6,8,2303.51,Hit and Run,Minor,2024-03-23,2024-03-23,0,Yes,Yes,"Parked vehicle side-swiped overnight along suburban roadway; left driver doors and mirror torn off. Perpetrator fled scene. Insured (40-50 years, Career and childcare). Incident occurred on March 23, 2024 under standard operational conditions. Police report filed: Yes. Independent witness present: Yes. Total estimated repair and indemnity loss assessed at €2,303.51.",0
CLM-00789,CUST_04818,Auto,1,6,3,4158.75,Rear-End,Moderate,2024-07-04,2024-07-04,0,Yes,Yes,"Rear-ended while stationary at red signal; tailgate, rear lights, and chassis panel crushed. Other driver present and exchanged insurance. Insured (40-50 years, Lower class large families). Incident occurred on July 04, 2024 under standard operational conditions. Police report filed: Yes. Independent witness present: Yes. Total estimated repair and indemnity loss assessed at €4,158.75.",0
CLM-00790,CUST_03833,Auto,1,5,8,15542.79,Single-Vehicle Crash,Catastrophic,2024-08-11,2024-08-16,5,Yes,Yes,"High-speed collision with utility pole following brake failure attempt; total front structural destruction. Airbags deployed. Insured (40-50 years, Career and childcare). Incident occurred on August 11, 2024 under standard operational conditions. Police report filed: Yes. Independent witness present: Yes. Total estimated repair and indemnity loss assessed at €15,542.79.",0
CLM-00791,CUST_04462,Auto,1,6,6,5593.47,Weather/Hail,Moderate,2024-03-03,2024-03-09,6,Yes,Yes,"Hail storm caused extensive bodywork dimpling and shattered panoramic sunroof during sudden convective storm. Insured (40-50 years, Family starters). Incident occurred on March 03, 2024 under standard operational conditions. Police report filed: Yes. Independent witness present: Yes. Total estimated repair and indemnity loss assessed at €5,593.47.",0
CLM-00792,CUST_07879,Auto,0,0,4,23957.66,Single-Vehicle Crash,Catastrophic,2024-07-10,2024-07-13,3,Yes,Yes,"High-speed collision with utility pole following brake failure attempt; total front structural destruction. Airbags deployed. Insured (50-60 years, Traditional families). Incident occurred on July 10, 2024 under standard operational conditions. Police report filed: Yes. Independent witness present: Yes. Total estimated repair and indemnity loss assessed at €23,957.66.",0
CLM-00793,CUST_05441,Auto,1,6,6,16220.63,Theft & Stripping,Severe,2024-11-17,2024-11-17,0,Yes,Yes,"Vehicle stolen from private driveway overnight; recovery team found vehicle stripped of wheels, exhaust, and infotainment unit. Insured (60-70 years, High status seniors). Incident occurred on November 17, 2024 under standard operational conditions. Police report filed: Yes. Independent witness present: Yes. Total estimated repair and indemnity loss assessed at €16,220.63.",0
CLM-00794,CUST_02481,Auto,1,6,8,19544.39,Single-Vehicle Crash,Catastrophic,2024-10-02,2024-10-03,1,Yes,Yes,"High-speed collision with utility pole following brake failure attempt; total front structural destruction. Airbags deployed. Insured (30-40 years, Affluent young families). Incident occurred on October 02, 2024 under standard operational conditions. Police report filed: Yes. Independent witness present: Yes. Total estimated repair and indemnity loss assessed at €19,544.39.",0
CLM-00795,CUST_05102,Auto,1,6,6,3478.52,Weather/Hail,Moderate,2024-11-27,2024-12-02,5,Yes,No,"Hail storm caused extensive bodywork dimpling and shattered panoramic sunroof during sudden convective storm. Insured (50-60 years, High status seniors). Incident occurred on November 27, 2024 under standard operational conditions. Police report filed: Yes. Independent witness present: No. Total estimated repair and indemnity loss assessed at €3,478.52.",0
CLM-00796,CUST_00346,Auto,1,6,4,37018.65,Single-Vehicle Crash,Catastrophic,2024-07-13,2024-07-18,5,Yes,Yes,"High-speed collision with utility pole following brake failure attempt; total front structural destruction. Airbags deployed. Insured (40-50 years, Mixed rurals). Incident occurred on July 13, 2024 under standard operational conditions. Police report filed: Yes. Independent witness present: Yes. Total estimated repair and indemnity loss assessed at €37,018.65.",0
CLM-00797,CUST_00641,Auto,1,6,8,19002.67,Rollover,Severe,2024-08-13,2024-08-17,4,Yes,No,"Single-vehicle rollover on icy highway curve after vehicle skidded on black ice; frame compromised, curtain airbags deployed. Insured (30-40 years, Stable family). Incident occurred on August 13, 2024 under standard operational conditions. Police report filed: Yes. Independent witness present: No. Total estimated repair and indemnity loss assessed at €19,002.67.",1
CLM-00798,CUST_03003,Auto,1,6,4,5946.1,Weather/Hail,Moderate,2024-06-28,2024-07-03,5,Yes,No,"Hail storm caused extensive bodywork dimpling and shattered panoramic sunroof during sudden convective storm. Insured (30-40 years, Traditional families). Incident occurred on June 28, 2024 under standard operational conditions. Police report filed: Yes. Independent witness present: No. Total estimated repair and indemnity loss assessed at €5,946.10.",0
CLM-00799,CUST_09655,Auto,1,6,1,15198.94,Theft & Stripping,Severe,2024-10-11,2024-10-13,2,Yes,Yes,"Vehicle stolen from private driveway overnight; recovery team found vehicle stripped of wheels, exhaust, and infotainment unit. Insured (50-60 years, Mixed seniors). Incident occurred on October 11, 2024 under standard operational conditions. Police report filed: Yes. Independent witness present: Yes. Total estimated repair and indemnity loss assessed at €15,198.94.",0
CLM-00800,CUST_07308,Auto,1,6,2,2045.85,Hit and Run,Minor,2024-05-15,2024-05-20,5,Yes,No,"Parked vehicle side-swiped overnight along suburban roadway; left driver doors and mirror torn off. Perpetrator fled scene. Insured (40-50 years, Religious elderly singles). Incident occurred on May 15, 2024 under standard operational conditions. Police report filed: Yes. Independent witness present: No. Total estimated repair and indemnity loss assessed at €2,045.85.",0
CLM-00801,CUST_06078,Auto,1,5,3,106609.6,Single-Vehicle Crash,Catastrophic,2024-07-06,2024-07-09,3,Yes,No,"High-speed collision with utility pole following brake failure attempt; total front structural destruction. Airbags deployed. Insured (40-50 years, Mixed seniors). Incident occurred on July 06, 2024 under standard operational conditions. Police report filed: Yes. Independent witness present: No. Total estimated repair and indemnity loss assessed at €106,609.60.",1
CLM-00802,CUST_08719,Auto,1,6,6,12912.61,Theft & Stripping,Severe,2024-07-18,2024-07-21,3,Yes,No,"Vehicle stolen from private driveway overnight; recovery team found vehicle stripped of wheels, exhaust, and infotainment unit. Insured (40-50 years, Family starters). Incident occurred on July 18, 2024 under standard operational conditions. Police report filed: Yes. Independent witness present: No. Total estimated repair and indemnity loss assessed at €12,912.61.",0
CLM-00803,CUST_02483,Auto,2,7,7,5318.57,Weather/Hail,Moderate,2024-05-25,2024-05-30,5,Yes,No,"Hail storm caused extensive bodywork dimpling and shattered panoramic sunroof during sudden convective storm. Insured (40-50 years, Middle class families). Incident occurred on May 25, 2024 under standard operational conditions. Police report filed: Yes. Independent witness present: No. Total estimated repair and indemnity loss assessed at €5,318.57.",0
CLM-00804,CUST_01777,Auto,1,6,4,2773.27,Collision,Moderate,2024-09-25,2024-09-26,1,Yes,Yes,"Front-end collision at intersection during heavy rain; significant bumper, radiator and bonnet deformation. Third-party admitted fault. Insured (40-50 years, Traditional families). Incident occurred on September 25, 2024 under standard operational conditions. Police report filed: Yes. Independent witness present: Yes. Total estimated repair and indemnity loss assessed at €2,773.27.",0
CLM-00805,CUST_02092,Auto,1,6,3,3612.26,Rear-End,Moderate,2024-01-18,2024-01-21,3,Yes,Yes,"Rear-ended while stationary at red signal; tailgate, rear lights, and chassis panel crushed. Other driver present and exchanged insurance. Insured (30-40 years, Young and rising). Incident occurred on January 18, 2024 under standard operational conditions. Police report filed: Yes. Independent witness present: Yes. Total estimated repair and indemnity loss assessed at €3,612.26.",0
CLM-00806,CUST_01602,Auto,1,5,4,2828.99,Collision,Moderate,2024-10-20,2024-10-26,6,Yes,No,"Front-end collision at intersection during heavy rain; significant bumper, radiator and bonnet deformation. Third-party admitted fault. Insured (50-60 years, Mixed small town dwellers). Incident occurred on October 20, 2024 under standard operational conditions. Police report filed: Yes. Independent witness present: No. Total estimated repair and indemnity loss assessed at €2,828.99.",0
CLM-00807,CUST_09516,Auto,1,6,3,2161.28,Hit and Run,Minor,2024-01-27,2024-02-01,5,Yes,Yes,"Parked vehicle side-swiped overnight along suburban roadway; left driver doors and mirror torn off. Perpetrator fled scene. Insured (40-50 years, Large family farms). Incident occurred on January 27, 2024 under standard operational conditions. Police report filed: Yes. Independent witness present: Yes. Total estimated repair and indemnity loss assessed at €2,161.28.",0
CLM-00808,CUST_01143,Auto,1,5,1,2625.5,Collision,Moderate,2024-04-17,2024-04-24,7,Yes,Yes,"Front-end collision at intersection during heavy rain; significant bumper, radiator and bonnet deformation. Third-party admitted fault. Insured (40-50 years, Mixed seniors). Incident occurred on April 17, 2024 under standard operational conditions. Police report filed: Yes. Independent witness present: Yes. Total estimated repair and indemnity loss assessed at €2,625.50.",0
CLM-00809,CUST_00997,Auto,1,6,8,2781.45,Hit and Run,Minor,2024-10-13,2024-10-19,6,Yes,No,"Parked vehicle side-swiped overnight along suburban roadway; left driver doors and mirror torn off. Perpetrator fled scene. Insured (50-60 years, High Income, expensive child). Incident occurred on October 13, 2024 under standard operational conditions. Police report filed: Yes. Independent witness present: No. Total estimated repair and indemnity loss assessed at €2,781.45.",1
CLM-00810,CUST_00949,Auto,1,5,5,10742.65,Theft & Stripping,Severe,2024-11-12,2024-11-16,4,Yes,Yes,"Vehicle stolen from private driveway overnight; recovery team found vehicle stripped of wheels, exhaust, and infotainment unit. Insured (60-70 years, Large religious families). Incident occurred on November 12, 2024 under standard operational conditions. Police report filed: Yes. Independent witness present: Yes. Total estimated repair and indemnity loss assessed at €10,742.65.",0
CLM-00811,CUST_04912,Auto,1,6,7,3103.75,Collision,Moderate,2024-04-21,2024-04-22,1,Yes,Yes,"Front-end collision at intersection during heavy rain; significant bumper, radiator and bonnet deformation. Third-party admitted fault. Insured (50-60 years, Middle class families). Incident occurred on April 21, 2024 under standard operational conditions. Police report filed: Yes. Independent witness present: Yes. Total estimated repair and indemnity loss assessed at €3,103.75.",0
CLM-00812,CUST_08602,Auto,1,7,3,17341.61,Rollover,Severe,2024-04-08,2024-04-11,3,Yes,Yes,"Single-vehicle rollover on icy highway curve after vehicle skidded on black ice; frame compromised, curtain airbags deployed. Insured (50-60 years, Lower class large families). Incident occurred on April 08, 2024 under standard operational conditions. Police report filed: Yes. Independent witness present: Yes. Total estimated repair and indemnity loss assessed at €17,341.61.",0
CLM-00813,CUST_02888,Auto,1,6,5,7017.77,Weather/Hail,Moderate,2024-10-13,2024-10-19,6,Yes,Yes,"Hail storm caused extensive bodywork dimpling and shattered panoramic sunroof during sudden convective storm. Insured (30-40 years, Large religious families). Incident occurred on October 13, 2024 under standard operational conditions. Police report filed: Yes. Independent witness present: Yes. Total estimated repair and indemnity loss assessed at €7,017.77.",0
CLM-00814,CUST_09291,Auto,1,6,1,2145.93,Hit and Run,Minor,2024-12-12,2024-12-19,7,Yes,No,"Parked vehicle side-swiped overnight along suburban roadway; left driver doors and mirror torn off. Perpetrator fled scene. Insured (50-60 years, Low income catholics). Incident occurred on December 12, 2024 under standard operational conditions. Police report filed: Yes. Independent witness present: No. Total estimated repair and indemnity loss assessed at €2,145.93.",1
CLM-00815,CUST_02661,Auto,1,6,8,19413.75,Theft & Stripping,Severe,2024-04-03,2024-04-09,6,Yes,No,"Vehicle stolen from private driveway overnight; recovery team found vehicle stripped of wheels, exhaust, and infotainment unit. Insured (40-50 years, Stable family). Incident occurred on April 03, 2024 under standard operational conditions. Police report filed: Yes. Independent witness present: No. Total estimated repair and indemnity loss assessed at €19,413.75.",0
CLM-00816,CUST_08642,Auto,1,6,3,2912.22,Weather/Hail,Moderate,2024-08-15,2024-08-20,5,Yes,No,"Hail storm caused extensive bodywork dimpling and shattered panoramic sunroof during sudden convective storm. Insured (40-50 years, Lower class large families). Incident occurred on August 15, 2024 under standard operational conditions. Police report filed: Yes. Independent witness present: No. Total estimated repair and indemnity loss assessed at €2,912.22.",0
CLM-00817,CUST_05231,Auto,2,6,3,16201.61,Theft & Stripping,Severe,2024-07-10,2024-07-16,6,Yes,No,"Vehicle stolen from private driveway overnight; recovery team found vehicle stripped of wheels, exhaust, and infotainment unit. Insured (50-60 years, Traditional families). Incident occurred on July 10, 2024 under standard operational conditions. Police report filed: Yes. Independent witness present: No. Total estimated repair and indemnity loss assessed at €16,201.61.",0
CLM-00818,CUST_05204,Auto,1,6,3,6237.48,Weather/Hail,Moderate,2024-05-04,2024-05-07,3,Yes,No,"Hail storm caused extensive bodywork dimpling and shattered panoramic sunroof during sudden convective storm. Insured (40-50 years, Couples with teens 'Married with children'). Incident occurred on May 04, 2024 under standard operational conditions. Police report filed: Yes. Independent witness present: No. Total estimated repair and indemnity loss assessed at €6,237.48.",1
CLM-00819,CUST_04118,Auto,1,6,5,2077.37,Hit and Run,Minor,2024-08-20,2024-08-27,7,Yes,No,"Parked vehicle side-swiped overnight along suburban roadway; left driver doors and mirror torn off. Perpetrator fled scene. Insured (30-40 years, Large religious families). Incident occurred on August 20, 2024 under standard operational conditions. Police report filed: Yes. Independent witness present: No. Total estimated repair and indemnity loss assessed at €2,077.37.",0
CLM-00820,CUST_04741,Auto,0,0,2,20236.91,Weather/Hail,Moderate,2024-06-04,2024-07-23,49,Yes,Yes,"Hail storm caused extensive bodywork dimpling and shattered panoramic sunroof during sudden convective storm. Insured (50-60 years, Religious elderly singles). Incident occurred on June 04, 2024 under standard operational conditions. Police report filed: Yes. Independent witness present: Yes. Total estimated repair and indemnity loss assessed at €20,236.91.",0
CLM-00821,CUST_00352,Auto,1,5,3,12327.39,Theft & Stripping,Severe,2024-05-22,2024-05-24,2,Yes,Yes,"Vehicle stolen from private driveway overnight; recovery team found vehicle stripped of wheels, exhaust, and infotainment unit. Insured (40-50 years, Couples with teens 'Married with children'). Incident occurred on May 22, 2024 under standard operational conditions. Police report filed: Yes. Independent witness present: Yes. Total estimated repair and indemnity loss assessed at €12,327.39.",0
CLM-00822,CUST_02217,Auto,1,6,6,11076.22,Hit and Run,Minor,2024-04-30,2024-06-23,54,Yes,Yes,"Parked vehicle side-swiped overnight along suburban roadway; left driver doors and mirror torn off. Perpetrator fled scene. Insured (40-50 years, Family starters). Incident occurred on April 30, 2024 under standard operational conditions. Police report filed: Yes. Independent witness present: Yes. Total estimated repair and indemnity loss assessed at €11,076.22.",0
CLM-00823,CUST_09182,Auto,1,6,5,7712.35,Rear-End,Moderate,2024-02-10,2024-02-15,5,Yes,No,"Rear-ended while stationary at red signal; tailgate, rear lights, and chassis panel crushed. Other driver present and exchanged insurance. Insured (40-50 years, Village families). Incident occurred on February 10, 2024 under standard operational conditions. Police report filed: Yes. Independent witness present: No. Total estimated repair and indemnity loss assessed at €7,712.35.",0
CLM-00824,CUST_09288,Auto,1,6,5,13556.08,Theft & Stripping,Severe,2024-02-19,2024-02-23,4,Yes,Yes,"Vehicle stolen from private driveway overnight; recovery team found vehicle stripped of wheels, exhaust, and infotainment unit. Insured (40-50 years, Large religious families). Incident occurred on February 19, 2024 under standard operational conditions. Police report filed: Yes. Independent witness present: Yes. Total estimated repair and indemnity loss assessed at €13,556.08.",1
CLM-00825,CUST_09288,Auto,1,6,5,16566.98,Rollover,Severe,2024-02-11,2024-02-11,0,Yes,No,"Single-vehicle rollover on icy highway curve after vehicle skidded on black ice; frame compromised, curtain airbags deployed. Insured (40-50 years, Large religious families). Incident occurred on February 11, 2024 under standard operational conditions. Police report filed: Yes. Independent witness present: No. Total estimated repair and indemnity loss assessed at €16,566.98.",0
CLM-00826,CUST_07029,Auto,2,6,7,27960.31,Rollover,Severe,2024-03-03,2024-03-06,3,Yes,Yes,"Single-vehicle rollover on icy highway curve after vehicle skidded on black ice; frame compromised, curtain airbags deployed. Insured (30-40 years, Middle class families). Incident occurred on March 03, 2024 under standard operational conditions. Police report filed: Yes. Independent witness present: Yes. Total estimated repair and indemnity loss assessed at €27,960.31.",0
CLM-00827,CUST_06136,Auto,1,6,8,5223.49,Collision,Moderate,2024-06-06,2024-06-06,0,Yes,No,"Front-end collision at intersection during heavy rain; significant bumper, radiator and bonnet deformation. Third-party admitted fault. Insured (50-60 years, High Income, expensive child). Incident occurred on June 06, 2024 under standard operational conditions. Police report filed: Yes. Independent witness present: No. Total estimated repair and indemnity loss assessed at €5,223.49.",1
CLM-00828,CUST_02421,Auto,1,6,6,1714.28,Hit and Run,Minor,2024-09-15,2024-09-18,3,Yes,Yes,"Parked vehicle side-swiped overnight along suburban roadway; left driver doors and mirror torn off. Perpetrator fled scene. Insured (50-60 years, High status seniors). Incident occurred on September 15, 2024 under standard operational conditions. Police report filed: Yes. Independent witness present: Yes. Total estimated repair and indemnity loss assessed at €1,714.28.",1
CLM-00829,CUST_06321,Auto,1,6,5,16718.88,Rollover,Severe,2024-10-22,2024-10-25,3,No,No,"Single-vehicle rollover on icy highway curve after vehicle skidded on black ice; frame compromised, curtain airbags deployed. Insured (40-50 years, Large religious families). Incident occurred on October 22, 2024 under standard operational conditions. Police report filed: No. Independent witness present: No. Total estimated repair and indemnity loss assessed at €16,718.88.",2
CLM-00830,CUST_02120,Auto,1,6,4,1858.93,Hit and Run,Minor,2024-02-13,2024-02-20,7,Yes,Yes,"Parked vehicle side-swiped overnight along suburban roadway; left driver doors and mirror torn off. Perpetrator fled scene. Insured (40-50 years, Modern, complete families). Incident occurred on February 13, 2024 under standard operational conditions. Police report filed: Yes. Independent witness present: Yes. Total estimated repair and indemnity loss assessed at €1,858.93.",0
CLM-00831,CUST_04241,Auto,1,6,5,1714.66,Collision,Moderate,2024-07-24,2024-07-30,6,Yes,Yes,"Front-end collision at intersection during heavy rain; significant bumper, radiator and bonnet deformation. Third-party admitted fault. Insured (40-50 years, Village families). Incident occurred on July 24, 2024 under standard operational conditions. Police report filed: Yes. Independent witness present: Yes. Total estimated repair and indemnity loss assessed at €1,714.66.",0
CLM-00832,CUST_07791,Auto,1,6,4,3705.89,Weather/Hail,Moderate,2024-04-12,2024-04-19,7,Yes,No,"Hail storm caused extensive bodywork dimpling and shattered panoramic sunroof during sudden convective storm. Insured (40-50 years, Modern, complete families). Incident occurred on April 12, 2024 under standard operational conditions. Police report filed: Yes. Independent witness present: No. Total estimated repair and indemnity loss assessed at €3,705.89.",0
CLM-00833,CUST_03159,Auto,1,6,4,3586.2,Weather/Hail,Moderate,2024-11-12,2024-11-15,3,Yes,Yes,"Hail storm caused extensive bodywork dimpling and shattered panoramic sunroof during sudden convective storm. Insured (40-50 years, Mixed rurals). Incident occurred on November 12, 2024 under standard operational conditions. Police report filed: Yes. Independent witness present: Yes. Total estimated repair and indemnity loss assessed at €3,586.20.",0
CLM-00834,CUST_05204,Auto,1,6,3,23361.52,Single-Vehicle Crash,Catastrophic,2024-02-16,2024-04-17,61,Yes,No,"High-speed collision with utility pole following brake failure attempt; total front structural destruction. Airbags deployed. Insured (40-50 years, Couples with teens 'Married with children'). Incident occurred on February 16, 2024 under standard operational conditions. Police report filed: Yes. Independent witness present: No. Total estimated repair and indemnity loss assessed at €23,361.52.",0
CLM-00835,CUST_05531,Auto,1,6,3,4943.44,Weather/Hail,Moderate,2024-12-02,2024-12-02,0,Yes,No,"Hail storm caused extensive bodywork dimpling and shattered panoramic sunroof during sudden convective storm. Insured (40-50 years, Porchless seniors: no front yard). Incident occurred on December 02, 2024 under standard operational conditions. Police report filed: Yes. Independent witness present: No. Total estimated repair and indemnity loss assessed at €4,943.44.",1
CLM-00836,CUST_05613,Auto,1,5,2,5127.9,Weather/Hail,Moderate,2024-08-15,2024-08-17,2,Yes,No,"Hail storm caused extensive bodywork dimpling and shattered panoramic sunroof during sudden convective storm. Insured (30-40 years, Young, low educated). Incident occurred on August 15, 2024 under standard operational conditions. Police report filed: Yes. Independent witness present: No. Total estimated repair and indemnity loss assessed at €5,127.90.",0
CLM-00837,CUST_03217,Auto,1,6,4,173278.39,Single-Vehicle Crash,Catastrophic,2024-02-14,2024-03-23,38,Yes,Yes,"High-speed collision with utility pole following brake failure attempt; total front structural destruction. Airbags deployed. Insured (40-50 years, Mixed rurals). Incident occurred on February 14, 2024 under standard operational conditions. Police report filed: Yes. Independent witness present: Yes. Total estimated repair and indemnity loss assessed at €173,278.39.",0
CLM-00838,CUST_04636,Auto,1,5,1,2001.98,Collision,Moderate,2024-06-25,2024-06-26,1,Yes,No,"Front-end collision at intersection during heavy rain; significant bumper, radiator and bonnet deformation. Third-party admitted fault. Insured (50-60 years, Low income catholics). Incident occurred on June 25, 2024 under standard operational conditions. Police report filed: Yes. Independent witness present: No. Total estimated repair and indemnity loss assessed at €2,001.98.",0
CLM-00839,CUST_00370,Auto,1,6,3,2618.59,Hit and Run,Minor,2024-04-18,2024-04-21,3,Yes,Yes,"Parked vehicle side-swiped overnight along suburban roadway; left driver doors and mirror torn off. Perpetrator fled scene. Insured (40-50 years, Lower class large families). Incident occurred on April 18, 2024 under standard operational conditions. Police report filed: Yes. Independent witness present: Yes. Total estimated repair and indemnity loss assessed at €2,618.59.",0
CLM-00840,CUST_04182,Auto,1,6,3,4692.42,Weather/Hail,Moderate,2024-09-05,2024-09-07,2,Yes,Yes,"Hail storm caused extensive bodywork dimpling and shattered panoramic sunroof during sudden convective storm. Insured (40-50 years, Lower class large families). Incident occurred on September 05, 2024 under standard operational conditions. Police report filed: Yes. Independent witness present: Yes. Total estimated repair and indemnity loss assessed at €4,692.42.",0
CLM-00841,CUST_08520,Auto,1,6,3,3268.64,Collision,Moderate,2024-05-11,2024-05-13,2,Yes,Yes,"Front-end collision at intersection during heavy rain; significant bumper, radiator and bonnet deformation. Third-party admitted fault. Insured (40-50 years, Large family farms). Incident occurred on May 11, 2024 under standard operational conditions. Police report filed: Yes. Independent witness present: Yes. Total estimated repair and indemnity loss assessed at €3,268.64.",0
CLM-00842,CUST_04389,Auto,1,6,6,4137.78,Collision,Moderate,2024-08-27,2024-08-27,0,Yes,Yes,"Front-end collision at intersection during heavy rain; significant bumper, radiator and bonnet deformation. Third-party admitted fault. Insured (50-60 years, High status seniors). Incident occurred on August 27, 2024 under standard operational conditions. Police report filed: Yes. Independent witness present: Yes. Total estimated repair and indemnity loss assessed at €4,137.78.",0
CLM-00843,CUST_04389,Auto,1,6,6,20699.58,Single-Vehicle Crash,Catastrophic,2024-12-04,2024-12-09,5,Yes,Yes,"High-speed collision with utility pole following brake failure attempt; total front structural destruction. Airbags deployed. Insured (50-60 years, High status seniors). Incident occurred on December 04, 2024 under standard operational conditions. Police report filed: Yes. Independent witness present: Yes. Total estimated repair and indemnity loss assessed at €20,699.58.",1
CLM-00844,CUST_06192,Auto,1,5,6,4673.61,Rear-End,Moderate,2024-09-18,2024-09-19,1,Yes,No,"Rear-ended while stationary at red signal; tailgate, rear lights, and chassis panel crushed. Other driver present and exchanged insurance. Insured (50-60 years, Very Important Provincials). Incident occurred on September 18, 2024 under standard operational conditions. Police report filed: Yes. Independent witness present: No. Total estimated repair and indemnity loss assessed at €4,673.61.",1
CLM-00845,CUST_09633,Auto,1,6,8,5225.03,Weather/Hail,Moderate,2024-02-16,2024-02-18,2,Yes,Yes,"Hail storm caused extensive bodywork dimpling and shattered panoramic sunroof during sudden convective storm. Insured (30-40 years, Affluent young families). Incident occurred on February 16, 2024 under standard operational conditions. Police report filed: Yes. Independent witness present: Yes. Total estimated repair and indemnity loss assessed at €5,225.03.",1
CLM-00846,CUST_07446,Auto,1,6,3,5681.43,Weather/Hail,Moderate,2024-01-13,2024-01-13,0,Yes,Yes,"Hail storm caused extensive bodywork dimpling and shattered panoramic sunroof during sudden convective storm. Insured (40-50 years, Lower class large families). Incident occurred on January 13, 2024 under standard operational conditions. Police report filed: Yes. Independent witness present: Yes. Total estimated repair and indemnity loss assessed at €5,681.43.",0
CLM-00847,CUST_04929,Auto,2,6,4,2201.5,Hit and Run,Minor,2024-09-08,2024-09-14,6,Yes,Yes,"Parked vehicle side-swiped overnight along suburban roadway; left driver doors and mirror torn off. Perpetrator fled scene. Insured (40-50 years, Modern, complete families). Incident occurred on September 08, 2024 under standard operational conditions. Police report filed: Yes. Independent witness present: Yes. Total estimated repair and indemnity loss assessed at €2,201.50.",0
CLM-00848,CUST_05703,Auto,2,6,6,200078.28,Single-Vehicle Crash,Catastrophic,2024-09-14,2024-10-22,38,Yes,No,"High-speed collision with utility pole following brake failure attempt; total front structural destruction. Airbags deployed. Insured (30-40 years, Dinki's (double income no kids)). Incident occurred on September 14, 2024 under standard operational conditions. Police report filed: Yes. Independent witness present: No. Total estimated repair and indemnity loss assessed at €200,078.28.",0
CLM-00849,CUST_00477,Auto,1,6,7,4099.16,Weather/Hail,Moderate,2024-05-24,2024-05-27,3,Yes,Yes,"Hail storm caused extensive bodywork dimpling and shattered panoramic sunroof during sudden convective storm. Insured (40-50 years, Middle class families). Incident occurred on May 24, 2024 under standard operational conditions. Police report filed: Yes. Independent witness present: Yes. Total estimated repair and indemnity loss assessed at €4,099.16.",0
CLM-00850,CUST_06321,Auto,1,6,5,25137.52,Single-Vehicle Crash,Catastrophic,2024-03-12,2024-03-13,1,Yes,No,"High-speed collision with utility pole following brake failure attempt; total front structural destruction. Airbags deployed. Insured (40-50 years, Large religious families). Incident occurred on March 12, 2024 under standard operational conditions. Police report filed: Yes. Independent witness present: No. Total estimated repair and indemnity loss assessed at €25,137.52.",0
CLM-00851,CUST_03689,Auto,1,6,6,15501.16,Rollover,Severe,2024-05-04,2024-05-06,2,Yes,No,"Single-vehicle rollover on icy highway curve after vehicle skidded on black ice; frame compromised, curtain airbags deployed. Insured (50-60 years, High status seniors). Incident occurred on May 04, 2024 under standard operational conditions. Police report filed: Yes. Independent witness present: No. Total estimated repair and indemnity loss assessed at €15,501.16.",0
CLM-00852,CUST_09755,Auto,1,6,1,1694.71,Hit and Run,Minor,2024-08-18,2024-08-20,2,Yes,Yes,"Parked vehicle side-swiped overnight along suburban roadway; left driver doors and mirror torn off. Perpetrator fled scene. Insured (40-50 years, Low income catholics). Incident occurred on August 18, 2024 under standard operational conditions. Police report filed: Yes. Independent witness present: Yes. Total estimated repair and indemnity loss assessed at €1,694.71.",0
CLM-00853,CUST_09349,Auto,1,5,3,3907.66,Weather/Hail,Moderate,2024-04-14,2024-04-16,2,Yes,No,"Hail storm caused extensive bodywork dimpling and shattered panoramic sunroof during sudden convective storm. Insured (40-50 years, Lower class large families). Incident occurred on April 14, 2024 under standard operational conditions. Police report filed: Yes. Independent witness present: No. Total estimated repair and indemnity loss assessed at €3,907.66.",0
CLM-00854,CUST_08479,Auto,1,6,3,6047.52,Rear-End,Moderate,2024-08-09,2024-08-11,2,Yes,Yes,"Rear-ended while stationary at red signal; tailgate, rear lights, and chassis panel crushed. Other driver present and exchanged insurance. Insured (40-50 years, Lower class large families). Incident occurred on August 09, 2024 under standard operational conditions. Police report filed: Yes. Independent witness present: Yes. Total estimated repair and indemnity loss assessed at €6,047.52.",0
CLM-00855,CUST_09005,Auto,1,6,3,6980.71,Weather/Hail,Moderate,2024-03-02,2024-03-04,2,Yes,No,"Hail storm caused extensive bodywork dimpling and shattered panoramic sunroof during sudden convective storm. Insured (40-50 years, Lower class large families). Incident occurred on March 02, 2024 under standard operational conditions. Police report filed: Yes. Independent witness present: No. Total estimated repair and indemnity loss assessed at €6,980.71.",0
CLM-00856,CUST_02345,Auto,2,6,6,24839.4,Single-Vehicle Crash,Catastrophic,2024-01-17,2024-01-22,5,Yes,No,"High-speed collision with utility pole following brake failure attempt; total front structural destruction. Airbags deployed. Insured (30-40 years, Large family, employed child). Incident occurred on January 17, 2024 under standard operational conditions. Police report filed: Yes. Independent witness present: No. Total estimated repair and indemnity loss assessed at €24,839.40.",0
CLM-00857,CUST_04905,Auto,1,6,1,14245.87,Rollover,Severe,2024-11-23,2024-11-27,4,Yes,Yes,"Single-vehicle rollover on icy highway curve after vehicle skidded on black ice; frame compromised, curtain airbags deployed. Insured (40-50 years, Mixed seniors). Incident occurred on November 23, 2024 under standard operational conditions. Police report filed: Yes. Independent witness present: Yes. Total estimated repair and indemnity loss assessed at €14,245.87.",0
CLM-00858,CUST_01722,Auto,1,6,7,4971.12,Rear-End,Moderate,2024-04-05,2024-04-05,0,Yes,No,"Rear-ended while stationary at red signal; tailgate, rear lights, and chassis panel crushed. Other driver present and exchanged insurance. Insured (40-50 years, Affluent young families). Incident occurred on April 05, 2024 under standard operational conditions. Police report filed: Yes. Independent witness present: No. Total estimated repair and indemnity loss assessed at €4,971.12.",0
CLM-00859,CUST_03751,Auto,1,6,1,4218.89,Weather/Hail,Moderate,2024-04-29,2024-05-02,3,Yes,Yes,"Hail storm caused extensive bodywork dimpling and shattered panoramic sunroof during sudden convective storm. Insured (40-50 years, Mixed seniors). Incident occurred on April 29, 2024 under standard operational conditions. Police report filed: Yes. Independent witness present: Yes. Total estimated repair and indemnity loss assessed at €4,218.89.",0
CLM-00860,CUST_07723,Auto,1,5,4,5049.4,Rear-End,Moderate,2024-09-15,2024-09-22,7,Yes,No,"Rear-ended while stationary at red signal; tailgate, rear lights, and chassis panel crushed. Other driver present and exchanged insurance. Insured (30-40 years, Modern, complete families). Incident occurred on September 15, 2024 under standard operational conditions. Police report filed: Yes. Independent witness present: No. Total estimated repair and indemnity loss assessed at €5,049.40.",0
CLM-00861,CUST_06204,Auto,1,6,4,20457.54,Rollover,Severe,2024-08-31,2024-09-02,2,Yes,Yes,"Single-vehicle rollover on icy highway curve after vehicle skidded on black ice; frame compromised, curtain airbags deployed. Insured (40-50 years, Mixed small town dwellers). Incident occurred on August 31, 2024 under standard operational conditions. Police report filed: Yes. Independent witness present: Yes. Total estimated repair and indemnity loss assessed at €20,457.54.",0
CLM-00862,CUST_00516,Auto,1,6,5,10145.54,Rollover,Severe,2024-01-09,2024-01-13,4,Yes,No,"Single-vehicle rollover on icy highway curve after vehicle skidded on black ice; frame compromised, curtain airbags deployed. Insured (40-50 years, Large religious families). Incident occurred on January 09, 2024 under standard operational conditions. Police report filed: Yes. Independent witness present: No. Total estimated repair and indemnity loss assessed at €10,145.54.",0
CLM-00863,CUST_03277,Auto,1,6,4,21579.52,Theft & Stripping,Severe,2024-04-15,2024-04-16,1,Yes,Yes,"Vehicle stolen from private driveway overnight; recovery team found vehicle stripped of wheels, exhaust, and infotainment unit. Insured (30-40 years, Traditional families). Incident occurred on April 15, 2024 under standard operational conditions. Police report filed: Yes. Independent witness present: Yes. Total estimated repair and indemnity loss assessed at €21,579.52.",0
CLM-00864,CUST_07110,Auto,1,6,3,22622.69,Theft & Stripping,Severe,2024-11-12,2024-11-19,7,Yes,No,"Vehicle stolen from private driveway overnight; recovery team found vehicle stripped of wheels, exhaust, and infotainment unit. Insured (50-60 years, Lower class large families). Incident occurred on November 12, 2024 under standard operational conditions. Police report filed: Yes. Independent witness present: No. Total estimated repair and indemnity loss assessed at €22,622.69.",0
CLM-00865,CUST_04013,Auto,1,6,3,15563.27,Rollover,Severe,2024-07-27,2024-07-27,0,Yes,No,"Single-vehicle rollover on icy highway curve after vehicle skidded on black ice; frame compromised, curtain airbags deployed. Insured (20-30 years, Young and rising). Incident occurred on July 27, 2024 under standard operational conditions. Police report filed: Yes. Independent witness present: No. Total estimated repair and indemnity loss assessed at €15,563.27.",0
CLM-00866,CUST_06337,Auto,1,6,4,4449.22,Weather/Hail,Moderate,2024-10-20,2024-10-20,0,Yes,Yes,"Hail storm caused extensive bodywork dimpling and shattered panoramic sunroof during sudden convective storm. Insured (50-60 years, Modern, complete families). Incident occurred on October 20, 2024 under standard operational conditions. Police report filed: Yes. Independent witness present: Yes. Total estimated repair and indemnity loss assessed at €4,449.22.",1
CLM-00867,CUST_00690,Auto,1,6,2,4692.8,Rear-End,Moderate,2024-09-23,2024-09-29,6,Yes,Yes,"Rear-ended while stationary at red signal; tailgate, rear lights, and chassis panel crushed. Other driver present and exchanged insurance. Insured (30-40 years, Religious elderly singles). Incident occurred on September 23, 2024 under standard operational conditions. Police report filed: Yes. Independent witness present: Yes. Total estimated repair and indemnity loss assessed at €4,692.80.",0
CLM-00868,CUST_08357,Auto,1,6,6,16484.72,Theft & Stripping,Severe,2024-11-19,2024-11-19,0,Yes,Yes,"Vehicle stolen from private driveway overnight; recovery team found vehicle stripped of wheels, exhaust, and infotainment unit. Insured (50-60 years, High status seniors). Incident occurred on November 19, 2024 under standard operational conditions. Police report filed: Yes. Independent witness present: Yes. Total estimated repair and indemnity loss assessed at €16,484.72.",0
CLM-00869,CUST_06417,Auto,1,5,7,2345.13,Hit and Run,Minor,2024-05-27,2024-06-03,7,Yes,Yes,"Parked vehicle side-swiped overnight along suburban roadway; left driver doors and mirror torn off. Perpetrator fled scene. Insured (40-50 years, Middle class families). Incident occurred on May 27, 2024 under standard operational conditions. Police report filed: Yes. Independent witness present: Yes. Total estimated repair and indemnity loss assessed at €2,345.13.",0
CLM-00870,CUST_00885,Auto,1,6,3,44196.53,Single-Vehicle Crash,Catastrophic,2024-09-22,2024-09-24,2,Yes,No,"High-speed collision with utility pole following brake failure attempt; total front structural destruction. Airbags deployed. Insured (50-60 years, Lower class large families). Incident occurred on September 22, 2024 under standard operational conditions. Police report filed: Yes. Independent witness present: No. Total estimated repair and indemnity loss assessed at €44,196.53.",1
CLM-00871,CUST_07342,Auto,1,6,2,3115.66,Collision,Moderate,2024-09-14,2024-09-15,1,Yes,Yes,"Front-end collision at intersection during heavy rain; significant bumper, radiator and bonnet deformation. Third-party admitted fault. Insured (30-40 years, Young, low educated). Incident occurred on September 14, 2024 under standard operational conditions. Police report filed: Yes. Independent witness present: Yes. Total estimated repair and indemnity loss assessed at €3,115.66.",0
CLM-00872,CUST_08835,Auto,1,6,8,3066.55,Rear-End,Moderate,2024-07-21,2024-07-27,6,Yes,No,"Rear-ended while stationary at red signal; tailgate, rear lights, and chassis panel crushed. Other driver present and exchanged insurance. Insured (40-50 years, Stable family). Incident occurred on July 21, 2024 under standard operational conditions. Police report filed: Yes. Independent witness present: No. Total estimated repair and indemnity loss assessed at €3,066.55.",0
CLM-00873,CUST_02888,Auto,1,6,5,10964.08,Rollover,Severe,2024-10-30,2024-11-02,3,Yes,No,"Single-vehicle rollover on icy highway curve after vehicle skidded on black ice; frame compromised, curtain airbags deployed. Insured (30-40 years, Large religious families). Incident occurred on October 30, 2024 under standard operational conditions. Police report filed: Yes. Independent witness present: No. Total estimated repair and indemnity loss assessed at €10,964.08.",1
CLM-00874,CUST_02740,Auto,0,0,6,16918.02,Single-Vehicle Crash,Catastrophic,2024-02-17,2024-04-20,63,No,No,"High-speed collision with utility pole following brake failure attempt; total front structural destruction. Airbags deployed. Insured (50-60 years, High status seniors). Incident occurred on February 17, 2024 under standard operational conditions. Police report filed: No. Independent witness present: No. Total estimated repair and indemnity loss assessed at €16,918.02.",0
CLM-00875,CUST_08285,Auto,1,6,6,4945.62,Weather/Hail,Moderate,2024-03-23,2024-03-29,6,Yes,No,"Hail storm caused extensive bodywork dimpling and shattered panoramic sunroof during sudden convective storm. Insured (40-50 years, High status seniors). Incident occurred on March 23, 2024 under standard operational conditions. Police report filed: Yes. Independent witness present: No. Total estimated repair and indemnity loss assessed at €4,945.62.",0
CLM-00876,CUST_05609,Auto,0,0,3,6352.38,Weather/Hail,Moderate,2024-03-18,2024-05-01,44,Yes,Yes,"Hail storm caused extensive bodywork dimpling and shattered panoramic sunroof during sudden convective storm. Insured (30-40 years, Lower class large families). Incident occurred on March 18, 2024 under standard operational conditions. Police report filed: Yes. Independent witness present: Yes. Total estimated repair and indemnity loss assessed at €6,352.38.",0
CLM-00877,CUST_00835,Auto,1,6,7,16134.33,Rollover,Severe,2024-06-07,2024-06-11,4,Yes,No,"Single-vehicle rollover on icy highway curve after vehicle skidded on black ice; frame compromised, curtain airbags deployed. Insured (30-40 years, Affluent young families). Incident occurred on June 07, 2024 under standard operational conditions. Police report filed: Yes. Independent witness present: No. Total estimated repair and indemnity loss assessed at €16,134.33.",0
CLM-00878,CUST_02924,Auto,1,6,1,3596.55,Collision,Moderate,2024-03-09,2024-03-12,3,Yes,Yes,"Front-end collision at intersection during heavy rain; significant bumper, radiator and bonnet deformation. Third-party admitted fault. Insured (30-40 years, Low income catholics). Incident occurred on March 09, 2024 under standard operational conditions. Police report filed: Yes. Independent witness present: Yes. Total estimated repair and indemnity loss assessed at €3,596.55.",0
CLM-00879,CUST_04108,Auto,2,6,7,3308.29,Collision,Moderate,2024-08-23,2024-08-30,7,Yes,No,"Front-end collision at intersection during heavy rain; significant bumper, radiator and bonnet deformation. Third-party admitted fault. Insured (40-50 years, Middle class families). Incident occurred on August 23, 2024 under standard operational conditions. Police report filed: Yes. Independent witness present: No. Total estimated repair and indemnity loss assessed at €3,308.29.",0
CLM-00880,CUST_00097,Auto,1,6,5,6655.75,Weather/Hail,Moderate,2024-09-10,2024-09-13,3,Yes,Yes,"Hail storm caused extensive bodywork dimpling and shattered panoramic sunroof during sudden convective storm. Insured (40-50 years, Large religious families). Incident occurred on September 10, 2024 under standard operational conditions. Police report filed: Yes. Independent witness present: Yes. Total estimated repair and indemnity loss assessed at €6,655.75.",0
CLM-00881,CUST_07714,Auto,1,5,2,33661.59,Rollover,Severe,2024-07-29,2024-08-05,7,Yes,Yes,"Single-vehicle rollover on icy highway curve after vehicle skidded on black ice; frame compromised, curtain airbags deployed. Insured (60-70 years, Young, low educated). Incident occurred on July 29, 2024 under standard operational conditions. Police report filed: Yes. Independent witness present: Yes. Total estimated repair and indemnity loss assessed at €33,661.59.",0
CLM-00882,CUST_00109,Auto,1,6,4,3467.7,Rear-End,Moderate,2024-10-08,2024-10-12,4,Yes,Yes,"Rear-ended while stationary at red signal; tailgate, rear lights, and chassis panel crushed. Other driver present and exchanged insurance. Insured (30-40 years, Mixed small town dwellers). Incident occurred on October 08, 2024 under standard operational conditions. Police report filed: Yes. Independent witness present: Yes. Total estimated repair and indemnity loss assessed at €3,467.70.",0
CLM-00883,CUST_05848,Auto,0,0,2,12098.68,Collision,Moderate,2024-10-23,2024-10-27,4,Yes,No,"Front-end collision at intersection during heavy rain; significant bumper, radiator and bonnet deformation. Third-party admitted fault. Insured (60-70 years, Young, low educated). Incident occurred on October 23, 2024 under standard operational conditions. Police report filed: Yes. Independent witness present: No. Total estimated repair and indemnity loss assessed at €12,098.68.",0
CLM-00884,CUST_00803,Auto,1,5,5,4452.99,Collision,Moderate,2024-08-02,2024-08-04,2,Yes,Yes,"Front-end collision at intersection during heavy rain; significant bumper, radiator and bonnet deformation. Third-party admitted fault. Insured (60-70 years, Large religious families). Incident occurred on August 02, 2024 under standard operational conditions. Police report filed: Yes. Independent witness present: Yes. Total estimated repair and indemnity loss assessed at €4,452.99.",1
CLM-00885,CUST_09595,Auto,2,6,8,5946.65,Weather/Hail,Moderate,2024-10-15,2024-10-17,2,Yes,No,"Hail storm caused extensive bodywork dimpling and shattered panoramic sunroof during sudden convective storm. Insured (50-60 years, High Income, expensive child). Incident occurred on October 15, 2024 under standard operational conditions. Police report filed: Yes. Independent witness present: No. Total estimated repair and indemnity loss assessed at €5,946.65.",0
CLM-00886,CUST_05760,Auto,1,6,1,5544.05,Collision,Moderate,2024-02-18,2024-02-22,4,Yes,No,"Front-end collision at intersection during heavy rain; significant bumper, radiator and bonnet deformation. Third-party admitted fault. Insured (40-50 years, Low income catholics). Incident occurred on February 18, 2024 under standard operational conditions. Police report filed: Yes. Independent witness present: No. Total estimated repair and indemnity loss assessed at €5,544.05.",0
CLM-00887,CUST_06077,Auto,1,6,3,17532.5,Theft & Stripping,Severe,2024-02-05,2024-02-11,6,Yes,Yes,"Vehicle stolen from private driveway overnight; recovery team found vehicle stripped of wheels, exhaust, and infotainment unit. Insured (50-60 years, Couples with teens 'Married with children'). Incident occurred on February 05, 2024 under standard operational conditions. Police report filed: Yes. Independent witness present: Yes. Total estimated repair and indemnity loss assessed at €17,532.50.",0
CLM-00888,CUST_02156,Auto,1,6,3,2896.85,Collision,Moderate,2024-05-21,2024-05-26,5,Yes,No,"Front-end collision at intersection during heavy rain; significant bumper, radiator and bonnet deformation. Third-party admitted fault. Insured (40-50 years, Large family farms). Incident occurred on May 21, 2024 under standard operational conditions. Police report filed: Yes. Independent witness present: No. Total estimated repair and indemnity loss assessed at €2,896.85.",0
CLM-00889,CUST_03390,Auto,1,6,8,5818.92,Weather/Hail,Moderate,2024-01-31,2024-02-01,1,Yes,Yes,"Hail storm caused extensive bodywork dimpling and shattered panoramic sunroof during sudden convective storm. Insured (40-50 years, Career and childcare). Incident occurred on January 31, 2024 under standard operational conditions. Police report filed: Yes. Independent witness present: Yes. Total estimated repair and indemnity loss assessed at €5,818.92.",0
CLM-00890,CUST_09742,Auto,1,6,3,19736.56,Theft & Stripping,Severe,2024-05-28,2024-06-03,6,Yes,No,"Vehicle stolen from private driveway overnight; recovery team found vehicle stripped of wheels, exhaust, and infotainment unit. Insured (30-40 years, Couples with teens 'Married with children'). Incident occurred on May 28, 2024 under standard operational conditions. Police report filed: Yes. Independent witness present: No. Total estimated repair and indemnity loss assessed at €19,736.56.",0
CLM-00891,CUST_09269,Auto,1,5,7,5948.68,Weather/Hail,Moderate,2024-07-01,2024-07-03,2,Yes,No,"Hail storm caused extensive bodywork dimpling and shattered panoramic sunroof during sudden convective storm. Insured (40-50 years, Middle class families). Incident occurred on July 01, 2024 under standard operational conditions. Police report filed: Yes. Independent witness present: No. Total estimated repair and indemnity loss assessed at €5,948.68.",0
CLM-00892,CUST_08055,Auto,1,5,3,21543.64,Rollover,Severe,2024-04-03,2024-04-06,3,Yes,No,"Single-vehicle rollover on icy highway curve after vehicle skidded on black ice; frame compromised, curtain airbags deployed. Insured (30-40 years, Young and rising). Incident occurred on April 03, 2024 under standard operational conditions. Police report filed: Yes. Independent witness present: No. Total estimated repair and indemnity loss assessed at €21,543.64.",0
CLM-00893,CUST_00021,Auto,1,6,3,4608.01,Collision,Moderate,2024-01-14,2024-01-21,7,Yes,Yes,"Front-end collision at intersection during heavy rain; significant bumper, radiator and bonnet deformation. Third-party admitted fault. Insured (40-50 years, Lower class large families). Incident occurred on January 14, 2024 under standard operational conditions. Police report filed: Yes. Independent witness present: Yes. Total estimated repair and indemnity loss assessed at €4,608.01.",0
CLM-00894,CUST_03364,Auto,1,6,3,19991.04,Theft & Stripping,Severe,2024-11-12,2024-11-18,6,Yes,No,"Vehicle stolen from private driveway overnight; recovery team found vehicle stripped of wheels, exhaust, and infotainment unit. Insured (50-60 years, Lower class large families). Incident occurred on November 12, 2024 under standard operational conditions. Police report filed: Yes. Independent witness present: No. Total estimated repair and indemnity loss assessed at €19,991.04.",0
CLM-00895,CUST_03513,Auto,0,0,7,4218.59,Collision,Moderate,2024-05-25,2024-07-03,39,Yes,No,"Front-end collision at intersection during heavy rain; significant bumper, radiator and bonnet deformation. Third-party admitted fault. Insured (40-50 years, Middle class families). Incident occurred on May 25, 2024 under standard operational conditions. Police report filed: Yes. Independent witness present: No. Total estimated repair and indemnity loss assessed at €4,218.59.",0
CLM-00896,CUST_08894,Auto,1,5,5,2339.23,Hit and Run,Minor,2024-01-05,2024-01-06,1,Yes,No,"Parked vehicle side-swiped overnight along suburban roadway; left driver doors and mirror torn off. Perpetrator fled scene. Insured (40-50 years, Large religious families). Incident occurred on January 05, 2024 under standard operational conditions. Police report filed: Yes. Independent witness present: No. Total estimated repair and indemnity loss assessed at €2,339.23.",0
CLM-00897,CUST_09181,Auto,1,6,6,4758.03,Weather/Hail,Moderate,2024-01-16,2024-01-18,2,Yes,Yes,"Hail storm caused extensive bodywork dimpling and shattered panoramic sunroof during sudden convective storm. Insured (30-40 years, Young all american family). Incident occurred on January 16, 2024 under standard operational conditions. Police report filed: Yes. Independent witness present: Yes. Total estimated repair and indemnity loss assessed at €4,758.03.",0
CLM-00898,CUST_05433,Auto,1,6,4,30220.35,Single-Vehicle Crash,Catastrophic,2024-09-03,2024-09-10,7,Yes,Yes,"High-speed collision with utility pole following brake failure attempt; total front structural destruction. Airbags deployed. Insured (40-50 years, Traditional families). Incident occurred on September 03, 2024 under standard operational conditions. Police report filed: Yes. Independent witness present: Yes. Total estimated repair and indemnity loss assessed at €30,220.35.",0
CLM-00899,CUST_07798,Auto,1,6,1,6073.76,Rear-End,Moderate,2024-11-18,2024-11-25,7,Yes,No,"Rear-ended while stationary at red signal; tailgate, rear lights, and chassis panel crushed. Other driver present and exchanged insurance. Insured (50-60 years, Young seniors in the city). Incident occurred on November 18, 2024 under standard operational conditions. Police report filed: Yes. Independent witness present: No. Total estimated repair and indemnity loss assessed at €6,073.76.",0
CLM-00900,CUST_06688,Auto,2,6,6,22992.98,Single-Vehicle Crash,Catastrophic,2024-01-30,2024-02-03,4,Yes,No,"High-speed collision with utility pole following brake failure attempt; total front structural destruction. Airbags deployed. Insured (30-40 years, Large family, employed child). Incident occurred on January 30, 2024 under standard operational conditions. Police report filed: Yes. Independent witness present: No. Total estimated repair and indemnity loss assessed at €22,992.98.",0
CLM-00901,CUST_00309,Auto,1,6,8,4817.01,Rear-End,Moderate,2024-10-23,2024-10-28,5,Yes,No,"Rear-ended while stationary at red signal; tailgate, rear lights, and chassis panel crushed. Other driver present and exchanged insurance. Insured (50-60 years, High Income, expensive child). Incident occurred on October 23, 2024 under standard operational conditions. Police report filed: Yes. Independent witness present: No. Total estimated repair and indemnity loss assessed at €4,817.01.",0
CLM-00902,CUST_00527,Auto,0,0,8,1324.0,Hit and Run,Minor,2024-11-17,2024-11-19,2,Yes,No,"Parked vehicle side-swiped overnight along suburban roadway; left driver doors and mirror torn off. Perpetrator fled scene. Insured (40-50 years, Career and childcare). Incident occurred on November 17, 2024 under standard operational conditions. Police report filed: Yes. Independent witness present: No. Total estimated repair and indemnity loss assessed at €1,324.00.",0
CLM-00903,CUST_01882,Auto,1,6,4,15200.73,Theft & Stripping,Severe,2024-06-07,2024-06-12,5,Yes,Yes,"Vehicle stolen from private driveway overnight; recovery team found vehicle stripped of wheels, exhaust, and infotainment unit. Insured (50-60 years, Mixed seniors). Incident occurred on June 07, 2024 under standard operational conditions. Police report filed: Yes. Independent witness present: Yes. Total estimated repair and indemnity loss assessed at €15,200.73.",0
CLM-00904,CUST_01417,Auto,2,6,1,26910.71,Rollover,Severe,2024-05-02,2024-05-07,5,Yes,No,"Single-vehicle rollover on icy highway curve after vehicle skidded on black ice; frame compromised, curtain airbags deployed. Insured (30-40 years, Young urban have-nots). Incident occurred on May 02, 2024 under standard operational conditions. Police report filed: Yes. Independent witness present: No. Total estimated repair and indemnity loss assessed at €26,910.71.",0
CLM-00905,CUST_04895,Auto,2,6,7,4550.65,Rear-End,Moderate,2024-09-26,2024-09-30,4,Yes,Yes,"Rear-ended while stationary at red signal; tailgate, rear lights, and chassis panel crushed. Other driver present and exchanged insurance. Insured (40-50 years, High status seniors). Incident occurred on September 26, 2024 under standard operational conditions. Police report filed: Yes. Independent witness present: Yes. Total estimated repair and indemnity loss assessed at €4,550.65.",0
CLM-00906,CUST_03265,Auto,1,6,4,3383.72,Collision,Moderate,2024-01-14,2024-01-16,2,Yes,Yes,"Front-end collision at intersection during heavy rain; significant bumper, radiator and bonnet deformation. Third-party admitted fault. Insured (50-60 years, Modern, complete families). Incident occurred on January 14, 2024 under standard operational conditions. Police report filed: Yes. Independent witness present: Yes. Total estimated repair and indemnity loss assessed at €3,383.72.",0
CLM-00907,CUST_07827,Auto,1,6,4,18921.08,Single-Vehicle Crash,Catastrophic,2024-09-26,2024-09-30,4,Yes,No,"High-speed collision with utility pole following brake failure attempt; total front structural destruction. Airbags deployed. Insured (40-50 years, Mixed rurals). Incident occurred on September 26, 2024 under standard operational conditions. Police report filed: Yes. Independent witness present: No. Total estimated repair and indemnity loss assessed at €18,921.08.",0
CLM-00908,CUST_01598,Auto,1,6,2,18214.26,Theft & Stripping,Severe,2024-09-22,2024-09-24,2,Yes,Yes,"Vehicle stolen from private driveway overnight; recovery team found vehicle stripped of wheels, exhaust, and infotainment unit. Insured (60-70 years, Religious elderly singles). Incident occurred on September 22, 2024 under standard operational conditions. Police report filed: Yes. Independent witness present: Yes. Total estimated repair and indemnity loss assessed at €18,214.26.",0
CLM-00909,CUST_07466,Auto,1,5,5,22372.91,Rollover,Severe,2024-09-25,2024-09-26,1,Yes,Yes,"Single-vehicle rollover on icy highway curve after vehicle skidded on black ice; frame compromised, curtain airbags deployed. Insured (30-40 years, Large religious families). Incident occurred on September 25, 2024 under standard operational conditions. Police report filed: Yes. Independent witness present: Yes. Total estimated repair and indemnity loss assessed at €22,372.91.",0
CLM-00910,CUST_00726,Auto,2,6,3,45344.41,Single-Vehicle Crash,Catastrophic,2024-11-01,2024-11-02,1,Yes,No,"High-speed collision with utility pole following brake failure attempt; total front structural destruction. Airbags deployed. Insured (40-50 years, Lower class large families). Incident occurred on November 01, 2024 under standard operational conditions. Police report filed: Yes. Independent witness present: No. Total estimated repair and indemnity loss assessed at €45,344.41.",0
CLM-00911,CUST_00754,Auto,1,5,3,2830.67,Collision,Moderate,2024-09-24,2024-09-28,4,Yes,Yes,"Front-end collision at intersection during heavy rain; significant bumper, radiator and bonnet deformation. Third-party admitted fault. Insured (40-50 years, Young and rising). Incident occurred on September 24, 2024 under standard operational conditions. Police report filed: Yes. Independent witness present: Yes. Total estimated repair and indemnity loss assessed at €2,830.67.",0
CLM-00912,CUST_05036,Auto,1,6,1,30763.63,Single-Vehicle Crash,Catastrophic,2024-04-18,2024-04-23,5,Yes,Yes,"High-speed collision with utility pole following brake failure attempt; total front structural destruction. Airbags deployed. Insured (40-50 years, Mixed seniors). Incident occurred on April 18, 2024 under standard operational conditions. Police report filed: Yes. Independent witness present: Yes. Total estimated repair and indemnity loss assessed at €30,763.63.",0
CLM-00913,CUST_04468,Auto,1,6,2,5341.14,Weather/Hail,Moderate,2024-06-13,2024-06-20,7,Yes,Yes,"Hail storm caused extensive bodywork dimpling and shattered panoramic sunroof during sudden convective storm. Insured (50-60 years, Mixed apartment dwellers). Incident occurred on June 13, 2024 under standard operational conditions. Police report filed: Yes. Independent witness present: Yes. Total estimated repair and indemnity loss assessed at €5,341.14.",0
CLM-00914,CUST_02543,Auto,1,6,5,2974.47,Hit and Run,Minor,2024-02-29,2024-02-29,0,Yes,Yes,"Parked vehicle side-swiped overnight along suburban roadway; left driver doors and mirror torn off. Perpetrator fled scene. Insured (40-50 years, Mixed small town dwellers). Incident occurred on February 29, 2024 under standard operational conditions. Police report filed: Yes. Independent witness present: Yes. Total estimated repair and indemnity loss assessed at €2,974.47.",0
CLM-00915,CUST_05628,Auto,1,6,3,4858.59,Weather/Hail,Moderate,2024-06-13,2024-06-17,4,Yes,Yes,"Hail storm caused extensive bodywork dimpling and shattered panoramic sunroof during sudden convective storm. Insured (40-50 years, Lower class large families). Incident occurred on June 13, 2024 under standard operational conditions. Police report filed: Yes. Independent witness present: Yes. Total estimated repair and indemnity loss assessed at €4,858.59.",0
CLM-00916,CUST_04576,Auto,1,5,7,5190.63,Weather/Hail,Moderate,2024-05-06,2024-05-08,2,Yes,Yes,"Hail storm caused extensive bodywork dimpling and shattered panoramic sunroof during sudden convective storm. Insured (40-50 years, Stable family). Incident occurred on May 06, 2024 under standard operational conditions. Police report filed: Yes. Independent witness present: Yes. Total estimated repair and indemnity loss assessed at €5,190.63.",0
CLM-00917,CUST_05446,Auto,1,6,3,5843.06,Weather/Hail,Moderate,2024-08-16,2024-08-16,0,Yes,Yes,"Hail storm caused extensive bodywork dimpling and shattered panoramic sunroof during sudden convective storm. Insured (40-50 years, Lower class large families). Incident occurred on August 16, 2024 under standard operational conditions. Police report filed: Yes. Independent witness present: Yes. Total estimated repair and indemnity loss assessed at €5,843.06.",0
CLM-00918,CUST_00827,Auto,2,6,4,12250.68,Collision,Moderate,2024-07-20,2024-10-01,73,Yes,No,"Front-end collision at intersection during heavy rain; significant bumper, radiator and bonnet deformation. Third-party admitted fault. Insured (40-50 years, Mixed small town dwellers). Incident occurred on July 20, 2024 under standard operational conditions. Police report filed: Yes. Independent witness present: No. Total estimated repair and indemnity loss assessed at €12,250.68.",0
CLM-00919,CUST_05040,Auto,1,6,5,1760.14,Hit and Run,Minor,2024-04-12,2024-04-13,1,Yes,No,"Parked vehicle side-swiped overnight along suburban roadway; left driver doors and mirror torn off. Perpetrator fled scene. Insured (30-40 years, Large religious families). Incident occurred on April 12, 2024 under standard operational conditions. Police report filed: Yes. Independent witness present: No. Total estimated repair and indemnity loss assessed at €1,760.14.",0
CLM-00920,CUST_01515,Auto,1,5,3,15315.18,Theft & Stripping,Severe,2024-08-28,2024-08-29,1,Yes,No,"Vehicle stolen from private driveway overnight; recovery team found vehicle stripped of wheels, exhaust, and infotainment unit. Insured (50-60 years, Mixed seniors). Incident occurred on August 28, 2024 under standard operational conditions. Police report filed: Yes. Independent witness present: No. Total estimated repair and indemnity loss assessed at €15,315.18.",0
CLM-00921,CUST_07545,Auto,1,6,5,25681.79,Rollover,Severe,2024-04-29,2024-05-02,3,Yes,Yes,"Single-vehicle rollover on icy highway curve after vehicle skidded on black ice; frame compromised, curtain airbags deployed. Insured (40-50 years, Large religious families). Incident occurred on April 29, 2024 under standard operational conditions. Police report filed: Yes. Independent witness present: Yes. Total estimated repair and indemnity loss assessed at €25,681.79.",0
CLM-00922,CUST_04176,Auto,1,6,6,1412.09,Hit and Run,Minor,2024-07-20,2024-07-22,2,Yes,No,"Parked vehicle side-swiped overnight along suburban roadway; left driver doors and mirror torn off. Perpetrator fled scene. Insured (30-40 years, Large family, employed child). Incident occurred on July 20, 2024 under standard operational conditions. Police report filed: Yes. Independent witness present: No. Total estimated repair and indemnity loss assessed at €1,412.09.",0
CLM-00923,CUST_05235,Auto,1,6,2,20037.82,Rollover,Severe,2024-09-07,2024-09-07,0,Yes,Yes,"Single-vehicle rollover on icy highway curve after vehicle skidded on black ice; frame compromised, curtain airbags deployed. Insured (30-40 years, Young, low educated). Incident occurred on September 07, 2024 under standard operational conditions. Police report filed: Yes. Independent witness present: Yes. Total estimated repair and indemnity loss assessed at €20,037.82.",0
CLM-00924,CUST_05641,Auto,1,6,1,15039.28,Rollover,Severe,2024-08-25,2024-08-27,2,Yes,No,"Single-vehicle rollover on icy highway curve after vehicle skidded on black ice; frame compromised, curtain airbags deployed. Insured (40-50 years, Mixed seniors). Incident occurred on August 25, 2024 under standard operational conditions. Police report filed: Yes. Independent witness present: No. Total estimated repair and indemnity loss assessed at €15,039.28.",0
CLM-00925,CUST_09737,Auto,2,6,6,6665.07,Weather/Hail,Moderate,2024-03-07,2024-03-08,1,Yes,No,"Hail storm caused extensive bodywork dimpling and shattered panoramic sunroof during sudden convective storm. Insured (50-60 years, Very Important Provincials). Incident occurred on March 07, 2024 under standard operational conditions. Police report filed: Yes. Independent witness present: No. Total estimated repair and indemnity loss assessed at €6,665.07.",0
CLM-00926,CUST_01725,Auto,1,6,1,1114.09,Hit and Run,Minor,2024-10-12,2024-10-13,1,Yes,No,"Parked vehicle side-swiped overnight along suburban roadway; left driver doors and mirror torn off. Perpetrator fled scene. Insured (50-60 years, Low income catholics). Incident occurred on October 12, 2024 under standard operational conditions. Police report filed: Yes. Independent witness present: No. Total estimated repair and indemnity loss assessed at €1,114.09.",0
CLM-00927,CUST_06471,Auto,1,6,1,4209.51,Weather/Hail,Moderate,2024-07-31,2024-08-03,3,Yes,Yes,"Hail storm caused extensive bodywork dimpling and shattered panoramic sunroof during sudden convective storm. Insured (40-50 years, Mixed seniors). Incident occurred on July 31, 2024 under standard operational conditions. Police report filed: Yes. Independent witness present: Yes. Total estimated repair and indemnity loss assessed at €4,209.51.",0
CLM-00928,CUST_07811,Auto,1,6,4,21503.27,Rollover,Severe,2024-02-04,2024-02-09,5,Yes,Yes,"Single-vehicle rollover on icy highway curve after vehicle skidded on black ice; frame compromised, curtain airbags deployed. Insured (30-40 years, Traditional families). Incident occurred on February 04, 2024 under standard operational conditions. Police report filed: Yes. Independent witness present: Yes. Total estimated repair and indemnity loss assessed at €21,503.27.",0
CLM-00929,CUST_09525,Auto,1,6,3,28633.14,Rollover,Severe,2024-08-11,2024-08-16,5,Yes,Yes,"Single-vehicle rollover on icy highway curve after vehicle skidded on black ice; frame compromised, curtain airbags deployed. Insured (50-60 years, Large family farms). Incident occurred on August 11, 2024 under standard operational conditions. Police report filed: Yes. Independent witness present: Yes. Total estimated repair and indemnity loss assessed at €28,633.14.",0
CLM-00930,CUST_01269,Auto,1,6,8,28626.87,Single-Vehicle Crash,Catastrophic,2024-10-21,2024-10-28,7,Yes,Yes,"High-speed collision with utility pole following brake failure attempt; total front structural destruction. Airbags deployed. Insured (30-40 years, Stable family). Incident occurred on October 21, 2024 under standard operational conditions. Police report filed: Yes. Independent witness present: Yes. Total estimated repair and indemnity loss assessed at €28,626.87.",0
CLM-00931,CUST_07517,Auto,1,6,8,1694.88,Hit and Run,Minor,2024-10-12,2024-10-13,1,Yes,No,"Parked vehicle side-swiped overnight along suburban roadway; left driver doors and mirror torn off. Perpetrator fled scene. Insured (40-50 years, High Income, expensive child). Incident occurred on October 12, 2024 under standard operational conditions. Police report filed: Yes. Independent witness present: No. Total estimated repair and indemnity loss assessed at €1,694.88.",0
CLM-00932,CUST_06552,Auto,1,5,1,5457.39,Collision,Moderate,2024-11-03,2024-11-04,1,Yes,No,"Front-end collision at intersection during heavy rain; significant bumper, radiator and bonnet deformation. Third-party admitted fault. Insured (50-60 years, Own home elderly). Incident occurred on November 03, 2024 under standard operational conditions. Police report filed: Yes. Independent witness present: No. Total estimated repair and indemnity loss assessed at €5,457.39.",0
CLM-00933,CUST_01005,Auto,1,6,5,1590.38,Collision,Moderate,2024-04-22,2024-04-24,2,Yes,Yes,"Front-end collision at intersection during heavy rain; significant bumper, radiator and bonnet deformation. Third-party admitted fault. Insured (40-50 years, Large religious families). Incident occurred on April 22, 2024 under standard operational conditions. Police report filed: Yes. Independent witness present: Yes. Total estimated repair and indemnity loss assessed at €1,590.38.",0
CLM-00934,CUST_02413,Auto,1,5,2,5307.16,Rollover,Severe,2024-09-30,2024-10-04,4,Yes,No,"Single-vehicle rollover on icy highway curve after vehicle skidded on black ice; frame compromised, curtain airbags deployed. Insured (50-60 years, Religious elderly singles). Incident occurred on September 30, 2024 under standard operational conditions. Police report filed: Yes. Independent witness present: No. Total estimated repair and indemnity loss assessed at €5,307.16.",0
CLM-00935,CUST_07268,Auto,1,6,7,4924.02,Rear-End,Moderate,2024-04-16,2024-04-21,5,Yes,No,"Rear-ended while stationary at red signal; tailgate, rear lights, and chassis panel crushed. Other driver present and exchanged insurance. Insured (30-40 years, Affluent young families). Incident occurred on April 16, 2024 under standard operational conditions. Police report filed: Yes. Independent witness present: No. Total estimated repair and indemnity loss assessed at €4,924.02.",0
CLM-00936,CUST_04926,Auto,1,5,3,15487.67,Rollover,Severe,2024-06-26,2024-06-27,1,Yes,Yes,"Single-vehicle rollover on icy highway curve after vehicle skidded on black ice; frame compromised, curtain airbags deployed. Insured (30-40 years, Young and rising). Incident occurred on June 26, 2024 under standard operational conditions. Police report filed: Yes. Independent witness present: Yes. Total estimated repair and indemnity loss assessed at €15,487.67.",0
CLM-00937,CUST_07703,Fire_Property,1,3,1,1973.83,Smoke Ingress,Minor,2024-03-07,2024-03-11,4,Yes,No,"Minor chimney soot flare caused interior smoke staining across living room walls, upholstery, and drapes; no structural flames. Insured (40-50 years, Low income catholics). Incident occurred on March 07, 2024 under standard operational conditions. Police report filed: Yes. Independent witness present: No. Total estimated repair and indemnity loss assessed at €1,973.83.",0
CLM-00938,CUST_00775,Fire_Property,1,7,3,16687.6,Kitchen Fire,Moderate,2024-10-14,2024-10-19,5,Yes,No,"Kitchen grease fire ignited on stovetop, spreading quickly to cabinetry and extractor hood before local brigade extinguished blaze. Insured (30-40 years, Young and rising). Incident occurred on October 14, 2024 under standard operational conditions. Police report filed: Yes. Independent witness present: No. Total estimated repair and indemnity loss assessed at €16,687.60.",0
CLM-00939,CUST_03531,Fire_Property,1,4,6,3303.61,Smoke Ingress,Minor,2024-10-30,2024-11-05,6,No,No,"Minor chimney soot flare caused interior smoke staining across living room walls, upholstery, and drapes; no structural flames. Insured (50-60 years, High status seniors). Incident occurred on October 30, 2024 under standard operational conditions. Police report filed: No. Independent witness present: No. Total estimated repair and indemnity loss assessed at €3,303.61.",0
CLM-00940,CUST_06578,Fire_Property,1,2,1,6252.58,Water Leak/Flooding,Moderate,2024-04-19,2024-04-21,2,No,Yes,"Water pipe ruptured in second-floor bathroom during deep freeze, causing cascading water damage through ceiling onto hardwood floors. Insured (50-60 years, Own home elderly). Incident occurred on April 19, 2024 under standard operational conditions. Police report filed: No. Independent witness present: Yes. Total estimated repair and indemnity loss assessed at €6,252.58.",0
CLM-00941,CUST_05814,Fire_Property,1,4,6,12797.56,Lightning/Structure Fire,Severe,2024-08-02,2024-08-04,2,Yes,No,"Lightning strike ignited secondary residential garage roof, destroying stored tools, lawn equipment, and structural roofing rafters. Insured (50-60 years, High status seniors). Incident occurred on August 02, 2024 under standard operational conditions. Police report filed: Yes. Independent witness present: No. Total estimated repair and indemnity loss assessed at €12,797.56.",0
CLM-00942,CUST_01853,Fire_Property,1,2,1,43037.03,Electrical Fire,Severe,2024-01-07,2024-01-08,1,Yes,Yes,"Faulty electrical wiring in attic sparked smoldering insulation fire, resulting in heavy ceiling collapse and structural timber charring. Insured (40-50 years, Low income catholics). Incident occurred on January 07, 2024 under standard operational conditions. Police report filed: Yes. Independent witness present: Yes. Total estimated repair and indemnity loss assessed at €43,037.03.",0
CLM-00943,CUST_07347,Fire_Property,1,3,6,3561.69,Smoke Ingress,Minor,2024-03-11,2024-03-12,1,Yes,No,"Minor chimney soot flare caused interior smoke staining across living room walls, upholstery, and drapes; no structural flames. Insured (40-50 years, Dinki's (double income no kids)). Incident occurred on March 11, 2024 under standard operational conditions. Police report filed: Yes. Independent witness present: No. Total estimated repair and indemnity loss assessed at €3,561.69.",0
CLM-00944,CUST_09101,Fire_Property,1,2,1,2721.78,Smoke Ingress,Minor,2024-11-16,2024-11-18,2,No,No,"Minor chimney soot flare caused interior smoke staining across living room walls, upholstery, and drapes; no structural flames. Insured (40-50 years, Mixed seniors). Incident occurred on November 16, 2024 under standard operational conditions. Police report filed: No. Independent witness present: No. Total estimated repair and indemnity loss assessed at €2,721.78.",0
CLM-00945,CUST_06795,Fire_Property,1,4,6,4826.31,Smoke Ingress,Minor,2024-07-01,2024-07-04,3,Yes,No,"Minor chimney soot flare caused interior smoke staining across living room walls, upholstery, and drapes; no structural flames. Insured (40-50 years, Young all american family). Incident occurred on July 01, 2024 under standard operational conditions. Police report filed: Yes. Independent witness present: No. Total estimated repair and indemnity loss assessed at €4,826.31.",0
CLM-00946,CUST_08690,Fire_Property,1,3,3,1927.42,Smoke Ingress,Minor,2024-05-02,2024-05-06,4,No,No,"Minor chimney soot flare caused interior smoke staining across living room walls, upholstery, and drapes; no structural flames. Insured (40-50 years, Couples with teens 'Married with children'). Incident occurred on May 02, 2024 under standard operational conditions. Police report filed: No. Independent witness present: No. Total estimated repair and indemnity loss assessed at €1,927.42.",0
CLM-00947,CUST_08703,Fire_Property,0,0,8,130874.57,Lightning/Structure Fire,Severe,2024-02-11,2024-04-19,68,Yes,No,"Lightning strike ignited secondary residential garage roof, destroying stored tools, lawn equipment, and structural roofing rafters. Insured (40-50 years, High Income, expensive child). Incident occurred on February 11, 2024 under standard operational conditions. Police report filed: Yes. Independent witness present: No. Total estimated repair and indemnity loss assessed at €130,874.57.",0
CLM-00948,CUST_01287,Fire_Property,1,2,4,25829.01,Electrical Fire,Severe,2024-12-06,2024-12-07,1,Yes,No,"Faulty electrical wiring in attic sparked smoldering insulation fire, resulting in heavy ceiling collapse and structural timber charring. Insured (30-40 years, Traditional families). Incident occurred on December 06, 2024 under standard operational conditions. Police report filed: Yes. Independent witness present: No. Total estimated repair and indemnity loss assessed at €25,829.01.",0
CLM-00949,CUST_08082,Fire_Property,1,2,7,10794.86,Kitchen Fire,Moderate,2024-08-29,2024-09-05,7,No,No,"Kitchen grease fire ignited on stovetop, spreading quickly to cabinetry and extractor hood before local brigade extinguished blaze. Insured (40-50 years, Middle class families). Incident occurred on August 29, 2024 under standard operational conditions. Police report filed: No. Independent witness present: No. Total estimated repair and indemnity loss assessed at €10,794.86.",0
CLM-00950,CUST_04442,Fire_Property,1,4,7,24986.72,Lightning/Structure Fire,Severe,2024-03-27,2024-03-27,0,Yes,No,"Lightning strike ignited secondary residential garage roof, destroying stored tools, lawn equipment, and structural roofing rafters. Insured (40-50 years, Middle class families). Incident occurred on March 27, 2024 under standard operational conditions. Police report filed: Yes. Independent witness present: No. Total estimated repair and indemnity loss assessed at €24,986.72.",0
CLM-00951,CUST_08496,Fire_Property,1,3,4,20150.11,Lightning/Structure Fire,Severe,2024-02-02,2024-02-09,7,Yes,Yes,"Lightning strike ignited secondary residential garage roof, destroying stored tools, lawn equipment, and structural roofing rafters. Insured (50-60 years, Mixed small town dwellers). Incident occurred on February 02, 2024 under standard operational conditions. Police report filed: Yes. Independent witness present: Yes. Total estimated repair and indemnity loss assessed at €20,150.11.",0
CLM-00952,CUST_04412,Fire_Property,1,4,7,9529.76,Water Leak/Flooding,Moderate,2024-01-15,2024-01-19,4,No,Yes,"Water pipe ruptured in second-floor bathroom during deep freeze, causing cascading water damage through ceiling onto hardwood floors. Insured (30-40 years, Affluent young families). Incident occurred on January 15, 2024 under standard operational conditions. Police report filed: No. Independent witness present: Yes. Total estimated repair and indemnity loss assessed at €9,529.76.",0
CLM-00953,CUST_01115,Fire_Property,1,2,4,11107.68,Lightning/Structure Fire,Severe,2024-05-10,2024-05-12,2,Yes,No,"Lightning strike ignited secondary residential garage roof, destroying stored tools, lawn equipment, and structural roofing rafters. Insured (30-40 years, Modern, complete families). Incident occurred on May 10, 2024 under standard operational conditions. Police report filed: Yes. Independent witness present: No. Total estimated repair and indemnity loss assessed at €11,107.68.",0
CLM-00954,CUST_03885,Fire_Property,2,4,3,18496.94,Kitchen Fire,Moderate,2024-02-28,2024-03-01,2,Yes,No,"Kitchen grease fire ignited on stovetop, spreading quickly to cabinetry and extractor hood before local brigade extinguished blaze. Insured (30-40 years, Young and rising). Incident occurred on February 28, 2024 under standard operational conditions. Police report filed: Yes. Independent witness present: No. Total estimated repair and indemnity loss assessed at €18,496.94.",0
CLM-00955,CUST_02639,Fire_Property,1,5,4,23342.79,Lightning/Structure Fire,Severe,2024-05-01,2024-05-08,7,Yes,Yes,"Lightning strike ignited secondary residential garage roof, destroying stored tools, lawn equipment, and structural roofing rafters. Insured (40-50 years, Mixed rurals). Incident occurred on May 01, 2024 under standard operational conditions. Police report filed: Yes. Independent witness present: Yes. Total estimated repair and indemnity loss assessed at €23,342.79.",0
CLM-00956,CUST_00480,Fire_Property,1,4,1,31978.37,Lightning/Structure Fire,Severe,2024-02-14,2024-02-16,2,Yes,Yes,"Lightning strike ignited secondary residential garage roof, destroying stored tools, lawn equipment, and structural roofing rafters. Insured (70-80 years, Own home elderly). Incident occurred on February 14, 2024 under standard operational conditions. Police report filed: Yes. Independent witness present: Yes. Total estimated repair and indemnity loss assessed at €31,978.37.",0
CLM-00957,CUST_06237,Fire_Property,1,3,8,3269.59,Smoke Ingress,Minor,2024-05-02,2024-05-09,7,Yes,Yes,"Minor chimney soot flare caused interior smoke staining across living room walls, upholstery, and drapes; no structural flames. Insured (40-50 years, Career and childcare). Incident occurred on May 02, 2024 under standard operational conditions. Police report filed: Yes. Independent witness present: Yes. Total estimated repair and indemnity loss assessed at €3,269.59.",0
CLM-00958,CUST_05212,Fire_Property,1,2,4,13055.39,Kitchen Fire,Moderate,2024-11-25,2024-11-29,4,Yes,Yes,"Kitchen grease fire ignited on stovetop, spreading quickly to cabinetry and extractor hood before local brigade extinguished blaze. Insured (30-40 years, Modern, complete families). Incident occurred on November 25, 2024 under standard operational conditions. Police report filed: Yes. Independent witness present: Yes. Total estimated repair and indemnity loss assessed at €13,055.39.",0
CLM-00959,CUST_06021,Fire_Property,1,4,4,3613.28,Smoke Ingress,Minor,2024-06-04,2024-06-11,7,Yes,No,"Minor chimney soot flare caused interior smoke staining across living room walls, upholstery, and drapes; no structural flames. Insured (50-60 years, Traditional families). Incident occurred on June 04, 2024 under standard operational conditions. Police report filed: Yes. Independent witness present: No. Total estimated repair and indemnity loss assessed at €3,613.28.",0
CLM-00960,CUST_05892,Fire_Property,1,2,3,3241.32,Smoke Ingress,Minor,2024-05-15,2024-05-17,2,No,Yes,"Minor chimney soot flare caused interior smoke staining across living room walls, upholstery, and drapes; no structural flames. Insured (30-40 years, Young and rising). Incident occurred on May 15, 2024 under standard operational conditions. Police report filed: No. Independent witness present: Yes. Total estimated repair and indemnity loss assessed at €3,241.32.",0
CLM-00961,CUST_06773,Fire_Property,1,3,6,3554.59,Smoke Ingress,Minor,2024-12-14,2024-12-19,5,Yes,Yes,"Minor chimney soot flare caused interior smoke staining across living room walls, upholstery, and drapes; no structural flames. Insured (30-40 years, Large family, employed child). Incident occurred on December 14, 2024 under standard operational conditions. Police report filed: Yes. Independent witness present: Yes. Total estimated repair and indemnity loss assessed at €3,554.59.",0
CLM-00962,CUST_09596,Fire_Property,1,2,4,31753.22,Lightning/Structure Fire,Severe,2024-08-10,2024-08-14,4,Yes,No,"Lightning strike ignited secondary residential garage roof, destroying stored tools, lawn equipment, and structural roofing rafters. Insured (30-40 years, Modern, complete families). Incident occurred on August 10, 2024 under standard operational conditions. Police report filed: Yes. Independent witness present: No. Total estimated repair and indemnity loss assessed at €31,753.22.",0
CLM-00963,CUST_01432,Fire_Property,1,3,1,23652.17,Lightning/Structure Fire,Severe,2024-12-02,2024-12-08,6,Yes,No,"Lightning strike ignited secondary residential garage roof, destroying stored tools, lawn equipment, and structural roofing rafters. Insured (40-50 years, Young seniors in the city). Incident occurred on December 02, 2024 under standard operational conditions. Police report filed: Yes. Independent witness present: No. Total estimated repair and indemnity loss assessed at €23,652.17.",0
CLM-00964,CUST_03638,Fire_Property,1,2,2,9817.21,Water Leak/Flooding,Moderate,2024-04-10,2024-04-15,5,Yes,No,"Water pipe ruptured in second-floor bathroom during deep freeze, causing cascading water damage through ceiling onto hardwood floors. Insured (30-40 years, Mixed apartment dwellers). Incident occurred on April 10, 2024 under standard operational conditions. Police report filed: Yes. Independent witness present: No. Total estimated repair and indemnity loss assessed at €9,817.21.",0
CLM-00965,CUST_00121,Fire_Property,1,1,5,10096.19,Kitchen Fire,Moderate,2024-01-08,2024-01-14,6,Yes,Yes,"Kitchen grease fire ignited on stovetop, spreading quickly to cabinetry and extractor hood before local brigade extinguished blaze. Insured (40-50 years, Mixed small town dwellers). Incident occurred on January 08, 2024 under standard operational conditions. Police report filed: Yes. Independent witness present: Yes. Total estimated repair and indemnity loss assessed at €10,096.19.",0
CLM-00966,CUST_05311,Fire_Property,1,6,5,55361.29,Electrical Fire,Severe,2024-05-26,2024-05-30,4,Yes,Yes,"Faulty electrical wiring in attic sparked smoldering insulation fire, resulting in heavy ceiling collapse and structural timber charring. Insured (50-60 years, Large religious families). Incident occurred on May 26, 2024 under standard operational conditions. Police report filed: Yes. Independent witness present: Yes. Total estimated repair and indemnity loss assessed at €55,361.29.",1
CLM-00967,CUST_00828,Fire_Property,1,2,6,5938.1,Water Leak/Flooding,Moderate,2024-04-22,2024-04-23,1,Yes,Yes,"Water pipe ruptured in second-floor bathroom during deep freeze, causing cascading water damage through ceiling onto hardwood floors. Insured (40-50 years, High status seniors). Incident occurred on April 22, 2024 under standard operational conditions. Police report filed: Yes. Independent witness present: Yes. Total estimated repair and indemnity loss assessed at €5,938.10.",0
CLM-00968,CUST_01918,Fire_Property,1,3,3,4654.89,Smoke Ingress,Minor,2024-12-03,2024-12-05,2,Yes,Yes,"Minor chimney soot flare caused interior smoke staining across living room walls, upholstery, and drapes; no structural flames. Insured (40-50 years, Lower class large families). Incident occurred on December 03, 2024 under standard operational conditions. Police report filed: Yes. Independent witness present: Yes. Total estimated repair and indemnity loss assessed at €4,654.89.",0
CLM-00969,CUST_07055,Fire_Property,1,1,3,10319.29,Kitchen Fire,Moderate,2024-11-24,2024-12-01,7,No,No,"Kitchen grease fire ignited on stovetop, spreading quickly to cabinetry and extractor hood before local brigade extinguished blaze. Insured (30-40 years, Young and rising). Incident occurred on November 24, 2024 under standard operational conditions. Police report filed: No. Independent witness present: No. Total estimated repair and indemnity loss assessed at €10,319.29.",0
CLM-00970,CUST_04894,Fire_Property,1,2,6,9673.8,Lightning/Structure Fire,Severe,2024-03-24,2024-03-25,1,Yes,No,"Lightning strike ignited secondary residential garage roof, destroying stored tools, lawn equipment, and structural roofing rafters. Insured (30-40 years, High status seniors). Incident occurred on March 24, 2024 under standard operational conditions. Police report filed: Yes. Independent witness present: No. Total estimated repair and indemnity loss assessed at €9,673.80.",0
CLM-00971,CUST_05788,Fire_Property,1,4,7,3193.7,Smoke Ingress,Minor,2024-06-20,2024-06-20,0,No,No,"Minor chimney soot flare caused interior smoke staining across living room walls, upholstery, and drapes; no structural flames. Insured (40-50 years, Middle class families). Incident occurred on June 20, 2024 under standard operational conditions. Police report filed: No. Independent witness present: No. Total estimated repair and indemnity loss assessed at €3,193.70.",1
CLM-00972,CUST_00997,Fire_Property,1,3,8,2297.0,Smoke Ingress,Minor,2024-04-13,2024-04-19,6,Yes,No,"Minor chimney soot flare caused interior smoke staining across living room walls, upholstery, and drapes; no structural flames. Insured (50-60 years, High Income, expensive child). Incident occurred on April 13, 2024 under standard operational conditions. Police report filed: Yes. Independent witness present: No. Total estimated repair and indemnity loss assessed at €2,297.00.",0
CLM-00973,CUST_06505,Fire_Property,1,3,1,44207.08,Electrical Fire,Severe,2024-02-25,2024-02-29,4,No,No,"Faulty electrical wiring in attic sparked smoldering insulation fire, resulting in heavy ceiling collapse and structural timber charring. Insured (40-50 years, Low income catholics). Incident occurred on February 25, 2024 under standard operational conditions. Police report filed: No. Independent witness present: No. Total estimated repair and indemnity loss assessed at €44,207.08.",0
CLM-00974,CUST_06735,Fire_Property,1,4,6,9063.19,Kitchen Fire,Moderate,2024-03-18,2024-03-18,0,Yes,No,"Kitchen grease fire ignited on stovetop, spreading quickly to cabinetry and extractor hood before local brigade extinguished blaze. Insured (50-60 years, High status seniors). Incident occurred on March 18, 2024 under standard operational conditions. Police report filed: Yes. Independent witness present: No. Total estimated repair and indemnity loss assessed at €9,063.19.",0
CLM-00975,CUST_04988,Fire_Property,1,3,4,2520.13,Smoke Ingress,Minor,2024-10-22,2024-10-22,0,No,No,"Minor chimney soot flare caused interior smoke staining across living room walls, upholstery, and drapes; no structural flames. Insured (40-50 years, Modern, complete families). Incident occurred on October 22, 2024 under standard operational conditions. Police report filed: No. Independent witness present: No. Total estimated repair and indemnity loss assessed at €2,520.13.",0
CLM-00976,CUST_01007,Fire_Property,1,4,3,3253.29,Water Leak/Flooding,Moderate,2024-04-26,2024-04-26,0,No,No,"Water pipe ruptured in second-floor bathroom during deep freeze, causing cascading water damage through ceiling onto hardwood floors. Insured (30-40 years, Lower class large families). Incident occurred on April 26, 2024 under standard operational conditions. Police report filed: No. Independent witness present: No. Total estimated repair and indemnity loss assessed at €3,253.29.",0
CLM-00977,CUST_08089,Fire_Property,2,4,8,19421.55,Lightning/Structure Fire,Severe,2024-06-20,2024-06-24,4,Yes,No,"Lightning strike ignited secondary residential garage roof, destroying stored tools, lawn equipment, and structural roofing rafters. Insured (30-40 years, Career and childcare). Incident occurred on June 20, 2024 under standard operational conditions. Police report filed: Yes. Independent witness present: No. Total estimated repair and indemnity loss assessed at €19,421.55.",0
CLM-00978,CUST_09728,Fire_Property,1,2,2,86657.78,Kitchen Fire,Moderate,2024-06-24,2024-08-27,64,No,Yes,"Kitchen grease fire ignited on stovetop, spreading quickly to cabinetry and extractor hood before local brigade extinguished blaze. Insured (40-50 years, Religious elderly singles). Incident occurred on June 24, 2024 under standard operational conditions. Police report filed: No. Independent witness present: Yes. Total estimated repair and indemnity loss assessed at €86,657.78.",0
CLM-00979,CUST_00574,Fire_Property,1,3,3,1439.29,Smoke Ingress,Minor,2024-12-05,2024-12-08,3,No,No,"Minor chimney soot flare caused interior smoke staining across living room walls, upholstery, and drapes; no structural flames. Insured (50-60 years, Young and rising). Incident occurred on December 05, 2024 under standard operational conditions. Police report filed: No. Independent witness present: No. Total estimated repair and indemnity loss assessed at €1,439.29.",2
CLM-00980,CUST_09487,Fire_Property,1,3,1,28163.32,Lightning/Structure Fire,Severe,2024-09-07,2024-09-08,1,Yes,No,"Lightning strike ignited secondary residential garage roof, destroying stored tools, lawn equipment, and structural roofing rafters. Insured (60-70 years, Residential elderly). Incident occurred on September 07, 2024 under standard operational conditions. Police report filed: Yes. Independent witness present: No. Total estimated repair and indemnity loss assessed at €28,163.32.",0
CLM-00981,CUST_02077,Fire_Property,1,4,3,15536.1,Kitchen Fire,Moderate,2024-04-09,2024-04-09,0,Yes,No,"Kitchen grease fire ignited on stovetop, spreading quickly to cabinetry and extractor hood before local brigade extinguished blaze. Insured (50-60 years, Lower class large families). Incident occurred on April 09, 2024 under standard operational conditions. Police report filed: Yes. Independent witness present: No. Total estimated repair and indemnity loss assessed at €15,536.10.",0
CLM-00982,CUST_08172,Fire_Property,1,3,6,25483.66,Lightning/Structure Fire,Severe,2024-09-13,2024-09-20,7,Yes,Yes,"Lightning strike ignited secondary residential garage roof, destroying stored tools, lawn equipment, and structural roofing rafters. Insured (40-50 years, Large family, employed child). Incident occurred on September 13, 2024 under standard operational conditions. Police report filed: Yes. Independent witness present: Yes. Total estimated repair and indemnity loss assessed at €25,483.66.",0
CLM-00983,CUST_00803,Fire_Property,0,0,5,19866.82,Smoke Ingress,Minor,2024-12-08,2024-12-10,2,Yes,Yes,"Minor chimney soot flare caused interior smoke staining across living room walls, upholstery, and drapes; no structural flames. Insured (60-70 years, Large religious families). Incident occurred on December 08, 2024 under standard operational conditions. Police report filed: Yes. Independent witness present: Yes. Total estimated repair and indemnity loss assessed at €19,866.82.",2
CLM-00984,CUST_00352,Fire_Property,0,0,3,2514.67,Smoke Ingress,Minor,2024-11-13,2024-12-26,43,Yes,Yes,"Minor chimney soot flare caused interior smoke staining across living room walls, upholstery, and drapes; no structural flames. Insured (40-50 years, Couples with teens 'Married with children'). Incident occurred on November 13, 2024 under standard operational conditions. Police report filed: Yes. Independent witness present: Yes. Total estimated repair and indemnity loss assessed at €2,514.67.",1
CLM-00985,CUST_04648,Fire_Property,1,4,4,11983.79,Kitchen Fire,Moderate,2024-08-22,2024-08-24,2,Yes,Yes,"Kitchen grease fire ignited on stovetop, spreading quickly to cabinetry and extractor hood before local brigade extinguished blaze. Insured (40-50 years, Mixed rurals). Incident occurred on August 22, 2024 under standard operational conditions. Police report filed: Yes. Independent witness present: Yes. Total estimated repair and indemnity loss assessed at €11,983.79.",0
CLM-00986,CUST_09255,Fire_Property,1,3,1,168843.1,Electrical Fire,Severe,2024-06-22,2024-06-28,6,No,No,"Faulty electrical wiring in attic sparked smoldering insulation fire, resulting in heavy ceiling collapse and structural timber charring. Insured (40-50 years, Mixed seniors). Incident occurred on June 22, 2024 under standard operational conditions. Police report filed: No. Independent witness present: No. Total estimated repair and indemnity loss assessed at €168,843.10.",0
CLM-00987,CUST_08237,Fire_Property,1,4,3,53017.38,Electrical Fire,Severe,2024-06-14,2024-06-17,3,Yes,Yes,"Faulty electrical wiring in attic sparked smoldering insulation fire, resulting in heavy ceiling collapse and structural timber charring. Insured (40-50 years, Lower class large families). Incident occurred on June 14, 2024 under standard operational conditions. Police report filed: Yes. Independent witness present: Yes. Total estimated repair and indemnity loss assessed at €53,017.38.",0
CLM-00988,CUST_05074,Fire_Property,1,4,4,15948.13,Kitchen Fire,Moderate,2024-03-03,2024-03-07,4,Yes,No,"Kitchen grease fire ignited on stovetop, spreading quickly to cabinetry and extractor hood before local brigade extinguished blaze. Insured (40-50 years, Mixed rurals). Incident occurred on March 03, 2024 under standard operational conditions. Police report filed: Yes. Independent witness present: No. Total estimated repair and indemnity loss assessed at €15,948.13.",0
CLM-00989,CUST_05577,Fire_Property,1,6,5,8637.3,Water Leak/Flooding,Moderate,2024-03-26,2024-04-02,7,Yes,Yes,"Water pipe ruptured in second-floor bathroom during deep freeze, causing cascading water damage through ceiling onto hardwood floors. Insured (50-60 years, Large religious families). Incident occurred on March 26, 2024 under standard operational conditions. Police report filed: Yes. Independent witness present: Yes. Total estimated repair and indemnity loss assessed at €8,637.30.",0
CLM-00990,CUST_09511,Fire_Property,1,3,6,8263.28,Water Leak/Flooding,Moderate,2024-07-12,2024-07-14,2,Yes,No,"Water pipe ruptured in second-floor bathroom during deep freeze, causing cascading water damage through ceiling onto hardwood floors. Insured (30-40 years, Young all american family). Incident occurred on July 12, 2024 under standard operational conditions. Police report filed: Yes. Independent witness present: No. Total estimated repair and indemnity loss assessed at €8,263.28.",0
CLM-00991,CUST_01650,Fire_Property,0,0,2,7703.47,Water Leak/Flooding,Moderate,2024-08-02,2024-08-09,7,Yes,Yes,"Water pipe ruptured in second-floor bathroom during deep freeze, causing cascading water damage through ceiling onto hardwood floors. Insured (50-60 years, Religious elderly singles). Incident occurred on August 02, 2024 under standard operational conditions. Police report filed: Yes. Independent witness present: Yes. Total estimated repair and indemnity loss assessed at €7,703.47.",1
CLM-00992,CUST_04091,Fire_Property,1,3,3,2471.14,Water Leak/Flooding,Moderate,2024-08-19,2024-08-25,6,Yes,Yes,"Water pipe ruptured in second-floor bathroom during deep freeze, causing cascading water damage through ceiling onto hardwood floors. Insured (40-50 years, Couples with teens 'Married with children'). Incident occurred on August 19, 2024 under standard operational conditions. Police report filed: Yes. Independent witness present: Yes. Total estimated repair and indemnity loss assessed at €2,471.14.",0
CLM-00993,CUST_00547,Fire_Property,1,2,5,7139.9,Water Leak/Flooding,Moderate,2024-04-03,2024-04-10,7,Yes,No,"Water pipe ruptured in second-floor bathroom during deep freeze, causing cascading water damage through ceiling onto hardwood floors. Insured (40-50 years, Large religious families). Incident occurred on April 03, 2024 under standard operational conditions. Police report filed: Yes. Independent witness present: No. Total estimated repair and indemnity loss assessed at €7,139.90.",0
CLM-00994,CUST_00058,Fire_Property,1,4,7,6634.44,Water Leak/Flooding,Moderate,2024-05-01,2024-05-04,3,Yes,Yes,"Water pipe ruptured in second-floor bathroom during deep freeze, causing cascading water damage through ceiling onto hardwood floors. Insured (30-40 years, Affluent young families). Incident occurred on May 01, 2024 under standard operational conditions. Police report filed: Yes. Independent witness present: Yes. Total estimated repair and indemnity loss assessed at €6,634.44.",0
CLM-00995,CUST_08157,Fire_Property,1,4,6,5739.46,Water Leak/Flooding,Moderate,2024-04-23,2024-04-30,7,Yes,No,"Water pipe ruptured in second-floor bathroom during deep freeze, causing cascading water damage through ceiling onto hardwood floors. Insured (40-50 years, Dinki's (double income no kids)). Incident occurred on April 23, 2024 under standard operational conditions. Police report filed: Yes. Independent witness present: No. Total estimated repair and indemnity loss assessed at €5,739.46.",0
CLM-00996,CUST_02696,Fire_Property,0,0,6,2292.95,Smoke Ingress,Minor,2024-03-23,2024-03-23,0,Yes,No,"Minor chimney soot flare caused interior smoke staining across living room walls, upholstery, and drapes; no structural flames. Insured (50-60 years, Very Important Provincials). Incident occurred on March 23, 2024 under standard operational conditions. Police report filed: Yes. Independent witness present: No. Total estimated repair and indemnity loss assessed at €2,292.95.",0
CLM-00997,CUST_06569,Fire_Property,1,4,6,37421.49,Lightning/Structure Fire,Severe,2024-06-21,2024-06-28,7,Yes,Yes,"Lightning strike ignited secondary residential garage roof, destroying stored tools, lawn equipment, and structural roofing rafters. Insured (40-50 years, Very Important Provincials). Incident occurred on June 21, 2024 under standard operational conditions. Police report filed: Yes. Independent witness present: Yes. Total estimated repair and indemnity loss assessed at €37,421.49.",0
CLM-00998,CUST_09671,Fire_Property,0,0,6,143362.71,Electrical Fire,Severe,2024-09-21,2024-11-10,50,Yes,No,"Faulty electrical wiring in attic sparked smoldering insulation fire, resulting in heavy ceiling collapse and structural timber charring. Insured (30-40 years, Family starters). Incident occurred on September 21, 2024 under standard operational conditions. Police report filed: Yes. Independent witness present: No. Total estimated repair and indemnity loss assessed at €143,362.71.",0
CLM-00999,CUST_02967,Fire_Property,1,6,6,20390.57,Lightning/Structure Fire,Severe,2024-04-28,2024-04-29,1,Yes,No,"Lightning strike ignited secondary residential garage roof, destroying stored tools, lawn equipment, and structural roofing rafters. Insured (30-40 years, Family starters). Incident occurred on April 28, 2024 under standard operational conditions. Police report filed: Yes. Independent witness present: No. Total estimated repair and indemnity loss assessed at €20,390.57.",0
CLM-01000,CUST_03568,Fire_Property,1,2,3,3359.95,Smoke Ingress,Minor,2024-04-13,2024-04-19,6,Yes,Yes,"Minor chimney soot flare caused interior smoke staining across living room walls, upholstery, and drapes; no structural flames. Insured (40-50 years, Lower class large families). Incident occurred on April 13, 2024 under standard operational conditions. Police report filed: Yes. Independent witness present: Yes. Total estimated repair and indemnity loss assessed at €3,359.95.",0
CLM-01001,CUST_07316,Fire_Property,1,4,6,18297.1,Kitchen Fire,Moderate,2024-08-12,2024-08-14,2,Yes,No,"Kitchen grease fire ignited on stovetop, spreading quickly to cabinetry and extractor hood before local brigade extinguished blaze. Insured (50-60 years, High status seniors). Incident occurred on August 12, 2024 under standard operational conditions. Police report filed: Yes. Independent witness present: No. Total estimated repair and indemnity loss assessed at €18,297.10.",0
CLM-01002,CUST_05639,Fire_Property,1,3,4,45130.97,Electrical Fire,Severe,2024-08-23,2024-08-26,3,Yes,No,"Faulty electrical wiring in attic sparked smoldering insulation fire, resulting in heavy ceiling collapse and structural timber charring. Insured (40-50 years, Modern, complete families). Incident occurred on August 23, 2024 under standard operational conditions. Police report filed: Yes. Independent witness present: No. Total estimated repair and indemnity loss assessed at €45,130.97.",0
CLM-01003,CUST_03011,Fire_Property,1,2,5,21597.04,Lightning/Structure Fire,Severe,2024-03-07,2024-03-07,0,Yes,Yes,"Lightning strike ignited secondary residential garage roof, destroying stored tools, lawn equipment, and structural roofing rafters. Insured (40-50 years, Village families). Incident occurred on March 07, 2024 under standard operational conditions. Police report filed: Yes. Independent witness present: Yes. Total estimated repair and indemnity loss assessed at €21,597.04.",0
CLM-01004,CUST_01628,Fire_Property,1,4,4,2457.41,Smoke Ingress,Minor,2024-08-23,2024-08-29,6,Yes,No,"Minor chimney soot flare caused interior smoke staining across living room walls, upholstery, and drapes; no structural flames. Insured (40-50 years, Modern, complete families). Incident occurred on August 23, 2024 under standard operational conditions. Police report filed: Yes. Independent witness present: No. Total estimated repair and indemnity loss assessed at €2,457.41.",0
CLM-01005,CUST_04449,Fire_Property,1,4,7,10499.03,Water Leak/Flooding,Moderate,2024-03-22,2024-03-24,2,Yes,Yes,"Water pipe ruptured in second-floor bathroom during deep freeze, causing cascading water damage through ceiling onto hardwood floors. Insured (40-50 years, Middle class families). Incident occurred on March 22, 2024 under standard operational conditions. Police report filed: Yes. Independent witness present: Yes. Total estimated repair and indemnity loss assessed at €10,499.03.",0
CLM-01006,CUST_07878,Fire_Property,1,2,2,3189.81,Smoke Ingress,Minor,2024-04-21,2024-04-28,7,No,No,"Minor chimney soot flare caused interior smoke staining across living room walls, upholstery, and drapes; no structural flames. Insured (40-50 years, Mixed apartment dwellers). Incident occurred on April 21, 2024 under standard operational conditions. Police report filed: No. Independent witness present: No. Total estimated repair and indemnity loss assessed at €3,189.81.",0
CLM-01007,CUST_03719,Fire_Property,1,4,6,208906.37,Electrical Fire,Severe,2024-10-30,2024-10-30,0,Yes,No,"Faulty electrical wiring in attic sparked smoldering insulation fire, resulting in heavy ceiling collapse and structural timber charring. Insured (50-60 years, High status seniors). Incident occurred on October 30, 2024 under standard operational conditions. Police report filed: Yes. Independent witness present: No. Total estimated repair and indemnity loss assessed at €208,906.37.",0
CLM-01008,CUST_07617,Fire_Property,1,4,4,14858.27,Kitchen Fire,Moderate,2024-07-21,2024-07-22,1,No,No,"Kitchen grease fire ignited on stovetop, spreading quickly to cabinetry and extractor hood before local brigade extinguished blaze. Insured (40-50 years, Traditional families). Incident occurred on July 21, 2024 under standard operational conditions. Police report filed: No. Independent witness present: No. Total estimated repair and indemnity loss assessed at €14,858.27.",0
CLM-01009,CUST_08425,Fire_Property,1,4,3,16722.99,Kitchen Fire,Moderate,2024-07-28,2024-07-31,3,Yes,No,"Kitchen grease fire ignited on stovetop, spreading quickly to cabinetry and extractor hood before local brigade extinguished blaze. Insured (30-40 years, Couples with teens 'Married with children'). Incident occurred on July 28, 2024 under standard operational conditions. Police report filed: Yes. Independent witness present: No. Total estimated repair and indemnity loss assessed at €16,722.99.",0
CLM-01010,CUST_09738,Fire_Property,1,4,6,9591.44,Kitchen Fire,Moderate,2024-01-10,2024-01-17,7,No,Yes,"Kitchen grease fire ignited on stovetop, spreading quickly to cabinetry and extractor hood before local brigade extinguished blaze. Insured (30-40 years, Young all american family). Incident occurred on January 10, 2024 under standard operational conditions. Police report filed: No. Independent witness present: Yes. Total estimated repair and indemnity loss assessed at €9,591.44.",0
CLM-01011,CUST_08585,Fire_Property,1,2,1,11520.7,Water Leak/Flooding,Moderate,2024-01-14,2024-01-21,7,No,Yes,"Water pipe ruptured in second-floor bathroom during deep freeze, causing cascading water damage through ceiling onto hardwood floors. Insured (40-50 years, Mixed seniors). Incident occurred on January 14, 2024 under standard operational conditions. Police report filed: No. Independent witness present: Yes. Total estimated repair and indemnity loss assessed at €11,520.70.",0
CLM-01012,CUST_06127,Fire_Property,1,4,2,38653.6,Electrical Fire,Severe,2024-07-09,2024-07-16,7,Yes,Yes,"Faulty electrical wiring in attic sparked smoldering insulation fire, resulting in heavy ceiling collapse and structural timber charring. Insured (50-60 years, Religious elderly singles). Incident occurred on July 09, 2024 under standard operational conditions. Police report filed: Yes. Independent witness present: Yes. Total estimated repair and indemnity loss assessed at €38,653.60.",0
CLM-01013,CUST_01018,Fire_Property,1,4,6,5043.5,Smoke Ingress,Minor,2024-06-20,2024-06-20,0,No,No,"Minor chimney soot flare caused interior smoke staining across living room walls, upholstery, and drapes; no structural flames. Insured (30-40 years, Family starters). Incident occurred on June 20, 2024 under standard operational conditions. Police report filed: No. Independent witness present: No. Total estimated repair and indemnity loss assessed at €5,043.50.",1
CLM-01014,CUST_09214,Fire_Property,1,3,4,6258.27,Water Leak/Flooding,Moderate,2024-10-22,2024-10-25,3,Yes,No,"Water pipe ruptured in second-floor bathroom during deep freeze, causing cascading water damage through ceiling onto hardwood floors. Insured (40-50 years, Mixed small town dwellers). Incident occurred on October 22, 2024 under standard operational conditions. Police report filed: Yes. Independent witness present: No. Total estimated repair and indemnity loss assessed at €6,258.27.",0
CLM-01015,CUST_00798,Fire_Property,1,3,7,13048.7,Water Leak/Flooding,Moderate,2024-12-12,2024-12-17,5,Yes,Yes,"Water pipe ruptured in second-floor bathroom during deep freeze, causing cascading water damage through ceiling onto hardwood floors. Insured (30-40 years, Middle class families). Incident occurred on December 12, 2024 under standard operational conditions. Police report filed: Yes. Independent witness present: Yes. Total estimated repair and indemnity loss assessed at €13,048.70.",0
CLM-01016,CUST_07028,Fire_Property,1,4,4,9098.15,Water Leak/Flooding,Moderate,2024-01-22,2024-01-27,5,No,Yes,"Water pipe ruptured in second-floor bathroom during deep freeze, causing cascading water damage through ceiling onto hardwood floors. Insured (40-50 years, Traditional families). Incident occurred on January 22, 2024 under standard operational conditions. Police report filed: No. Independent witness present: Yes. Total estimated repair and indemnity loss assessed at €9,098.15.",0
CLM-01017,CUST_00968,Fire_Property,2,6,3,7432.03,Water Leak/Flooding,Moderate,2024-04-15,2024-04-17,2,No,Yes,"Water pipe ruptured in second-floor bathroom during deep freeze, causing cascading water damage through ceiling onto hardwood floors. Insured (30-40 years, Large family farms). Incident occurred on April 15, 2024 under standard operational conditions. Police report filed: No. Independent witness present: Yes. Total estimated repair and indemnity loss assessed at €7,432.03.",0
CLM-01018,CUST_09757,Fire_Property,1,4,6,2612.31,Smoke Ingress,Minor,2024-10-25,2024-10-28,3,Yes,No,"Minor chimney soot flare caused interior smoke staining across living room walls, upholstery, and drapes; no structural flames. Insured (40-50 years, High status seniors). Incident occurred on October 25, 2024 under standard operational conditions. Police report filed: Yes. Independent witness present: No. Total estimated repair and indemnity loss assessed at €2,612.31.",0
CLM-01019,CUST_04041,Fire_Property,1,4,5,7647.03,Water Leak/Flooding,Moderate,2024-12-15,2024-12-21,6,No,Yes,"Water pipe ruptured in second-floor bathroom during deep freeze, causing cascading water damage through ceiling onto hardwood floors. Insured (40-50 years, Village families). Incident occurred on December 15, 2024 under standard operational conditions. Police report filed: No. Independent witness present: Yes. Total estimated repair and indemnity loss assessed at €7,647.03.",1
CLM-01020,CUST_08753,Fire_Property,0,0,7,8307.66,Water Leak/Flooding,Moderate,2024-03-04,2024-03-08,4,No,No,"Water pipe ruptured in second-floor bathroom during deep freeze, causing cascading water damage through ceiling onto hardwood floors. Insured (40-50 years, Middle class families). Incident occurred on March 04, 2024 under standard operational conditions. Police report filed: No. Independent witness present: No. Total estimated repair and indemnity loss assessed at €8,307.66.",0
CLM-01021,CUST_00950,Fire_Property,1,1,1,37671.19,Electrical Fire,Severe,2024-08-23,2024-08-24,1,Yes,Yes,"Faulty electrical wiring in attic sparked smoldering insulation fire, resulting in heavy ceiling collapse and structural timber charring. Insured (40-50 years, Mixed seniors). Incident occurred on August 23, 2024 under standard operational conditions. Police report filed: Yes. Independent witness present: Yes. Total estimated repair and indemnity loss assessed at €37,671.19.",0
CLM-01022,CUST_02680,Fire_Property,1,4,3,18450.4,Lightning/Structure Fire,Severe,2024-02-10,2024-02-11,1,Yes,Yes,"Lightning strike ignited secondary residential garage roof, destroying stored tools, lawn equipment, and structural roofing rafters. Insured (40-50 years, Lower class large families). Incident occurred on February 10, 2024 under standard operational conditions. Police report filed: Yes. Independent witness present: Yes. Total estimated repair and indemnity loss assessed at €18,450.40.",0
CLM-01023,CUST_02205,Fire_Property,1,1,6,2664.86,Smoke Ingress,Minor,2024-03-19,2024-03-22,3,Yes,No,"Minor chimney soot flare caused interior smoke staining across living room walls, upholstery, and drapes; no structural flames. Insured (50-60 years, Family starters). Incident occurred on March 19, 2024 under standard operational conditions. Police report filed: Yes. Independent witness present: No. Total estimated repair and indemnity loss assessed at €2,664.86.",0
CLM-01024,CUST_08183,Fire_Property,1,4,4,60044.97,Electrical Fire,Severe,2024-08-31,2024-09-05,5,Yes,No,"Faulty electrical wiring in attic sparked smoldering insulation fire, resulting in heavy ceiling collapse and structural timber charring. Insured (40-50 years, Traditional families). Incident occurred on August 31, 2024 under standard operational conditions. Police report filed: Yes. Independent witness present: No. Total estimated repair and indemnity loss assessed at €60,044.97.",0
CLM-01025,CUST_09697,Fire_Property,1,3,3,19273.94,Kitchen Fire,Moderate,2024-05-30,2024-06-02,3,Yes,Yes,"Kitchen grease fire ignited on stovetop, spreading quickly to cabinetry and extractor hood before local brigade extinguished blaze. Insured (20-30 years, Young and rising). Incident occurred on May 30, 2024 under standard operational conditions. Police report filed: Yes. Independent witness present: Yes. Total estimated repair and indemnity loss assessed at €19,273.94.",0
CLM-01026,CUST_03482,Fire_Property,1,3,6,9409.71,Water Leak/Flooding,Moderate,2024-11-27,2024-12-02,5,No,No,"Water pipe ruptured in second-floor bathroom during deep freeze, causing cascading water damage through ceiling onto hardwood floors. Insured (50-60 years, Affluent senior apartments). Incident occurred on November 27, 2024 under standard operational conditions. Police report filed: No. Independent witness present: No. Total estimated repair and indemnity loss assessed at €9,409.71.",0
CLM-01027,CUST_04934,Fire_Property,1,2,5,2852.1,Smoke Ingress,Minor,2024-10-31,2024-11-07,7,No,No,"Minor chimney soot flare caused interior smoke staining across living room walls, upholstery, and drapes; no structural flames. Insured (40-50 years, Mixed small town dwellers). Incident occurred on October 31, 2024 under standard operational conditions. Police report filed: No. Independent witness present: No. Total estimated repair and indemnity loss assessed at €2,852.10.",0
CLM-01028,CUST_04634,Fire_Property,1,4,3,37800.34,Electrical Fire,Severe,2024-05-14,2024-05-17,3,Yes,No,"Faulty electrical wiring in attic sparked smoldering insulation fire, resulting in heavy ceiling collapse and structural timber charring. Insured (30-40 years, Lower class large families). Incident occurred on May 14, 2024 under standard operational conditions. Police report filed: Yes. Independent witness present: No. Total estimated repair and indemnity loss assessed at €37,800.34.",0
CLM-01029,CUST_04358,Fire_Property,1,4,6,14760.83,Kitchen Fire,Moderate,2024-03-17,2024-03-22,5,No,No,"Kitchen grease fire ignited on stovetop, spreading quickly to cabinetry and extractor hood before local brigade extinguished blaze. Insured (30-40 years, Large family, employed child). Incident occurred on March 17, 2024 under standard operational conditions. Police report filed: No. Independent witness present: No. Total estimated repair and indemnity loss assessed at €14,760.83.",0
CLM-01030,CUST_09295,Fire_Property,1,4,3,25229.28,Electrical Fire,Severe,2024-10-02,2024-10-06,4,Yes,Yes,"Faulty electrical wiring in attic sparked smoldering insulation fire, resulting in heavy ceiling collapse and structural timber charring. Insured (60-70 years, Couples with teens 'Married with children'). Incident occurred on October 02, 2024 under standard operational conditions. Police report filed: Yes. Independent witness present: Yes. Total estimated repair and indemnity loss assessed at €25,229.28.",0
CLM-01031,CUST_02297,Fire_Property,1,4,6,33648.86,Electrical Fire,Severe,2024-05-02,2024-05-03,1,Yes,Yes,"Faulty electrical wiring in attic sparked smoldering insulation fire, resulting in heavy ceiling collapse and structural timber charring. Insured (40-50 years, Affluent senior apartments). Incident occurred on May 02, 2024 under standard operational conditions. Police report filed: Yes. Independent witness present: Yes. Total estimated repair and indemnity loss assessed at €33,648.86.",0
CLM-01032,CUST_08643,Fire_Property,1,2,6,15085.58,Electrical Fire,Severe,2024-08-14,2024-08-18,4,Yes,No,"Faulty electrical wiring in attic sparked smoldering insulation fire, resulting in heavy ceiling collapse and structural timber charring. Insured (40-50 years, Family starters). Incident occurred on August 14, 2024 under standard operational conditions. Police report filed: Yes. Independent witness present: No. Total estimated repair and indemnity loss assessed at €15,085.58.",0
CLM-01033,CUST_08482,Fire_Property,1,3,5,13296.5,Kitchen Fire,Moderate,2024-12-07,2024-12-12,5,No,Yes,"Kitchen grease fire ignited on stovetop, spreading quickly to cabinetry and extractor hood before local brigade extinguished blaze. Insured (40-50 years, Large religious families). Incident occurred on December 07, 2024 under standard operational conditions. Police report filed: No. Independent witness present: Yes. Total estimated repair and indemnity loss assessed at €13,296.50.",0
CLM-01034,CUST_08158,Fire_Property,1,6,3,46639.16,Electrical Fire,Severe,2024-10-01,2024-10-05,4,Yes,Yes,"Faulty electrical wiring in attic sparked smoldering insulation fire, resulting in heavy ceiling collapse and structural timber charring. Insured (30-40 years, Lower class large families). Incident occurred on October 01, 2024 under standard operational conditions. Police report filed: Yes. Independent witness present: Yes. Total estimated repair and indemnity loss assessed at €46,639.16.",0
CLM-01035,CUST_06113,Fire_Property,1,4,8,2612.97,Smoke Ingress,Minor,2024-03-16,2024-03-23,7,No,Yes,"Minor chimney soot flare caused interior smoke staining across living room walls, upholstery, and drapes; no structural flames. Insured (30-40 years, Stable family). Incident occurred on March 16, 2024 under standard operational conditions. Police report filed: No. Independent witness present: Yes. Total estimated repair and indemnity loss assessed at €2,612.97.",0
CLM-01036,CUST_07657,Fire_Property,1,4,6,35631.89,Lightning/Structure Fire,Severe,2024-06-01,2024-06-05,4,Yes,Yes,"Lightning strike ignited secondary residential garage roof, destroying stored tools, lawn equipment, and structural roofing rafters. Insured (30-40 years, Young all american family). Incident occurred on June 01, 2024 under standard operational conditions. Police report filed: Yes. Independent witness present: Yes. Total estimated repair and indemnity loss assessed at €35,631.89.",0
CLM-01037,CUST_06681,Fire_Property,1,3,2,12273.87,Lightning/Structure Fire,Severe,2024-02-28,2024-03-06,7,Yes,Yes,"Lightning strike ignited secondary residential garage roof, destroying stored tools, lawn equipment, and structural roofing rafters. Insured (40-50 years, Young, low educated). Incident occurred on February 28, 2024 under standard operational conditions. Police report filed: Yes. Independent witness present: Yes. Total estimated repair and indemnity loss assessed at €12,273.87.",0
CLM-01038,CUST_08315,Fire_Property,1,3,6,4910.31,Kitchen Fire,Moderate,2024-06-07,2024-06-07,0,No,Yes,"Kitchen grease fire ignited on stovetop, spreading quickly to cabinetry and extractor hood before local brigade extinguished blaze. Insured (30-40 years, High status seniors). Incident occurred on June 07, 2024 under standard operational conditions. Police report filed: No. Independent witness present: Yes. Total estimated repair and indemnity loss assessed at €4,910.31.",0
CLM-01039,CUST_01348,Fire_Property,1,4,6,24835.61,Lightning/Structure Fire,Severe,2024-01-30,2024-02-02,3,Yes,Yes,"Lightning strike ignited secondary residential garage roof, destroying stored tools, lawn equipment, and structural roofing rafters. Insured (40-50 years, High status seniors). Incident occurred on January 30, 2024 under standard operational conditions. Police report filed: Yes. Independent witness present: Yes. Total estimated repair and indemnity loss assessed at €24,835.61.",0
CLM-01040,CUST_04198,Fire_Property,1,4,3,47998.08,Electrical Fire,Severe,2024-01-13,2024-01-14,1,Yes,No,"Faulty electrical wiring in attic sparked smoldering insulation fire, resulting in heavy ceiling collapse and structural timber charring. Insured (40-50 years, Lower class large families). Incident occurred on January 13, 2024 under standard operational conditions. Police report filed: Yes. Independent witness present: No. Total estimated repair and indemnity loss assessed at €47,998.08.",0
CLM-01041,CUST_01271,Fire_Property,1,4,5,13259.0,Water Leak/Flooding,Moderate,2024-07-21,2024-07-24,3,No,No,"Water pipe ruptured in second-floor bathroom during deep freeze, causing cascading water damage through ceiling onto hardwood floors. Insured (40-50 years, Village families). Incident occurred on July 21, 2024 under standard operational conditions. Police report filed: No. Independent witness present: No. Total estimated repair and indemnity loss assessed at €13,259.00.",0
CLM-01042,CUST_07719,Fire_Property,1,4,8,9935.02,Kitchen Fire,Moderate,2024-12-08,2024-12-13,5,No,Yes,"Kitchen grease fire ignited on stovetop, spreading quickly to cabinetry and extractor hood before local brigade extinguished blaze. Insured (40-50 years, Career and childcare). Incident occurred on December 08, 2024 under standard operational conditions. Police report filed: No. Independent witness present: Yes. Total estimated repair and indemnity loss assessed at €9,935.02.",0
CLM-01043,CUST_06452,Fire_Property,1,4,8,31669.45,Lightning/Structure Fire,Severe,2024-07-17,2024-07-22,5,Yes,Yes,"Lightning strike ignited secondary residential garage roof, destroying stored tools, lawn equipment, and structural roofing rafters. Insured (30-40 years, Stable family). Incident occurred on July 17, 2024 under standard operational conditions. Police report filed: Yes. Independent witness present: Yes. Total estimated repair and indemnity loss assessed at €31,669.45.",0
CLM-01044,CUST_05309,Fire_Property,1,4,6,22731.93,Lightning/Structure Fire,Severe,2024-08-17,2024-08-18,1,Yes,Yes,"Lightning strike ignited secondary residential garage roof, destroying stored tools, lawn equipment, and structural roofing rafters. Insured (40-50 years, Young all american family). Incident occurred on August 17, 2024 under standard operational conditions. Police report filed: Yes. Independent witness present: Yes. Total estimated repair and indemnity loss assessed at €22,731.93.",1
CLM-01045,CUST_06718,Fire_Property,1,4,4,2908.0,Smoke Ingress,Minor,2024-08-15,2024-08-19,4,Yes,No,"Minor chimney soot flare caused interior smoke staining across living room walls, upholstery, and drapes; no structural flames. Insured (40-50 years, Mixed small town dwellers). Incident occurred on August 15, 2024 under standard operational conditions. Police report filed: Yes. Independent witness present: No. Total estimated repair and indemnity loss assessed at €2,908.00.",0
CLM-01046,CUST_06261,Fire_Property,1,4,6,46200.26,Electrical Fire,Severe,2024-10-28,2024-10-29,1,Yes,Yes,"Faulty electrical wiring in attic sparked smoldering insulation fire, resulting in heavy ceiling collapse and structural timber charring. Insured (40-50 years, Family starters). Incident occurred on October 28, 2024 under standard operational conditions. Police report filed: Yes. Independent witness present: Yes. Total estimated repair and indemnity loss assessed at €46,200.26.",0
CLM-01047,CUST_07159,Fire_Property,1,4,5,10370.5,Water Leak/Flooding,Moderate,2024-06-21,2024-06-22,1,No,Yes,"Water pipe ruptured in second-floor bathroom during deep freeze, causing cascading water damage through ceiling onto hardwood floors. Insured (40-50 years, Large religious families). Incident occurred on June 21, 2024 under standard operational conditions. Police report filed: No. Independent witness present: Yes. Total estimated repair and indemnity loss assessed at €10,370.50.",0
CLM-01048,CUST_04128,Fire_Property,1,3,5,17133.92,Smoke Ingress,Minor,2024-10-18,2024-10-20,2,Yes,Yes,"Minor chimney soot flare caused interior smoke staining across living room walls, upholstery, and drapes; no structural flames. Insured (30-40 years, Village families). Incident occurred on October 18, 2024 under standard operational conditions. Police report filed: Yes. Independent witness present: Yes. Total estimated repair and indemnity loss assessed at €17,133.92.",0
CLM-01049,CUST_04375,Fire_Property,1,3,3,12322.31,Water Leak/Flooding,Moderate,2024-09-09,2024-09-09,0,No,No,"Water pipe ruptured in second-floor bathroom during deep freeze, causing cascading water damage through ceiling onto hardwood floors. Insured (30-40 years, Young and rising). Incident occurred on September 09, 2024 under standard operational conditions. Police report filed: No. Independent witness present: No. Total estimated repair and indemnity loss assessed at €12,322.31.",0
CLM-01050,CUST_07003,Fire_Property,1,2,2,48621.0,Electrical Fire,Severe,2024-01-15,2024-01-15,0,Yes,Yes,"Faulty electrical wiring in attic sparked smoldering insulation fire, resulting in heavy ceiling collapse and structural timber charring. Insured (40-50 years, Mixed apartment dwellers). Incident occurred on January 15, 2024 under standard operational conditions. Police report filed: Yes. Independent witness present: Yes. Total estimated repair and indemnity loss assessed at €48,621.00.",0
CLM-01051,CUST_09635,Fire_Property,1,5,2,2605.72,Smoke Ingress,Minor,2024-03-05,2024-03-09,4,No,Yes,"Minor chimney soot flare caused interior smoke staining across living room walls, upholstery, and drapes; no structural flames. Insured (40-50 years, Young, low educated). Incident occurred on March 05, 2024 under standard operational conditions. Police report filed: No. Independent witness present: Yes. Total estimated repair and indemnity loss assessed at €2,605.72.",0
CLM-01052,CUST_09701,Fire_Property,1,4,5,40833.84,Electrical Fire,Severe,2024-01-16,2024-01-17,1,Yes,No,"Faulty electrical wiring in attic sparked smoldering insulation fire, resulting in heavy ceiling collapse and structural timber charring. Insured (40-50 years, Village families). Incident occurred on January 16, 2024 under standard operational conditions. Police report filed: Yes. Independent witness present: No. Total estimated repair and indemnity loss assessed at €40,833.84.",0
CLM-01053,CUST_00963,Fire_Property,1,2,8,9215.28,Water Leak/Flooding,Moderate,2024-07-05,2024-07-12,7,No,No,"Water pipe ruptured in second-floor bathroom during deep freeze, causing cascading water damage through ceiling onto hardwood floors. Insured (40-50 years, Stable family). Incident occurred on July 05, 2024 under standard operational conditions. Police report filed: No. Independent witness present: No. Total estimated repair and indemnity loss assessed at €9,215.28.",0
CLM-01054,CUST_07181,Fire_Property,1,2,5,12173.03,Kitchen Fire,Moderate,2024-07-11,2024-07-11,0,No,Yes,"Kitchen grease fire ignited on stovetop, spreading quickly to cabinetry and extractor hood before local brigade extinguished blaze. Insured (50-60 years, Affluent senior apartments). Incident occurred on July 11, 2024 under standard operational conditions. Police report filed: No. Independent witness present: Yes. Total estimated repair and indemnity loss assessed at €12,173.03.",0
CLM-01055,CUST_02179,Fire_Property,1,6,4,20557.56,Lightning/Structure Fire,Severe,2024-08-25,2024-08-27,2,Yes,No,"Lightning strike ignited secondary residential garage roof, destroying stored tools, lawn equipment, and structural roofing rafters. Insured (30-40 years, Mixed rurals). Incident occurred on August 25, 2024 under standard operational conditions. Police report filed: Yes. Independent witness present: No. Total estimated repair and indemnity loss assessed at €20,557.56.",0
CLM-01056,CUST_04117,Fire_Property,1,4,6,17667.01,Lightning/Structure Fire,Severe,2024-08-03,2024-08-08,5,Yes,Yes,"Lightning strike ignited secondary residential garage roof, destroying stored tools, lawn equipment, and structural roofing rafters. Insured (30-40 years, Large family, employed child). Incident occurred on August 03, 2024 under standard operational conditions. Police report filed: Yes. Independent witness present: Yes. Total estimated repair and indemnity loss assessed at €17,667.01.",1
CLM-01057,CUST_08006,Fire_Property,1,1,2,10385.01,Kitchen Fire,Moderate,2024-09-21,2024-09-24,3,Yes,Yes,"Kitchen grease fire ignited on stovetop, spreading quickly to cabinetry and extractor hood before local brigade extinguished blaze. Insured (30-40 years, Young, low educated). Incident occurred on September 21, 2024 under standard operational conditions. Police report filed: Yes. Independent witness present: Yes. Total estimated repair and indemnity loss assessed at €10,385.01.",1
CLM-01058,CUST_02505,Fire_Property,1,4,3,11827.64,Water Leak/Flooding,Moderate,2024-06-15,2024-06-20,5,No,No,"Water pipe ruptured in second-floor bathroom during deep freeze, causing cascading water damage through ceiling onto hardwood floors. Insured (40-50 years, Couples with teens 'Married with children'). Incident occurred on June 15, 2024 under standard operational conditions. Police report filed: No. Independent witness present: No. Total estimated repair and indemnity loss assessed at €11,827.64.",0
CLM-01059,CUST_05474,Fire_Property,1,4,3,14446.2,Kitchen Fire,Moderate,2024-10-01,2024-10-06,5,Yes,Yes,"Kitchen grease fire ignited on stovetop, spreading quickly to cabinetry and extractor hood before local brigade extinguished blaze. Insured (30-40 years, Lower class large families). Incident occurred on October 01, 2024 under standard operational conditions. Police report filed: Yes. Independent witness present: Yes. Total estimated repair and indemnity loss assessed at €14,446.20.",0
CLM-01060,CUST_04250,Fire_Property,1,3,4,19115.09,Lightning/Structure Fire,Severe,2024-09-06,2024-09-12,6,Yes,No,"Lightning strike ignited secondary residential garage roof, destroying stored tools, lawn equipment, and structural roofing rafters. Insured (30-40 years, Modern, complete families). Incident occurred on September 06, 2024 under standard operational conditions. Police report filed: Yes. Independent witness present: No. Total estimated repair and indemnity loss assessed at €19,115.09.",0
CLM-01061,CUST_02437,Fire_Property,1,3,3,14972.64,Kitchen Fire,Moderate,2024-04-22,2024-04-24,2,Yes,Yes,"Kitchen grease fire ignited on stovetop, spreading quickly to cabinetry and extractor hood before local brigade extinguished blaze. Insured (40-50 years, Lower class large families). Incident occurred on April 22, 2024 under standard operational conditions. Police report filed: Yes. Independent witness present: Yes. Total estimated repair and indemnity loss assessed at €14,972.64.",0
CLM-01062,CUST_08426,Fire_Property,1,4,7,568.08,Water Leak/Flooding,Moderate,2024-09-27,2024-09-28,1,No,No,"Water pipe ruptured in second-floor bathroom during deep freeze, causing cascading water damage through ceiling onto hardwood floors. Insured (30-40 years, Affluent young families). Incident occurred on September 27, 2024 under standard operational conditions. Police report filed: No. Independent witness present: No. Total estimated repair and indemnity loss assessed at €568.08.",0
CLM-01063,CUST_01717,Fire_Property,1,2,4,46076.42,Electrical Fire,Severe,2024-01-10,2024-01-17,7,Yes,No,"Faulty electrical wiring in attic sparked smoldering insulation fire, resulting in heavy ceiling collapse and structural timber charring. Insured (40-50 years, Mixed small town dwellers). Incident occurred on January 10, 2024 under standard operational conditions. Police report filed: Yes. Independent witness present: No. Total estimated repair and indemnity loss assessed at €46,076.42.",0
CLM-01064,CUST_05475,Fire_Property,1,3,1,15823.15,Electrical Fire,Severe,2024-08-15,2024-08-20,5,Yes,Yes,"Faulty electrical wiring in attic sparked smoldering insulation fire, resulting in heavy ceiling collapse and structural timber charring. Insured (50-60 years, Young seniors in the city). Incident occurred on August 15, 2024 under standard operational conditions. Police report filed: Yes. Independent witness present: Yes. Total estimated repair and indemnity loss assessed at €15,823.15.",0
CLM-01065,CUST_00409,Fire_Property,1,4,6,10369.02,Kitchen Fire,Moderate,2024-04-24,2024-04-26,2,Yes,Yes,"Kitchen grease fire ignited on stovetop, spreading quickly to cabinetry and extractor hood before local brigade extinguished blaze. Insured (40-50 years, Large family, employed child). Incident occurred on April 24, 2024 under standard operational conditions. Police report filed: Yes. Independent witness present: Yes. Total estimated repair and indemnity loss assessed at €10,369.02.",0
CLM-01066,CUST_03124,Fire_Property,1,2,1,21123.63,Electrical Fire,Severe,2024-02-11,2024-02-17,6,Yes,Yes,"Faulty electrical wiring in attic sparked smoldering insulation fire, resulting in heavy ceiling collapse and structural timber charring. Insured (50-60 years, Young seniors in the city). Incident occurred on February 11, 2024 under standard operational conditions. Police report filed: Yes. Independent witness present: Yes. Total estimated repair and indemnity loss assessed at €21,123.63.",0
CLM-01067,CUST_06505,Fire_Property,1,3,1,50805.79,Kitchen Fire,Moderate,2024-12-04,2024-12-04,0,No,Yes,"Kitchen grease fire ignited on stovetop, spreading quickly to cabinetry and extractor hood before local brigade extinguished blaze. Insured (40-50 years, Low income catholics). Incident occurred on December 04, 2024 under standard operational conditions. Police report filed: No. Independent witness present: Yes. Total estimated repair and indemnity loss assessed at €50,805.79.",1
CLM-01068,CUST_00635,Fire_Property,1,4,6,17223.72,Kitchen Fire,Moderate,2024-06-04,2024-06-04,0,Yes,Yes,"Kitchen grease fire ignited on stovetop, spreading quickly to cabinetry and extractor hood before local brigade extinguished blaze. Insured (60-70 years, High status seniors). Incident occurred on June 04, 2024 under standard operational conditions. Police report filed: Yes. Independent witness present: Yes. Total estimated repair and indemnity loss assessed at €17,223.72.",0
CLM-01069,CUST_03054,Fire_Property,1,3,4,6878.44,Water Leak/Flooding,Moderate,2024-04-13,2024-04-15,2,No,Yes,"Water pipe ruptured in second-floor bathroom during deep freeze, causing cascading water damage through ceiling onto hardwood floors. Insured (30-40 years, Traditional families). Incident occurred on April 13, 2024 under standard operational conditions. Police report filed: No. Independent witness present: Yes. Total estimated repair and indemnity loss assessed at €6,878.44.",0
CLM-01070,CUST_04194,Fire_Property,1,4,3,36407.09,Water Leak/Flooding,Moderate,2024-09-14,2024-09-17,3,Yes,Yes,"Water pipe ruptured in second-floor bathroom during deep freeze, causing cascading water damage through ceiling onto hardwood floors. Insured (40-50 years, Lower class large families). Incident occurred on September 14, 2024 under standard operational conditions. Police report filed: Yes. Independent witness present: Yes. Total estimated repair and indemnity loss assessed at €36,407.09.",0
CLM-01071,CUST_00212,Fire_Property,1,3,3,8056.62,Water Leak/Flooding,Moderate,2024-04-22,2024-04-25,3,No,Yes,"Water pipe ruptured in second-floor bathroom during deep freeze, causing cascading water damage through ceiling onto hardwood floors. Insured (40-50 years, Traditional families). Incident occurred on April 22, 2024 under standard operational conditions. Police report filed: No. Independent witness present: Yes. Total estimated repair and indemnity loss assessed at €8,056.62.",0
CLM-01072,CUST_08122,Fire_Property,1,1,3,12646.68,Kitchen Fire,Moderate,2024-02-21,2024-02-24,3,No,No,"Kitchen grease fire ignited on stovetop, spreading quickly to cabinetry and extractor hood before local brigade extinguished blaze. Insured (40-50 years, Lower class large families). Incident occurred on February 21, 2024 under standard operational conditions. Police report filed: No. Independent witness present: No. Total estimated repair and indemnity loss assessed at €12,646.68.",0
CLM-01073,CUST_02766,Fire_Property,1,4,4,3144.98,Smoke Ingress,Minor,2024-12-11,2024-12-12,1,Yes,No,"Minor chimney soot flare caused interior smoke staining across living room walls, upholstery, and drapes; no structural flames. Insured (40-50 years, Mixed rurals). Incident occurred on December 11, 2024 under standard operational conditions. Police report filed: Yes. Independent witness present: No. Total estimated repair and indemnity loss assessed at €3,144.98.",0
CLM-01074,CUST_06400,Fire_Property,1,4,5,22367.09,Electrical Fire,Severe,2024-09-21,2024-09-24,3,Yes,No,"Faulty electrical wiring in attic sparked smoldering insulation fire, resulting in heavy ceiling collapse and structural timber charring. Insured (50-60 years, Village families). Incident occurred on September 21, 2024 under standard operational conditions. Police report filed: Yes. Independent witness present: No. Total estimated repair and indemnity loss assessed at €22,367.09.",0
CLM-01075,CUST_01816,Fire_Property,1,3,5,13451.21,Smoke Ingress,Minor,2024-07-04,2024-07-04,0,Yes,No,"Minor chimney soot flare caused interior smoke staining across living room walls, upholstery, and drapes; no structural flames. Insured (30-40 years, Large religious families). Incident occurred on July 04, 2024 under standard operational conditions. Police report filed: Yes. Independent witness present: No. Total estimated repair and indemnity loss assessed at €13,451.21.",0
CLM-01076,CUST_05816,Fire_Property,1,3,6,18129.95,Lightning/Structure Fire,Severe,2024-08-22,2024-08-26,4,Yes,No,"Lightning strike ignited secondary residential garage roof, destroying stored tools, lawn equipment, and structural roofing rafters. Insured (40-50 years, Young all american family). Incident occurred on August 22, 2024 under standard operational conditions. Police report filed: Yes. Independent witness present: No. Total estimated repair and indemnity loss assessed at €18,129.95.",0
CLM-01077,CUST_06158,Fire_Property,1,6,4,12507.34,Lightning/Structure Fire,Severe,2024-08-08,2024-08-11,3,Yes,Yes,"Lightning strike ignited secondary residential garage roof, destroying stored tools, lawn equipment, and structural roofing rafters. Insured (30-40 years, Mixed rurals). Incident occurred on August 08, 2024 under standard operational conditions. Police report filed: Yes. Independent witness present: Yes. Total estimated repair and indemnity loss assessed at €12,507.34.",0
CLM-01078,CUST_07173,Fire_Property,1,4,3,19615.08,Lightning/Structure Fire,Severe,2024-04-02,2024-04-02,0,Yes,No,"Lightning strike ignited secondary residential garage roof, destroying stored tools, lawn equipment, and structural roofing rafters. Insured (50-60 years, Lower class large families). Incident occurred on April 02, 2024 under standard operational conditions. Police report filed: Yes. Independent witness present: No. Total estimated repair and indemnity loss assessed at €19,615.08.",0
CLM-01079,CUST_05990,Fire_Property,1,2,1,4241.72,Smoke Ingress,Minor,2024-09-25,2024-09-26,1,Yes,Yes,"Minor chimney soot flare caused interior smoke staining across living room walls, upholstery, and drapes; no structural flames. Insured (50-60 years, Religious elderly singles). Incident occurred on September 25, 2024 under standard operational conditions. Police report filed: Yes. Independent witness present: Yes. Total estimated repair and indemnity loss assessed at €4,241.72.",0
CLM-01080,CUST_08908,Fire_Property,1,4,7,15826.0,Kitchen Fire,Moderate,2024-03-28,2024-03-29,1,No,Yes,"Kitchen grease fire ignited on stovetop, spreading quickly to cabinetry and extractor hood before local brigade extinguished blaze. Insured (40-50 years, Middle class families). Incident occurred on March 28, 2024 under standard operational conditions. Police report filed: No. Independent witness present: Yes. Total estimated repair and indemnity loss assessed at €15,826.00.",0
CLM-01081,CUST_08964,Fire_Property,1,3,4,2612.78,Smoke Ingress,Minor,2024-03-04,2024-03-07,3,No,No,"Minor chimney soot flare caused interior smoke staining across living room walls, upholstery, and drapes; no structural flames. Insured (40-50 years, Modern, complete families). Incident occurred on March 04, 2024 under standard operational conditions. Police report filed: No. Independent witness present: No. Total estimated repair and indemnity loss assessed at €2,612.78.",0
CLM-01082,CUST_08751,Fire_Property,2,3,3,7210.08,Water Leak/Flooding,Moderate,2024-05-20,2024-05-26,6,No,No,"Water pipe ruptured in second-floor bathroom during deep freeze, causing cascading water damage through ceiling onto hardwood floors. Insured (50-60 years, Couples with teens 'Married with children'). Incident occurred on May 20, 2024 under standard operational conditions. Police report filed: No. Independent witness present: No. Total estimated repair and indemnity loss assessed at €7,210.08.",0
CLM-01083,CUST_06111,Fire_Property,1,4,8,2766.45,Smoke Ingress,Minor,2024-09-19,2024-09-23,4,Yes,No,"Minor chimney soot flare caused interior smoke staining across living room walls, upholstery, and drapes; no structural flames. Insured (40-50 years, Career and childcare). Incident occurred on September 19, 2024 under standard operational conditions. Police report filed: Yes. Independent witness present: No. Total estimated repair and indemnity loss assessed at €2,766.45.",0
CLM-01084,CUST_08923,Fire_Property,0,0,4,53244.23,Electrical Fire,Severe,2024-03-10,2024-04-17,38,Yes,Yes,"Faulty electrical wiring in attic sparked smoldering insulation fire, resulting in heavy ceiling collapse and structural timber charring. Insured (30-40 years, Traditional families). Incident occurred on March 10, 2024 under standard operational conditions. Police report filed: Yes. Independent witness present: Yes. Total estimated repair and indemnity loss assessed at €53,244.23.",0
CLM-01085,CUST_05856,Fire_Property,0,0,4,208249.81,Electrical Fire,Severe,2024-02-10,2024-02-17,7,No,No,"Faulty electrical wiring in attic sparked smoldering insulation fire, resulting in heavy ceiling collapse and structural timber charring. Insured (40-50 years, Mixed rurals). Incident occurred on February 10, 2024 under standard operational conditions. Police report filed: No. Independent witness present: No. Total estimated repair and indemnity loss assessed at €208,249.81.",0
CLM-01086,CUST_07409,Fire_Property,1,2,3,9036.12,Water Leak/Flooding,Moderate,2024-05-14,2024-05-19,5,Yes,Yes,"Water pipe ruptured in second-floor bathroom during deep freeze, causing cascading water damage through ceiling onto hardwood floors. Insured (40-50 years, Young and rising). Incident occurred on May 14, 2024 under standard operational conditions. Police report filed: Yes. Independent witness present: Yes. Total estimated repair and indemnity loss assessed at €9,036.12.",0
CLM-01087,CUST_01745,Fire_Property,1,4,7,4050.77,Smoke Ingress,Minor,2024-08-19,2024-08-24,5,No,No,"Minor chimney soot flare caused interior smoke staining across living room walls, upholstery, and drapes; no structural flames. Insured (40-50 years, Middle class families). Incident occurred on August 19, 2024 under standard operational conditions. Police report filed: No. Independent witness present: No. Total estimated repair and indemnity loss assessed at €4,050.77.",0
CLM-01088,CUST_00472,Fire_Property,1,3,3,37586.68,Electrical Fire,Severe,2024-10-13,2024-10-17,4,Yes,Yes,"Faulty electrical wiring in attic sparked smoldering insulation fire, resulting in heavy ceiling collapse and structural timber charring. Insured (30-40 years, Lower class large families). Incident occurred on October 13, 2024 under standard operational conditions. Police report filed: Yes. Independent witness present: Yes. Total estimated repair and indemnity loss assessed at €37,586.68.",0
CLM-01089,CUST_01997,Fire_Property,1,4,4,20967.66,Lightning/Structure Fire,Severe,2024-07-19,2024-07-26,7,Yes,Yes,"Lightning strike ignited secondary residential garage roof, destroying stored tools, lawn equipment, and structural roofing rafters. Insured (40-50 years, Mixed rurals). Incident occurred on July 19, 2024 under standard operational conditions. Police report filed: Yes. Independent witness present: Yes. Total estimated repair and indemnity loss assessed at €20,967.66.",0
CLM-01090,CUST_07414,Fire_Property,1,4,6,7994.22,Water Leak/Flooding,Moderate,2024-10-04,2024-10-11,7,No,Yes,"Water pipe ruptured in second-floor bathroom during deep freeze, causing cascading water damage through ceiling onto hardwood floors. Insured (40-50 years, Very Important Provincials). Incident occurred on October 04, 2024 under standard operational conditions. Police report filed: No. Independent witness present: Yes. Total estimated repair and indemnity loss assessed at €7,994.22.",0
CLM-01091,CUST_05914,Fire_Property,1,4,6,22467.19,Lightning/Structure Fire,Severe,2024-09-11,2024-09-17,6,Yes,No,"Lightning strike ignited secondary residential garage roof, destroying stored tools, lawn equipment, and structural roofing rafters. Insured (40-50 years, Family starters). Incident occurred on September 11, 2024 under standard operational conditions. Police report filed: Yes. Independent witness present: No. Total estimated repair and indemnity loss assessed at €22,467.19.",0
CLM-01092,CUST_04297,Fire_Property,1,4,3,22742.22,Lightning/Structure Fire,Severe,2024-02-02,2024-02-02,0,Yes,Yes,"Lightning strike ignited secondary residential garage roof, destroying stored tools, lawn equipment, and structural roofing rafters. Insured (40-50 years, Lower class large families). Incident occurred on February 02, 2024 under standard operational conditions. Police report filed: Yes. Independent witness present: Yes. Total estimated repair and indemnity loss assessed at €22,742.22.",0
CLM-01093,CUST_05534,Fire_Property,1,1,4,25981.04,Lightning/Structure Fire,Severe,2024-10-26,2024-10-26,0,Yes,No,"Lightning strike ignited secondary residential garage roof, destroying stored tools, lawn equipment, and structural roofing rafters. Insured (40-50 years, Mixed rurals). Incident occurred on October 26, 2024 under standard operational conditions. Police report filed: Yes. Independent witness present: No. Total estimated repair and indemnity loss assessed at €25,981.04.",0
CLM-01094,CUST_06458,Fire_Property,1,4,5,23455.57,Lightning/Structure Fire,Severe,2024-07-02,2024-07-08,6,Yes,No,"Lightning strike ignited secondary residential garage roof, destroying stored tools, lawn equipment, and structural roofing rafters. Insured (40-50 years, Large religious families). Incident occurred on July 02, 2024 under standard operational conditions. Police report filed: Yes. Independent witness present: No. Total estimated repair and indemnity loss assessed at €23,455.57.",0
CLM-01095,CUST_04203,Fire_Property,0,0,1,25061.12,Lightning/Structure Fire,Severe,2024-02-04,2024-02-05,1,No,No,"Lightning strike ignited secondary residential garage roof, destroying stored tools, lawn equipment, and structural roofing rafters. Insured (50-60 years, Young urban have-nots). Incident occurred on February 04, 2024 under standard operational conditions. Police report filed: No. Independent witness present: No. Total estimated repair and indemnity loss assessed at €25,061.12.",0
CLM-01096,CUST_00545,Fire_Property,1,2,2,2739.32,Smoke Ingress,Minor,2024-12-03,2024-12-09,6,No,No,"Minor chimney soot flare caused interior smoke staining across living room walls, upholstery, and drapes; no structural flames. Insured (60-70 years, Young seniors in the city). Incident occurred on December 03, 2024 under standard operational conditions. Police report filed: No. Independent witness present: No. Total estimated repair and indemnity loss assessed at €2,739.32.",0
CLM-01097,CUST_00330,Fire_Property,1,2,2,112730.74,Lightning/Structure Fire,Severe,2024-10-21,2024-12-26,66,Yes,Yes,"Lightning strike ignited secondary residential garage roof, destroying stored tools, lawn equipment, and structural roofing rafters. Insured (30-40 years, Mixed apartment dwellers). Incident occurred on October 21, 2024 under standard operational conditions. Police report filed: Yes. Independent witness present: Yes. Total estimated repair and indemnity loss assessed at €112,730.74.",0
CLM-01098,CUST_07512,Fire_Property,1,3,8,2593.04,Water Leak/Flooding,Moderate,2024-12-08,2024-12-13,5,Yes,No,"Water pipe ruptured in second-floor bathroom during deep freeze, causing cascading water damage through ceiling onto hardwood floors. Insured (40-50 years, Career and childcare). Incident occurred on December 08, 2024 under standard operational conditions. Police report filed: Yes. Independent witness present: No. Total estimated repair and indemnity loss assessed at €2,593.04.",0
CLM-01099,CUST_06585,Fire_Property,1,4,3,46559.6,Electrical Fire,Severe,2024-09-12,2024-09-13,1,Yes,Yes,"Faulty electrical wiring in attic sparked smoldering insulation fire, resulting in heavy ceiling collapse and structural timber charring. Insured (40-50 years, Couples with teens 'Married with children'). Incident occurred on September 12, 2024 under standard operational conditions. Police report filed: Yes. Independent witness present: Yes. Total estimated repair and indemnity loss assessed at €46,559.60.",0
CLM-01100,CUST_00694,Fire_Property,1,3,5,24851.91,Lightning/Structure Fire,Severe,2024-10-21,2024-10-27,6,Yes,Yes,"Lightning strike ignited secondary residential garage roof, destroying stored tools, lawn equipment, and structural roofing rafters. Insured (50-60 years, Large religious families). Incident occurred on October 21, 2024 under standard operational conditions. Police report filed: Yes. Independent witness present: Yes. Total estimated repair and indemnity loss assessed at €24,851.91.",0
CLM-01101,CUST_01342,Fire_Property,2,5,7,11694.43,Water Leak/Flooding,Moderate,2024-02-19,2024-02-24,5,No,Yes,"Water pipe ruptured in second-floor bathroom during deep freeze, causing cascading water damage through ceiling onto hardwood floors. Insured (50-60 years, Middle class families). Incident occurred on February 19, 2024 under standard operational conditions. Police report filed: No. Independent witness present: Yes. Total estimated repair and indemnity loss assessed at €11,694.43.",0
CLM-01102,CUST_08031,Fire_Property,1,2,4,350.0,Smoke Ingress,Minor,2024-08-07,2024-08-10,3,No,Yes,"Minor chimney soot flare caused interior smoke staining across living room walls, upholstery, and drapes; no structural flames. Insured (40-50 years, Modern, complete families). Incident occurred on August 07, 2024 under standard operational conditions. Police report filed: No. Independent witness present: Yes. Total estimated repair and indemnity loss assessed at €350.00.",0
CLM-01103,CUST_04545,Fire_Property,1,3,3,14035.45,Water Leak/Flooding,Moderate,2024-06-03,2024-06-09,6,No,Yes,"Water pipe ruptured in second-floor bathroom during deep freeze, causing cascading water damage through ceiling onto hardwood floors. Insured (30-40 years, Lower class large families). Incident occurred on June 03, 2024 under standard operational conditions. Police report filed: No. Independent witness present: Yes. Total estimated repair and indemnity loss assessed at €14,035.45.",0
CLM-01104,CUST_03797,Fire_Property,1,4,6,8153.15,Water Leak/Flooding,Moderate,2024-09-21,2024-09-28,7,Yes,Yes,"Water pipe ruptured in second-floor bathroom during deep freeze, causing cascading water damage through ceiling onto hardwood floors. Insured (40-50 years, Family starters). Incident occurred on September 21, 2024 under standard operational conditions. Police report filed: Yes. Independent witness present: Yes. Total estimated repair and indemnity loss assessed at €8,153.15.",0
CLM-01105,CUST_07790,Fire_Property,1,4,8,48670.01,Electrical Fire,Severe,2024-10-23,2024-10-30,7,Yes,Yes,"Faulty electrical wiring in attic sparked smoldering insulation fire, resulting in heavy ceiling collapse and structural timber charring. Insured (40-50 years, Stable family). Incident occurred on October 23, 2024 under standard operational conditions. Police report filed: Yes. Independent witness present: Yes. Total estimated repair and indemnity loss assessed at €48,670.01.",0
CLM-01106,CUST_07058,Fire_Property,1,6,5,16640.75,Lightning/Structure Fire,Severe,2024-11-23,2024-11-29,6,Yes,Yes,"Lightning strike ignited secondary residential garage roof, destroying stored tools, lawn equipment, and structural roofing rafters. Insured (40-50 years, Village families). Incident occurred on November 23, 2024 under standard operational conditions. Police report filed: Yes. Independent witness present: Yes. Total estimated repair and indemnity loss assessed at €16,640.75.",0
CLM-01107,CUST_05497,Fire_Property,1,2,1,3398.14,Smoke Ingress,Minor,2024-03-17,2024-03-20,3,Yes,No,"Minor chimney soot flare caused interior smoke staining across living room walls, upholstery, and drapes; no structural flames. Insured (50-60 years, Mixed seniors). Incident occurred on March 17, 2024 under standard operational conditions. Police report filed: Yes. Independent witness present: No. Total estimated repair and indemnity loss assessed at €3,398.14.",0
CLM-01108,CUST_06200,Fire_Property,1,3,3,13652.68,Lightning/Structure Fire,Severe,2024-02-03,2024-02-06,3,Yes,No,"Lightning strike ignited secondary residential garage roof, destroying stored tools, lawn equipment, and structural roofing rafters. Insured (30-40 years, Lower class large families). Incident occurred on February 03, 2024 under standard operational conditions. Police report filed: Yes. Independent witness present: No. Total estimated repair and indemnity loss assessed at €13,652.68.",0
CLM-01109,CUST_04342,Fire_Property,1,2,4,26578.54,Electrical Fire,Severe,2024-05-12,2024-05-15,3,Yes,No,"Faulty electrical wiring in attic sparked smoldering insulation fire, resulting in heavy ceiling collapse and structural timber charring. Insured (40-50 years, Modern, complete families). Incident occurred on May 12, 2024 under standard operational conditions. Police report filed: Yes. Independent witness present: No. Total estimated repair and indemnity loss assessed at €26,578.54.",0
CLM-01110,CUST_02240,Fire_Property,1,4,6,57534.34,Electrical Fire,Severe,2024-01-16,2024-01-19,3,Yes,No,"Faulty electrical wiring in attic sparked smoldering insulation fire, resulting in heavy ceiling collapse and structural timber charring. Insured (40-50 years, Large family, employed child). Incident occurred on January 16, 2024 under standard operational conditions. Police report filed: Yes. Independent witness present: No. Total estimated repair and indemnity loss assessed at €57,534.34.",0
CLM-01111,CUST_08444,Fire_Property,1,4,7,2890.85,Smoke Ingress,Minor,2024-08-05,2024-08-05,0,Yes,Yes,"Minor chimney soot flare caused interior smoke staining across living room walls, upholstery, and drapes; no structural flames. Insured (30-40 years, Affluent young families). Incident occurred on August 05, 2024 under standard operational conditions. Police report filed: Yes. Independent witness present: Yes. Total estimated repair and indemnity loss assessed at €2,890.85.",5
CLM-01112,CUST_00415,Fire_Property,1,3,4,23819.46,Lightning/Structure Fire,Severe,2024-05-23,2024-05-25,2,Yes,Yes,"Lightning strike ignited secondary residential garage roof, destroying stored tools, lawn equipment, and structural roofing rafters. Insured (50-60 years, Traditional families). Incident occurred on May 23, 2024 under standard operational conditions. Police report filed: Yes. Independent witness present: Yes. Total estimated repair and indemnity loss assessed at €23,819.46.",0
CLM-01113,CUST_07335,Fire_Property,1,4,6,15915.3,Kitchen Fire,Moderate,2024-01-30,2024-01-31,1,No,No,"Kitchen grease fire ignited on stovetop, spreading quickly to cabinetry and extractor hood before local brigade extinguished blaze. Insured (30-40 years, Young all american family). Incident occurred on January 30, 2024 under standard operational conditions. Police report filed: No. Independent witness present: No. Total estimated repair and indemnity loss assessed at €15,915.30.",0
CLM-01114,CUST_06154,Fire_Property,1,3,8,26045.46,Lightning/Structure Fire,Severe,2024-12-10,2024-12-11,1,Yes,No,"Lightning strike ignited secondary residential garage roof, destroying stored tools, lawn equipment, and structural roofing rafters. Insured (30-40 years, Career and childcare). Incident occurred on December 10, 2024 under standard operational conditions. Police report filed: Yes. Independent witness present: No. Total estimated repair and indemnity loss assessed at €26,045.46.",0
CLM-01115,CUST_02085,Fire_Property,1,3,2,36614.61,Electrical Fire,Severe,2024-02-28,2024-02-29,1,Yes,No,"Faulty electrical wiring in attic sparked smoldering insulation fire, resulting in heavy ceiling collapse and structural timber charring. Insured (40-50 years, Ethnically diverse). Incident occurred on February 28, 2024 under standard operational conditions. Police report filed: Yes. Independent witness present: No. Total estimated repair and indemnity loss assessed at €36,614.61.",0
CLM-01116,CUST_01318,Fire_Property,1,3,8,38974.57,Electrical Fire,Severe,2024-11-04,2024-11-05,1,Yes,No,"Faulty electrical wiring in attic sparked smoldering insulation fire, resulting in heavy ceiling collapse and structural timber charring. Insured (30-40 years, Stable family). Incident occurred on November 04, 2024 under standard operational conditions. Police report filed: Yes. Independent witness present: No. Total estimated repair and indemnity loss assessed at €38,974.57.",0
CLM-01117,CUST_08789,Fire_Property,1,4,3,5355.24,Smoke Ingress,Minor,2024-05-01,2024-05-07,6,Yes,Yes,"Minor chimney soot flare caused interior smoke staining across living room walls, upholstery, and drapes; no structural flames. Insured (50-60 years, Couples with teens 'Married with children'). Incident occurred on May 01, 2024 under standard operational conditions. Police report filed: Yes. Independent witness present: Yes. Total estimated repair and indemnity loss assessed at €5,355.24.",0
CLM-01118,CUST_04910,Fire_Property,0,0,1,2505.26,Smoke Ingress,Minor,2024-10-29,2025-01-06,69,No,Yes,"Minor chimney soot flare caused interior smoke staining across living room walls, upholstery, and drapes; no structural flames. Insured (50-60 years, Own home elderly). Incident occurred on October 29, 2024 under standard operational conditions. Police report filed: No. Independent witness present: Yes. Total estimated repair and indemnity loss assessed at €2,505.26.",0
CLM-01119,CUST_06397,Fire_Property,1,4,5,3263.04,Smoke Ingress,Minor,2024-12-16,2024-12-19,3,No,Yes,"Minor chimney soot flare caused interior smoke staining across living room walls, upholstery, and drapes; no structural flames. Insured (60-70 years, Large religious families). Incident occurred on December 16, 2024 under standard operational conditions. Police report filed: No. Independent witness present: Yes. Total estimated repair and indemnity loss assessed at €3,263.04.",1
CLM-01120,CUST_05553,Fire_Property,1,2,1,29525.24,Lightning/Structure Fire,Severe,2024-01-12,2024-01-12,0,Yes,Yes,"Lightning strike ignited secondary residential garage roof, destroying stored tools, lawn equipment, and structural roofing rafters. Insured (40-50 years, Mixed seniors). Incident occurred on January 12, 2024 under standard operational conditions. Police report filed: Yes. Independent witness present: Yes. Total estimated repair and indemnity loss assessed at €29,525.24.",0
CLM-01121,CUST_03608,Fire_Property,1,2,1,29964.21,Lightning/Structure Fire,Severe,2024-10-10,2024-10-16,6,Yes,No,"Lightning strike ignited secondary residential garage roof, destroying stored tools, lawn equipment, and structural roofing rafters. Insured (50-60 years, Young seniors in the city). Incident occurred on October 10, 2024 under standard operational conditions. Police report filed: Yes. Independent witness present: No. Total estimated repair and indemnity loss assessed at €29,964.21.",0
CLM-01122,CUST_05477,Fire_Property,1,1,7,15841.64,Kitchen Fire,Moderate,2024-10-01,2024-10-04,3,No,No,"Kitchen grease fire ignited on stovetop, spreading quickly to cabinetry and extractor hood before local brigade extinguished blaze. Insured (30-40 years, Affluent young families). Incident occurred on October 01, 2024 under standard operational conditions. Police report filed: No. Independent witness present: No. Total estimated repair and indemnity loss assessed at €15,841.64.",0
CLM-01123,CUST_03866,Fire_Property,1,3,1,148344.8,Lightning/Structure Fire,Severe,2024-05-01,2024-06-15,45,Yes,No,"Lightning strike ignited secondary residential garage roof, destroying stored tools, lawn equipment, and structural roofing rafters. Insured (40-50 years, Low income catholics). Incident occurred on May 01, 2024 under standard operational conditions. Police report filed: Yes. Independent witness present: No. Total estimated repair and indemnity loss assessed at €148,344.80.",0
CLM-01124,CUST_09693,Fire_Property,1,3,3,1858.15,Smoke Ingress,Minor,2024-01-19,2024-01-23,4,Yes,No,"Minor chimney soot flare caused interior smoke staining across living room walls, upholstery, and drapes; no structural flames. Insured (30-40 years, Young and rising). Incident occurred on January 19, 2024 under standard operational conditions. Police report filed: Yes. Independent witness present: No. Total estimated repair and indemnity loss assessed at €1,858.15.",0
CLM-01125,CUST_06237,Fire_Property,1,3,8,35147.45,Lightning/Structure Fire,Severe,2024-08-05,2024-08-06,1,Yes,Yes,"Lightning strike ignited secondary residential garage roof, destroying stored tools, lawn equipment, and structural roofing rafters. Insured (40-50 years, Career and childcare). Incident occurred on August 05, 2024 under standard operational conditions. Police report filed: Yes. Independent witness present: Yes. Total estimated repair and indemnity loss assessed at €35,147.45.",1
CLM-01126,CUST_07641,Fire_Property,1,3,5,6341.45,Kitchen Fire,Moderate,2024-06-30,2024-07-06,6,No,No,"Kitchen grease fire ignited on stovetop, spreading quickly to cabinetry and extractor hood before local brigade extinguished blaze. Insured (30-40 years, Large religious families). Incident occurred on June 30, 2024 under standard operational conditions. Police report filed: No. Independent witness present: No. Total estimated repair and indemnity loss assessed at €6,341.45.",0
CLM-01127,CUST_00764,Fire_Property,1,3,5,38288.99,Electrical Fire,Severe,2024-11-19,2024-11-26,7,Yes,Yes,"Faulty electrical wiring in attic sparked smoldering insulation fire, resulting in heavy ceiling collapse and structural timber charring. Insured (30-40 years, Large religious families). Incident occurred on November 19, 2024 under standard operational conditions. Police report filed: Yes. Independent witness present: Yes. Total estimated repair and indemnity loss assessed at €38,288.99.",1
CLM-01128,CUST_05473,Fire_Property,0,0,3,13165.79,Lightning/Structure Fire,Severe,2024-02-27,2024-05-05,68,Yes,Yes,"Lightning strike ignited secondary residential garage roof, destroying stored tools, lawn equipment, and structural roofing rafters. Insured (20-30 years, Young and rising). Incident occurred on February 27, 2024 under standard operational conditions. Police report filed: Yes. Independent witness present: Yes. Total estimated repair and indemnity loss assessed at €13,165.79.",0
CLM-01129,CUST_04828,Fire_Property,1,3,6,2883.07,Smoke Ingress,Minor,2024-09-02,2024-09-04,2,No,Yes,"Minor chimney soot flare caused interior smoke staining across living room walls, upholstery, and drapes; no structural flames. Insured (40-50 years, High status seniors). Incident occurred on September 02, 2024 under standard operational conditions. Police report filed: No. Independent witness present: Yes. Total estimated repair and indemnity loss assessed at €2,883.07.",0
CLM-01130,CUST_04950,Fire_Property,1,4,6,25670.1,Lightning/Structure Fire,Severe,2024-04-12,2024-04-13,1,Yes,No,"Lightning strike ignited secondary residential garage roof, destroying stored tools, lawn equipment, and structural roofing rafters. Insured (40-50 years, High status seniors). Incident occurred on April 12, 2024 under standard operational conditions. Police report filed: Yes. Independent witness present: No. Total estimated repair and indemnity loss assessed at €25,670.10.",0
CLM-01131,CUST_05945,Fire_Property,1,4,4,3377.29,Smoke Ingress,Minor,2024-10-20,2024-10-23,3,Yes,Yes,"Minor chimney soot flare caused interior smoke staining across living room walls, upholstery, and drapes; no structural flames. Insured (40-50 years, Mixed small town dwellers). Incident occurred on October 20, 2024 under standard operational conditions. Police report filed: Yes. Independent witness present: Yes. Total estimated repair and indemnity loss assessed at €3,377.29.",0
CLM-01132,CUST_09729,Fire_Property,1,4,6,9725.38,Water Leak/Flooding,Moderate,2024-11-17,2024-11-20,3,Yes,No,"Water pipe ruptured in second-floor bathroom during deep freeze, causing cascading water damage through ceiling onto hardwood floors. Insured (50-60 years, High status seniors). Incident occurred on November 17, 2024 under standard operational conditions. Police report filed: Yes. Independent witness present: No. Total estimated repair and indemnity loss assessed at €9,725.38.",0
CLM-01133,CUST_02525,Fire_Property,1,4,8,19261.7,Kitchen Fire,Moderate,2024-07-25,2024-07-31,6,No,Yes,"Kitchen grease fire ignited on stovetop, spreading quickly to cabinetry and extractor hood before local brigade extinguished blaze. Insured (50-60 years, High Income, expensive child). Incident occurred on July 25, 2024 under standard operational conditions. Police report filed: No. Independent witness present: Yes. Total estimated repair and indemnity loss assessed at €19,261.70.",0
CLM-01134,CUST_08541,Fire_Property,1,4,2,65509.82,Kitchen Fire,Moderate,2024-08-21,2024-08-28,7,Yes,Yes,"Kitchen grease fire ignited on stovetop, spreading quickly to cabinetry and extractor hood before local brigade extinguished blaze. Insured (40-50 years, Young, low educated). Incident occurred on August 21, 2024 under standard operational conditions. Police report filed: Yes. Independent witness present: Yes. Total estimated repair and indemnity loss assessed at €65,509.82.",0
CLM-01135,CUST_02842,Fire_Property,1,4,7,21086.75,Lightning/Structure Fire,Severe,2024-05-28,2024-06-04,7,Yes,No,"Lightning strike ignited secondary residential garage roof, destroying stored tools, lawn equipment, and structural roofing rafters. Insured (40-50 years, Middle class families). Incident occurred on May 28, 2024 under standard operational conditions. Police report filed: Yes. Independent witness present: No. Total estimated repair and indemnity loss assessed at €21,086.75.",0
CLM-01136,CUST_03077,Fire_Property,1,4,6,11243.44,Water Leak/Flooding,Moderate,2024-04-21,2024-04-25,4,Yes,No,"Water pipe ruptured in second-floor bathroom during deep freeze, causing cascading water damage through ceiling onto hardwood floors. Insured (30-40 years, Large family, employed child). Incident occurred on April 21, 2024 under standard operational conditions. Police report filed: Yes. Independent witness present: No. Total estimated repair and indemnity loss assessed at €11,243.44.",0
CLM-01137,CUST_02177,Fire_Property,1,4,4,17352.62,Kitchen Fire,Moderate,2024-05-29,2024-06-02,4,Yes,No,"Kitchen grease fire ignited on stovetop, spreading quickly to cabinetry and extractor hood before local brigade extinguished blaze. Insured (40-50 years, Traditional families). Incident occurred on May 29, 2024 under standard operational conditions. Police report filed: Yes. Independent witness present: No. Total estimated repair and indemnity loss assessed at €17,352.62.",0
CLM-01138,CUST_05573,Fire_Property,1,4,7,5106.7,Water Leak/Flooding,Moderate,2024-11-28,2024-12-05,7,Yes,Yes,"Water pipe ruptured in second-floor bathroom during deep freeze, causing cascading water damage through ceiling onto hardwood floors. Insured (30-40 years, Affluent young families). Incident occurred on November 28, 2024 under standard operational conditions. Police report filed: Yes. Independent witness present: Yes. Total estimated repair and indemnity loss assessed at €5,106.70.",0
CLM-01139,CUST_04890,Fire_Property,1,5,3,3767.53,Smoke Ingress,Minor,2024-04-19,2024-04-25,6,No,No,"Minor chimney soot flare caused interior smoke staining across living room walls, upholstery, and drapes; no structural flames. Insured (40-50 years, Lower class large families). Incident occurred on April 19, 2024 under standard operational conditions. Police report filed: No. Independent witness present: No. Total estimated repair and indemnity loss assessed at €3,767.53.",0
CLM-01140,CUST_00764,Fire_Property,1,3,5,27689.38,Lightning/Structure Fire,Severe,2024-08-30,2024-08-30,0,No,No,"Lightning strike ignited secondary residential garage roof, destroying stored tools, lawn equipment, and structural roofing rafters. Insured (30-40 years, Large religious families). Incident occurred on August 30, 2024 under standard operational conditions. Police report filed: No. Independent witness present: No. Total estimated repair and indemnity loss assessed at €27,689.38.",0
CLM-01141,CUST_04557,Fire_Property,1,2,5,2533.31,Smoke Ingress,Minor,2024-12-10,2024-12-15,5,Yes,Yes,"Minor chimney soot flare caused interior smoke staining across living room walls, upholstery, and drapes; no structural flames. Insured (40-50 years, Large religious families). Incident occurred on December 10, 2024 under standard operational conditions. Police report filed: Yes. Independent witness present: Yes. Total estimated repair and indemnity loss assessed at €2,533.31.",0
CLM-01142,CUST_03937,Fire_Property,1,4,3,51612.77,Electrical Fire,Severe,2024-09-15,2024-09-22,7,Yes,No,"Faulty electrical wiring in attic sparked smoldering insulation fire, resulting in heavy ceiling collapse and structural timber charring. Insured (40-50 years, Traditional families). Incident occurred on September 15, 2024 under standard operational conditions. Police report filed: Yes. Independent witness present: No. Total estimated repair and indemnity loss assessed at €51,612.77.",0
CLM-01143,CUST_01954,Fire_Property,1,2,3,10324.75,Kitchen Fire,Moderate,2024-06-12,2024-06-18,6,Yes,No,"Kitchen grease fire ignited on stovetop, spreading quickly to cabinetry and extractor hood before local brigade extinguished blaze. Insured (70-80 years, Mixed seniors). Incident occurred on June 12, 2024 under standard operational conditions. Police report filed: Yes. Independent witness present: No. Total estimated repair and indemnity loss assessed at €10,324.75.",0
CLM-01144,CUST_02313,Fire_Property,0,0,3,2679.3,Smoke Ingress,Minor,2024-05-24,2024-05-30,6,No,No,"Minor chimney soot flare caused interior smoke staining across living room walls, upholstery, and drapes; no structural flames. Insured (20-30 years, Young and rising). Incident occurred on May 24, 2024 under standard operational conditions. Police report filed: No. Independent witness present: No. Total estimated repair and indemnity loss assessed at €2,679.30.",0
CLM-01145,CUST_03991,Fire_Property,1,2,2,7347.4,Water Leak/Flooding,Moderate,2024-06-10,2024-06-16,6,Yes,No,"Water pipe ruptured in second-floor bathroom during deep freeze, causing cascading water damage through ceiling onto hardwood floors. Insured (30-40 years, Mixed apartment dwellers). Incident occurred on June 10, 2024 under standard operational conditions. Police report filed: Yes. Independent witness present: No. Total estimated repair and indemnity loss assessed at €7,347.40.",0
CLM-01146,CUST_07431,Fire_Property,1,2,2,33611.37,Electrical Fire,Severe,2024-10-12,2024-10-19,7,Yes,Yes,"Faulty electrical wiring in attic sparked smoldering insulation fire, resulting in heavy ceiling collapse and structural timber charring. Insured (30-40 years, Young, low educated). Incident occurred on October 12, 2024 under standard operational conditions. Police report filed: Yes. Independent witness present: Yes. Total estimated repair and indemnity loss assessed at €33,611.37.",0
CLM-01147,CUST_00795,Fire_Property,1,2,1,21380.97,Electrical Fire,Severe,2024-04-04,2024-04-04,0,Yes,No,"Faulty electrical wiring in attic sparked smoldering insulation fire, resulting in heavy ceiling collapse and structural timber charring. Insured (50-60 years, Low income catholics). Incident occurred on April 04, 2024 under standard operational conditions. Police report filed: Yes. Independent witness present: No. Total estimated repair and indemnity loss assessed at €21,380.97.",0
CLM-01148,CUST_07056,Fire_Property,1,4,3,1703.95,Smoke Ingress,Minor,2024-03-01,2024-03-08,7,Yes,No,"Minor chimney soot flare caused interior smoke staining across living room walls, upholstery, and drapes; no structural flames. Insured (30-40 years, Lower class large families). Incident occurred on March 01, 2024 under standard operational conditions. Police report filed: Yes. Independent witness present: No. Total estimated repair and indemnity loss assessed at €1,703.95.",0
CLM-01149,CUST_08459,Fire_Property,1,2,3,4330.78,Smoke Ingress,Minor,2024-08-23,2024-08-30,7,Yes,Yes,"Minor chimney soot flare caused interior smoke staining across living room walls, upholstery, and drapes; no structural flames. Insured (40-50 years, Lower class large families). Incident occurred on August 23, 2024 under standard operational conditions. Police report filed: Yes. Independent witness present: Yes. Total estimated repair and indemnity loss assessed at €4,330.78.",0
CLM-01150,CUST_01365,Fire_Property,1,4,3,27163.43,Electrical Fire,Severe,2024-05-26,2024-05-28,2,Yes,Yes,"Faulty electrical wiring in attic sparked smoldering insulation fire, resulting in heavy ceiling collapse and structural timber charring. Insured (30-40 years, Lower class large families). Incident occurred on May 26, 2024 under standard operational conditions. Police report filed: Yes. Independent witness present: Yes. Total estimated repair and indemnity loss assessed at €27,163.43.",0
CLM-01151,CUST_04118,Fire_Property,1,3,5,5412.1,Water Leak/Flooding,Moderate,2024-12-06,2024-12-09,3,Yes,Yes,"Water pipe ruptured in second-floor bathroom during deep freeze, causing cascading water damage through ceiling onto hardwood floors. Insured (30-40 years, Large religious families). Incident occurred on December 06, 2024 under standard operational conditions. Police report filed: Yes. Independent witness present: Yes. Total estimated repair and indemnity loss assessed at €5,412.10.",1
CLM-01152,CUST_01115,Fire_Property,1,2,4,9752.71,Electrical Fire,Severe,2024-09-13,2024-09-14,1,Yes,No,"Faulty electrical wiring in attic sparked smoldering insulation fire, resulting in heavy ceiling collapse and structural timber charring. Insured (30-40 years, Modern, complete families). Incident occurred on September 13, 2024 under standard operational conditions. Police report filed: Yes. Independent witness present: No. Total estimated repair and indemnity loss assessed at €9,752.71.",1
CLM-01153,CUST_01795,Fire_Property,1,2,3,20726.84,Smoke Ingress,Minor,2024-02-25,2024-02-27,2,Yes,Yes,"Minor chimney soot flare caused interior smoke staining across living room walls, upholstery, and drapes; no structural flames. Insured (40-50 years, Lower class large families). Incident occurred on February 25, 2024 under standard operational conditions. Police report filed: Yes. Independent witness present: Yes. Total estimated repair and indemnity loss assessed at €20,726.84.",0
CLM-01154,CUST_07243,Fire_Property,4,6,6,2071.06,Smoke Ingress,Minor,2024-11-18,2024-11-22,4,Yes,No,"Minor chimney soot flare caused interior smoke staining across living room walls, upholstery, and drapes; no structural flames. Insured (50-60 years, High status seniors). Incident occurred on November 18, 2024 under standard operational conditions. Police report filed: Yes. Independent witness present: No. Total estimated repair and indemnity loss assessed at €2,071.06.",0
CLM-01155,CUST_09348,Fire_Property,1,3,4,4503.91,Smoke Ingress,Minor,2024-06-16,2024-06-18,2,Yes,Yes,"Minor chimney soot flare caused interior smoke staining across living room walls, upholstery, and drapes; no structural flames. Insured (40-50 years, Modern, complete families). Incident occurred on June 16, 2024 under standard operational conditions. Police report filed: Yes. Independent witness present: Yes. Total estimated repair and indemnity loss assessed at €4,503.91.",0
CLM-01156,CUST_04270,Fire_Property,1,4,1,31118.54,Lightning/Structure Fire,Severe,2024-01-30,2024-01-31,1,Yes,No,"Lightning strike ignited secondary residential garage roof, destroying stored tools, lawn equipment, and structural roofing rafters. Insured (40-50 years, Mixed seniors). Incident occurred on January 30, 2024 under standard operational conditions. Police report filed: Yes. Independent witness present: No. Total estimated repair and indemnity loss assessed at €31,118.54.",0
CLM-01157,CUST_04302,Fire_Property,0,0,4,20036.26,Smoke Ingress,Minor,2024-03-25,2024-03-31,6,No,Yes,"Minor chimney soot flare caused interior smoke staining across living room walls, upholstery, and drapes; no structural flames. Insured (30-40 years, Traditional families). Incident occurred on March 25, 2024 under standard operational conditions. Police report filed: No. Independent witness present: Yes. Total estimated repair and indemnity loss assessed at €20,036.26.",0
CLM-01158,CUST_07422,Fire_Property,1,3,4,5083.81,Smoke Ingress,Minor,2024-06-08,2024-06-10,2,No,Yes,"Minor chimney soot flare caused interior smoke staining across living room walls, upholstery, and drapes; no structural flames. Insured (30-40 years, Modern, complete families). Incident occurred on June 08, 2024 under standard operational conditions. Police report filed: No. Independent witness present: Yes. Total estimated repair and indemnity loss assessed at €5,083.81.",0
CLM-01159,CUST_07735,Fire_Property,1,3,3,45759.42,Electrical Fire,Severe,2024-09-08,2024-09-15,7,Yes,No,"Faulty electrical wiring in attic sparked smoldering insulation fire, resulting in heavy ceiling collapse and structural timber charring. Insured (40-50 years, Mixed seniors). Incident occurred on September 08, 2024 under standard operational conditions. Police report filed: Yes. Independent witness present: No. Total estimated repair and indemnity loss assessed at €45,759.42.",1
CLM-01160,CUST_08489,Fire_Property,1,3,1,7278.47,Water Leak/Flooding,Moderate,2024-08-05,2024-08-06,1,No,No,"Water pipe ruptured in second-floor bathroom during deep freeze, causing cascading water damage through ceiling onto hardwood floors. Insured (60-70 years, Seniors in apartments). Incident occurred on August 05, 2024 under standard operational conditions. Police report filed: No. Independent witness present: No. Total estimated repair and indemnity loss assessed at €7,278.47.",0
CLM-01161,CUST_06556,Fire_Property,1,3,5,569.56,Smoke Ingress,Minor,2024-02-18,2024-02-18,0,No,No,"Minor chimney soot flare caused interior smoke staining across living room walls, upholstery, and drapes; no structural flames. Insured (60-70 years, Large religious families). Incident occurred on February 18, 2024 under standard operational conditions. Police report filed: No. Independent witness present: No. Total estimated repair and indemnity loss assessed at €569.56.",0
CLM-01162,CUST_09738,Fire_Property,1,4,6,61680.37,Electrical Fire,Severe,2024-09-11,2024-09-12,1,Yes,No,"Faulty electrical wiring in attic sparked smoldering insulation fire, resulting in heavy ceiling collapse and structural timber charring. Insured (30-40 years, Young all american family). Incident occurred on September 11, 2024 under standard operational conditions. Police report filed: Yes. Independent witness present: No. Total estimated repair and indemnity loss assessed at €61,680.37.",1
CLM-01163,CUST_01143,Fire_Property,1,4,1,1751.91,Smoke Ingress,Minor,2024-06-03,2024-06-05,2,Yes,No,"Minor chimney soot flare caused interior smoke staining across living room walls, upholstery, and drapes; no structural flames. Insured (40-50 years, Mixed seniors). Incident occurred on June 03, 2024 under standard operational conditions. Police report filed: Yes. Independent witness present: No. Total estimated repair and indemnity loss assessed at €1,751.91.",1
CLM-01164,CUST_07909,Fire_Property,1,3,4,1380.87,Smoke Ingress,Minor,2024-06-01,2024-06-01,0,Yes,Yes,"Minor chimney soot flare caused interior smoke staining across living room walls, upholstery, and drapes; no structural flames. Insured (30-40 years, Traditional families). Incident occurred on June 01, 2024 under standard operational conditions. Police report filed: Yes. Independent witness present: Yes. Total estimated repair and indemnity loss assessed at €1,380.87.",0
CLM-01165,CUST_07705,Fire_Property,1,3,7,3915.44,Smoke Ingress,Minor,2024-07-31,2024-08-01,1,No,No,"Minor chimney soot flare caused interior smoke staining across living room walls, upholstery, and drapes; no structural flames. Insured (50-60 years, Middle class families). Incident occurred on July 31, 2024 under standard operational conditions. Police report filed: No. Independent witness present: No. Total estimated repair and indemnity loss assessed at €3,915.44.",0
CLM-01166,CUST_08817,Fire_Property,1,1,6,21478.89,Kitchen Fire,Moderate,2024-09-15,2024-09-15,0,Yes,No,"Kitchen grease fire ignited on stovetop, spreading quickly to cabinetry and extractor hood before local brigade extinguished blaze. Insured (40-50 years, Large family, employed child). Incident occurred on September 15, 2024 under standard operational conditions. Police report filed: Yes. Independent witness present: No. Total estimated repair and indemnity loss assessed at €21,478.89.",0
CLM-01167,CUST_02728,Fire_Property,2,4,4,4387.06,Smoke Ingress,Minor,2024-01-25,2024-01-26,1,No,No,"Minor chimney soot flare caused interior smoke staining across living room walls, upholstery, and drapes; no structural flames. Insured (40-50 years, Modern, complete families). Incident occurred on January 25, 2024 under standard operational conditions. Police report filed: No. Independent witness present: No. Total estimated repair and indemnity loss assessed at €4,387.06.",0
CLM-01168,CUST_06873,Fire_Property,1,3,6,3479.71,Smoke Ingress,Minor,2024-11-16,2024-11-20,4,No,Yes,"Minor chimney soot flare caused interior smoke staining across living room walls, upholstery, and drapes; no structural flames. Insured (30-40 years, Young all american family). Incident occurred on November 16, 2024 under standard operational conditions. Police report filed: No. Independent witness present: Yes. Total estimated repair and indemnity loss assessed at €3,479.71.",0
CLM-01169,CUST_01132,Fire_Property,1,4,4,10209.31,Water Leak/Flooding,Moderate,2024-05-13,2024-05-14,1,No,Yes,"Water pipe ruptured in second-floor bathroom during deep freeze, causing cascading water damage through ceiling onto hardwood floors. Insured (30-40 years, Modern, complete families). Incident occurred on May 13, 2024 under standard operational conditions. Police report filed: No. Independent witness present: Yes. Total estimated repair and indemnity loss assessed at €10,209.31.",0
CLM-01170,CUST_03128,Fire_Property,0,0,1,3370.74,Smoke Ingress,Minor,2024-07-27,2024-08-03,7,No,No,"Minor chimney soot flare caused interior smoke staining across living room walls, upholstery, and drapes; no structural flames. Insured (50-60 years, Own home elderly). Incident occurred on July 27, 2024 under standard operational conditions. Police report filed: No. Independent witness present: No. Total estimated repair and indemnity loss assessed at €3,370.74.",0
CLM-01171,CUST_05963,Fire_Property,1,4,7,29111.43,Lightning/Structure Fire,Severe,2024-02-15,2024-02-17,2,Yes,Yes,"Lightning strike ignited secondary residential garage roof, destroying stored tools, lawn equipment, and structural roofing rafters. Insured (40-50 years, Middle class families). Incident occurred on February 15, 2024 under standard operational conditions. Police report filed: Yes. Independent witness present: Yes. Total estimated repair and indemnity loss assessed at €29,111.43.",0
CLM-01172,CUST_00280,Fire_Property,0,0,4,33493.11,Electrical Fire,Severe,2024-04-18,2024-04-20,2,Yes,Yes,"Faulty electrical wiring in attic sparked smoldering insulation fire, resulting in heavy ceiling collapse and structural timber charring. Insured (40-50 years, Modern, complete families). Incident occurred on April 18, 2024 under standard operational conditions. Police report filed: Yes. Independent witness present: Yes. Total estimated repair and indemnity loss assessed at €33,493.11.",0
CLM-01173,CUST_08143,Fire_Property,1,6,8,40666.21,Electrical Fire,Severe,2024-02-15,2024-02-19,4,Yes,No,"Faulty electrical wiring in attic sparked smoldering insulation fire, resulting in heavy ceiling collapse and structural timber charring. Insured (40-50 years, High Income, expensive child). Incident occurred on February 15, 2024 under standard operational conditions. Police report filed: Yes. Independent witness present: No. Total estimated repair and indemnity loss assessed at €40,666.21.",0
CLM-01174,CUST_06372,Fire_Property,1,3,3,11218.33,Kitchen Fire,Moderate,2024-03-01,2024-03-03,2,Yes,No,"Kitchen grease fire ignited on stovetop, spreading quickly to cabinetry and extractor hood before local brigade extinguished blaze. Insured (40-50 years, Lower class large families). Incident occurred on March 01, 2024 under standard operational conditions. Police report filed: Yes. Independent witness present: No. Total estimated repair and indemnity loss assessed at €11,218.33.",0
CLM-01175,CUST_07125,Fire_Property,2,4,3,8607.16,Kitchen Fire,Moderate,2024-08-19,2024-08-22,3,Yes,No,"Kitchen grease fire ignited on stovetop, spreading quickly to cabinetry and extractor hood before local brigade extinguished blaze. Insured (40-50 years, Lower class large families). Incident occurred on August 19, 2024 under standard operational conditions. Police report filed: Yes. Independent witness present: No. Total estimated repair and indemnity loss assessed at €8,607.16.",0
CLM-01176,CUST_05918,Fire_Property,1,4,3,10736.96,Kitchen Fire,Moderate,2024-06-20,2024-06-20,0,Yes,No,"Kitchen grease fire ignited on stovetop, spreading quickly to cabinetry and extractor hood before local brigade extinguished blaze. Insured (40-50 years, Lower class large families). Incident occurred on June 20, 2024 under standard operational conditions. Police report filed: Yes. Independent witness present: No. Total estimated repair and indemnity loss assessed at €10,736.96.",0
CLM-01177,CUST_07486,Fire_Property,2,4,6,3803.72,Water Leak/Flooding,Moderate,2024-11-02,2024-11-06,4,Yes,No,"Water pipe ruptured in second-floor bathroom during deep freeze, causing cascading water damage through ceiling onto hardwood floors. Insured (50-60 years, High status seniors). Incident occurred on November 02, 2024 under standard operational conditions. Police report filed: Yes. Independent witness present: No. Total estimated repair and indemnity loss assessed at €3,803.72.",0
CLM-01178,CUST_07744,Fire_Property,1,2,6,7556.65,Water Leak/Flooding,Moderate,2024-11-10,2024-11-17,7,Yes,Yes,"Water pipe ruptured in second-floor bathroom during deep freeze, causing cascading water damage through ceiling onto hardwood floors. Insured (30-40 years, Large family, employed child). Incident occurred on November 10, 2024 under standard operational conditions. Police report filed: Yes. Independent witness present: Yes. Total estimated repair and indemnity loss assessed at €7,556.65.",0
CLM-01179,CUST_06373,Fire_Property,1,3,5,5419.94,Water Leak/Flooding,Moderate,2024-06-11,2024-06-12,1,No,No,"Water pipe ruptured in second-floor bathroom during deep freeze, causing cascading water damage through ceiling onto hardwood floors. Insured (40-50 years, Village families). Incident occurred on June 11, 2024 under standard operational conditions. Police report filed: No. Independent witness present: No. Total estimated repair and indemnity loss assessed at €5,419.94.",0
CLM-01180,CUST_01721,Fire_Property,1,3,3,1895.59,Smoke Ingress,Minor,2024-11-15,2024-11-20,5,No,No,"Minor chimney soot flare caused interior smoke staining across living room walls, upholstery, and drapes; no structural flames. Insured (50-60 years, Couples with teens 'Married with children'). Incident occurred on November 15, 2024 under standard operational conditions. Police report filed: No. Independent witness present: No. Total estimated repair and indemnity loss assessed at €1,895.59.",0
CLM-01181,CUST_03477,Fire_Property,0,0,4,13599.09,Smoke Ingress,Minor,2024-04-23,2024-04-28,5,No,Yes,"Minor chimney soot flare caused interior smoke staining across living room walls, upholstery, and drapes; no structural flames. Insured (40-50 years, Modern, complete families). Incident occurred on April 23, 2024 under standard operational conditions. Police report filed: No. Independent witness present: Yes. Total estimated repair and indemnity loss assessed at €13,599.09.",0
CLM-01182,CUST_05895,Fire_Property,1,2,8,4138.4,Smoke Ingress,Minor,2024-12-11,2024-12-16,5,No,Yes,"Minor chimney soot flare caused interior smoke staining across living room walls, upholstery, and drapes; no structural flames. Insured (40-50 years, Stable family). Incident occurred on December 11, 2024 under standard operational conditions. Police report filed: No. Independent witness present: Yes. Total estimated repair and indemnity loss assessed at €4,138.40.",0
CLM-01183,CUST_04263,Fire_Property,1,4,5,16132.42,Kitchen Fire,Moderate,2024-12-08,2024-12-15,7,Yes,Yes,"Kitchen grease fire ignited on stovetop, spreading quickly to cabinetry and extractor hood before local brigade extinguished blaze. Insured (40-50 years, Village families). Incident occurred on December 08, 2024 under standard operational conditions. Police report filed: Yes. Independent witness present: Yes. Total estimated repair and indemnity loss assessed at €16,132.42.",0
CLM-01184,CUST_09117,Fire_Property,1,2,2,1324.02,Smoke Ingress,Minor,2024-02-22,2024-02-28,6,No,No,"Minor chimney soot flare caused interior smoke staining across living room walls, upholstery, and drapes; no structural flames. Insured (40-50 years, Mixed apartment dwellers). Incident occurred on February 22, 2024 under standard operational conditions. Police report filed: No. Independent witness present: No. Total estimated repair and indemnity loss assessed at €1,324.02.",0
CLM-01185,CUST_08404,Fire_Property,1,5,6,8046.67,Kitchen Fire,Moderate,2024-01-11,2024-01-16,5,No,No,"Kitchen grease fire ignited on stovetop, spreading quickly to cabinetry and extractor hood before local brigade extinguished blaze. Insured (60-70 years, Very Important Provincials). Incident occurred on January 11, 2024 under standard operational conditions. Police report filed: No. Independent witness present: No. Total estimated repair and indemnity loss assessed at €8,046.67.",0
CLM-01186,CUST_02631,Fire_Property,1,4,5,11178.16,Water Leak/Flooding,Moderate,2024-01-18,2024-01-19,1,No,No,"Water pipe ruptured in second-floor bathroom during deep freeze, causing cascading water damage through ceiling onto hardwood floors. Insured (50-60 years, Village families). Incident occurred on January 18, 2024 under standard operational conditions. Police report filed: No. Independent witness present: No. Total estimated repair and indemnity loss assessed at €11,178.16.",0
CLM-01187,CUST_04004,Fire_Property,0,0,3,15400.48,Smoke Ingress,Minor,2024-07-01,2024-07-05,4,Yes,Yes,"Minor chimney soot flare caused interior smoke staining across living room walls, upholstery, and drapes; no structural flames. Insured (40-50 years, Couples with teens 'Married with children'). Incident occurred on July 01, 2024 under standard operational conditions. Police report filed: Yes. Independent witness present: Yes. Total estimated repair and indemnity loss assessed at €15,400.48.",0
CLM-01188,CUST_06612,Fire_Property,1,2,2,2602.6,Smoke Ingress,Minor,2024-02-27,2024-02-28,1,Yes,Yes,"Minor chimney soot flare caused interior smoke staining across living room walls, upholstery, and drapes; no structural flames. Insured (40-50 years, Young, low educated). Incident occurred on February 27, 2024 under standard operational conditions. Police report filed: Yes. Independent witness present: Yes. Total estimated repair and indemnity loss assessed at €2,602.60.",0
CLM-01189,CUST_02504,Fire_Property,1,3,4,13975.23,Kitchen Fire,Moderate,2024-04-16,2024-04-21,5,Yes,No,"Kitchen grease fire ignited on stovetop, spreading quickly to cabinetry and extractor hood before local brigade extinguished blaze. Insured (30-40 years, Modern, complete families). Incident occurred on April 16, 2024 under standard operational conditions. Police report filed: Yes. Independent witness present: No. Total estimated repair and indemnity loss assessed at €13,975.23.",0
CLM-01190,CUST_07637,Fire_Property,1,2,2,1896.07,Smoke Ingress,Minor,2024-02-21,2024-02-23,2,No,No,"Minor chimney soot flare caused interior smoke staining across living room walls, upholstery, and drapes; no structural flames. Insured (20-30 years, Young, low educated). Incident occurred on February 21, 2024 under standard operational conditions. Police report filed: No. Independent witness present: No. Total estimated repair and indemnity loss assessed at €1,896.07.",0
CLM-01191,CUST_01809,Fire_Property,1,5,7,39159.13,Electrical Fire,Severe,2024-08-13,2024-08-19,6,Yes,Yes,"Faulty electrical wiring in attic sparked smoldering insulation fire, resulting in heavy ceiling collapse and structural timber charring. Insured (40-50 years, Affluent young families). Incident occurred on August 13, 2024 under standard operational conditions. Police report filed: Yes. Independent witness present: Yes. Total estimated repair and indemnity loss assessed at €39,159.13.",1
CLM-01192,CUST_07150,Fire_Property,1,3,3,11407.8,Lightning/Structure Fire,Severe,2024-05-27,2024-05-29,2,Yes,Yes,"Lightning strike ignited secondary residential garage roof, destroying stored tools, lawn equipment, and structural roofing rafters. Insured (30-40 years, Large family farms). Incident occurred on May 27, 2024 under standard operational conditions. Police report filed: Yes. Independent witness present: Yes. Total estimated repair and indemnity loss assessed at €11,407.80.",0
CLM-01193,CUST_06272,Fire_Property,1,2,4,16309.06,Lightning/Structure Fire,Severe,2024-11-19,2024-11-22,3,Yes,Yes,"Lightning strike ignited secondary residential garage roof, destroying stored tools, lawn equipment, and structural roofing rafters. Insured (50-60 years, Mixed rurals). Incident occurred on November 19, 2024 under standard operational conditions. Police report filed: Yes. Independent witness present: Yes. Total estimated repair and indemnity loss assessed at €16,309.06.",0
CLM-01194,CUST_08006,Fire_Property,1,1,2,2991.79,Smoke Ingress,Minor,2024-04-27,2024-04-29,2,No,No,"Minor chimney soot flare caused interior smoke staining across living room walls, upholstery, and drapes; no structural flames. Insured (30-40 years, Young, low educated). Incident occurred on April 27, 2024 under standard operational conditions. Police report filed: No. Independent witness present: No. Total estimated repair and indemnity loss assessed at €2,991.79.",0
CLM-01195,CUST_06930,Fire_Property,1,3,6,3727.62,Water Leak/Flooding,Moderate,2024-12-16,2024-12-21,5,Yes,No,"Water pipe ruptured in second-floor bathroom during deep freeze, causing cascading water damage through ceiling onto hardwood floors. Insured (30-40 years, Very Important Provincials). Incident occurred on December 16, 2024 under standard operational conditions. Police report filed: Yes. Independent witness present: No. Total estimated repair and indemnity loss assessed at €3,727.62.",0
CLM-01196,CUST_00152,Fire_Property,1,3,6,9421.33,Water Leak/Flooding,Moderate,2024-02-06,2024-02-07,1,No,No,"Water pipe ruptured in second-floor bathroom during deep freeze, causing cascading water damage through ceiling onto hardwood floors. Insured (50-60 years, High status seniors). Incident occurred on February 06, 2024 under standard operational conditions. Police report filed: No. Independent witness present: No. Total estimated repair and indemnity loss assessed at €9,421.33.",0
CLM-01197,CUST_02458,Fire_Property,1,4,4,3053.34,Smoke Ingress,Minor,2024-02-02,2024-02-08,6,Yes,Yes,"Minor chimney soot flare caused interior smoke staining across living room walls, upholstery, and drapes; no structural flames. Insured (40-50 years, Traditional families). Incident occurred on February 02, 2024 under standard operational conditions. Police report filed: Yes. Independent witness present: Yes. Total estimated repair and indemnity loss assessed at €3,053.34.",0
CLM-01198,CUST_00840,Fire_Property,1,3,3,9734.97,Water Leak/Flooding,Moderate,2024-06-01,2024-06-07,6,No,No,"Water pipe ruptured in second-floor bathroom during deep freeze, causing cascading water damage through ceiling onto hardwood floors. Insured (30-40 years, Couples with teens 'Married with children'). Incident occurred on June 01, 2024 under standard operational conditions. Police report filed: No. Independent witness present: No. Total estimated repair and indemnity loss assessed at €9,734.97.",0
CLM-01199,CUST_04743,Fire_Property,1,4,8,24831.31,Lightning/Structure Fire,Severe,2024-01-06,2024-01-10,4,Yes,Yes,"Lightning strike ignited secondary residential garage roof, destroying stored tools, lawn equipment, and structural roofing rafters. Insured (30-40 years, Career and childcare). Incident occurred on January 06, 2024 under standard operational conditions. Police report filed: Yes. Independent witness present: Yes. Total estimated repair and indemnity loss assessed at €24,831.31.",0
CLM-01200,CUST_06738,Fire_Property,2,4,6,51485.54,Electrical Fire,Severe,2024-10-06,2024-10-13,7,Yes,No,"Faulty electrical wiring in attic sparked smoldering insulation fire, resulting in heavy ceiling collapse and structural timber charring. Insured (40-50 years, Family starters). Incident occurred on October 06, 2024 under standard operational conditions. Police report filed: Yes. Independent witness present: No. Total estimated repair and indemnity loss assessed at €51,485.54.",0
CLM-01201,CUST_09753,Fire_Property,1,4,3,3190.96,Smoke Ingress,Minor,2024-04-12,2024-04-16,4,Yes,Yes,"Minor chimney soot flare caused interior smoke staining across living room walls, upholstery, and drapes; no structural flames. Insured (50-60 years, Lower class large families). Incident occurred on April 12, 2024 under standard operational conditions. Police report filed: Yes. Independent witness present: Yes. Total estimated repair and indemnity loss assessed at €3,190.96.",0
CLM-01202,CUST_05889,Fire_Property,1,4,4,31756.54,Electrical Fire,Severe,2024-09-24,2024-09-28,4,Yes,Yes,"Faulty electrical wiring in attic sparked smoldering insulation fire, resulting in heavy ceiling collapse and structural timber charring. Insured (40-50 years, Modern, complete families). Incident occurred on September 24, 2024 under standard operational conditions. Police report filed: Yes. Independent witness present: Yes. Total estimated repair and indemnity loss assessed at €31,756.54.",0
CLM-01203,CUST_07867,Fire_Property,1,3,5,23058.38,Lightning/Structure Fire,Severe,2024-03-23,2024-05-31,69,No,No,"Lightning strike ignited secondary residential garage roof, destroying stored tools, lawn equipment, and structural roofing rafters. Insured (30-40 years, Large religious families). Incident occurred on March 23, 2024 under standard operational conditions. Police report filed: No. Independent witness present: No. Total estimated repair and indemnity loss assessed at €23,058.38.",0
CLM-01204,CUST_06383,Fire_Property,1,4,4,10065.23,Water Leak/Flooding,Moderate,2024-02-27,2024-02-27,0,No,No,"Water pipe ruptured in second-floor bathroom during deep freeze, causing cascading water damage through ceiling onto hardwood floors. Insured (40-50 years, Mixed small town dwellers). Incident occurred on February 27, 2024 under standard operational conditions. Police report filed: No. Independent witness present: No. Total estimated repair and indemnity loss assessed at €10,065.23.",0
CLM-01205,CUST_05344,Fire_Property,1,2,3,11219.87,Kitchen Fire,Moderate,2024-01-26,2024-01-27,1,No,No,"Kitchen grease fire ignited on stovetop, spreading quickly to cabinetry and extractor hood before local brigade extinguished blaze. Insured (30-40 years, Lower class large families). Incident occurred on January 26, 2024 under standard operational conditions. Police report filed: No. Independent witness present: No. Total estimated repair and indemnity loss assessed at €11,219.87.",0
CLM-01206,CUST_00068,Fire_Property,1,4,6,3110.56,Smoke Ingress,Minor,2024-06-23,2024-06-26,3,Yes,No,"Minor chimney soot flare caused interior smoke staining across living room walls, upholstery, and drapes; no structural flames. Insured (40-50 years, Young all american family). Incident occurred on June 23, 2024 under standard operational conditions. Police report filed: Yes. Independent witness present: No. Total estimated repair and indemnity loss assessed at €3,110.56.",0
CLM-01207,CUST_08624,Fire_Property,2,4,4,28758.09,Electrical Fire,Severe,2024-07-13,2024-07-16,3,Yes,Yes,"Faulty electrical wiring in attic sparked smoldering insulation fire, resulting in heavy ceiling collapse and structural timber charring. Insured (30-40 years, Modern, complete families). Incident occurred on July 13, 2024 under standard operational conditions. Police report filed: Yes. Independent witness present: Yes. Total estimated repair and indemnity loss assessed at €28,758.09.",0
CLM-01208,CUST_08760,Fire_Property,1,2,4,26148.09,Electrical Fire,Severe,2024-07-04,2024-07-11,7,Yes,Yes,"Faulty electrical wiring in attic sparked smoldering insulation fire, resulting in heavy ceiling collapse and structural timber charring. Insured (30-40 years, Modern, complete families). Incident occurred on July 04, 2024 under standard operational conditions. Police report filed: Yes. Independent witness present: Yes. Total estimated repair and indemnity loss assessed at €26,148.09.",0
CLM-01209,CUST_06428,Fire_Property,1,2,3,1483.52,Smoke Ingress,Minor,2024-02-12,2024-02-13,1,Yes,No,"Minor chimney soot flare caused interior smoke staining across living room walls, upholstery, and drapes; no structural flames. Insured (40-50 years, Lower class large families). Incident occurred on February 12, 2024 under standard operational conditions. Police report filed: Yes. Independent witness present: No. Total estimated repair and indemnity loss assessed at €1,483.52.",0
CLM-01210,CUST_07184,Fire_Property,1,1,3,51165.34,Electrical Fire,Severe,2024-08-17,2024-08-18,1,Yes,No,"Faulty electrical wiring in attic sparked smoldering insulation fire, resulting in heavy ceiling collapse and structural timber charring. Insured (30-40 years, Young and rising). Incident occurred on August 17, 2024 under standard operational conditions. Police report filed: Yes. Independent witness present: No. Total estimated repair and indemnity loss assessed at €51,165.34.",0
CLM-01211,CUST_06079,Fire_Property,1,2,3,4349.18,Water Leak/Flooding,Moderate,2024-10-14,2024-10-20,6,No,No,"Water pipe ruptured in second-floor bathroom during deep freeze, causing cascading water damage through ceiling onto hardwood floors. Insured (20-30 years, Young and rising). Incident occurred on October 14, 2024 under standard operational conditions. Police report filed: No. Independent witness present: No. Total estimated repair and indemnity loss assessed at €4,349.18.",0
CLM-01212,CUST_06651,Fire_Property,1,4,7,2413.74,Smoke Ingress,Minor,2024-08-02,2024-08-04,2,Yes,Yes,"Minor chimney soot flare caused interior smoke staining across living room walls, upholstery, and drapes; no structural flames. Insured (30-40 years, Affluent young families). Incident occurred on August 02, 2024 under standard operational conditions. Police report filed: Yes. Independent witness present: Yes. Total estimated repair and indemnity loss assessed at €2,413.74.",0
CLM-01213,CUST_06913,Fire_Property,1,3,6,27057.52,Electrical Fire,Severe,2024-09-20,2024-09-21,1,Yes,Yes,"Faulty electrical wiring in attic sparked smoldering insulation fire, resulting in heavy ceiling collapse and structural timber charring. Insured (30-40 years, Large family, employed child). Incident occurred on September 20, 2024 under standard operational conditions. Police report filed: Yes. Independent witness present: Yes. Total estimated repair and indemnity loss assessed at €27,057.52.",0
CLM-01214,CUST_00469,Fire_Property,1,4,7,46324.17,Electrical Fire,Severe,2024-10-14,2024-10-19,5,Yes,Yes,"Faulty electrical wiring in attic sparked smoldering insulation fire, resulting in heavy ceiling collapse and structural timber charring. Insured (40-50 years, Middle class families). Incident occurred on October 14, 2024 under standard operational conditions. Police report filed: Yes. Independent witness present: Yes. Total estimated repair and indemnity loss assessed at €46,324.17.",0
CLM-01215,CUST_06176,Fire_Property,1,5,5,11172.73,Kitchen Fire,Moderate,2024-03-03,2024-03-08,5,No,Yes,"Kitchen grease fire ignited on stovetop, spreading quickly to cabinetry and extractor hood before local brigade extinguished blaze. Insured (40-50 years, Village families). Incident occurred on March 03, 2024 under standard operational conditions. Police report filed: No. Independent witness present: Yes. Total estimated repair and indemnity loss assessed at €11,172.73.",0
CLM-01216,CUST_01731,Fire_Property,1,3,7,32061.94,Lightning/Structure Fire,Severe,2024-06-06,2024-06-11,5,Yes,No,"Lightning strike ignited secondary residential garage roof, destroying stored tools, lawn equipment, and structural roofing rafters. Insured (40-50 years, Middle class families). Incident occurred on June 06, 2024 under standard operational conditions. Police report filed: Yes. Independent witness present: No. Total estimated repair and indemnity loss assessed at €32,061.94.",0
CLM-01217,CUST_00400,Fire_Property,1,4,3,29071.6,Electrical Fire,Severe,2024-03-14,2024-03-20,6,Yes,Yes,"Faulty electrical wiring in attic sparked smoldering insulation fire, resulting in heavy ceiling collapse and structural timber charring. Insured (30-40 years, Lower class large families). Incident occurred on March 14, 2024 under standard operational conditions. Police report filed: Yes. Independent witness present: Yes. Total estimated repair and indemnity loss assessed at €29,071.60.",0
CLM-01218,CUST_04613,Fire_Property,1,3,3,24311.95,Lightning/Structure Fire,Severe,2024-04-21,2024-04-23,2,Yes,No,"Lightning strike ignited secondary residential garage roof, destroying stored tools, lawn equipment, and structural roofing rafters. Insured (30-40 years, Young and rising). Incident occurred on April 21, 2024 under standard operational conditions. Police report filed: Yes. Independent witness present: No. Total estimated repair and indemnity loss assessed at €24,311.95.",0
CLM-01219,CUST_00975,Fire_Property,1,4,7,8240.94,Kitchen Fire,Moderate,2024-10-21,2024-10-28,7,No,No,"Kitchen grease fire ignited on stovetop, spreading quickly to cabinetry and extractor hood before local brigade extinguished blaze. Insured (40-50 years, Middle class families). Incident occurred on October 21, 2024 under standard operational conditions. Police report filed: No. Independent witness present: No. Total estimated repair and indemnity loss assessed at €8,240.94.",1
CLM-01220,CUST_09116,Fire_Property,1,3,6,58556.64,Electrical Fire,Severe,2024-03-12,2024-03-19,7,Yes,No,"Faulty electrical wiring in attic sparked smoldering insulation fire, resulting in heavy ceiling collapse and structural timber charring. Insured (40-50 years, High status seniors). Incident occurred on March 12, 2024 under standard operational conditions. Police report filed: Yes. Independent witness present: No. Total estimated repair and indemnity loss assessed at €58,556.64.",0
CLM-01221,CUST_02223,Fire_Property,1,4,7,13539.21,Lightning/Structure Fire,Severe,2024-02-16,2024-02-22,6,Yes,No,"Lightning strike ignited secondary residential garage roof, destroying stored tools, lawn equipment, and structural roofing rafters. Insured (40-50 years, Middle class families). Incident occurred on February 16, 2024 under standard operational conditions. Police report filed: Yes. Independent witness present: No. Total estimated repair and indemnity loss assessed at €13,539.21.",0
CLM-01222,CUST_05969,Fire_Property,1,2,3,23598.57,Lightning/Structure Fire,Severe,2024-10-04,2024-10-04,0,Yes,No,"Lightning strike ignited secondary residential garage roof, destroying stored tools, lawn equipment, and structural roofing rafters. Insured (30-40 years, Lower class large families). Incident occurred on October 04, 2024 under standard operational conditions. Police report filed: Yes. Independent witness present: No. Total estimated repair and indemnity loss assessed at €23,598.57.",0
CLM-01223,CUST_09715,Fire_Property,1,4,5,14852.0,Kitchen Fire,Moderate,2024-03-26,2024-03-26,0,No,Yes,"Kitchen grease fire ignited on stovetop, spreading quickly to cabinetry and extractor hood before local brigade extinguished blaze. Insured (30-40 years, Large religious families). Incident occurred on March 26, 2024 under standard operational conditions. Police report filed: No. Independent witness present: Yes. Total estimated repair and indemnity loss assessed at €14,852.00.",0
CLM-01224,CUST_01243,Fire_Property,1,3,1,39511.79,Electrical Fire,Severe,2024-11-13,2024-11-13,0,Yes,Yes,"Faulty electrical wiring in attic sparked smoldering insulation fire, resulting in heavy ceiling collapse and structural timber charring. Insured (60-70 years, Young seniors in the city). Incident occurred on November 13, 2024 under standard operational conditions. Police report filed: Yes. Independent witness present: Yes. Total estimated repair and indemnity loss assessed at €39,511.79.",0
CLM-01225,CUST_07592,Fire_Property,1,6,3,12166.21,Kitchen Fire,Moderate,2024-03-03,2024-03-05,2,Yes,No,"Kitchen grease fire ignited on stovetop, spreading quickly to cabinetry and extractor hood before local brigade extinguished blaze. Insured (50-60 years, Lower class large families). Incident occurred on March 03, 2024 under standard operational conditions. Police report filed: Yes. Independent witness present: No. Total estimated repair and indemnity loss assessed at €12,166.21.",0
CLM-01226,CUST_03698,Fire_Property,1,4,4,8180.5,Water Leak/Flooding,Moderate,2024-08-16,2024-08-17,1,No,No,"Water pipe ruptured in second-floor bathroom during deep freeze, causing cascading water damage through ceiling onto hardwood floors. Insured (40-50 years, Mixed small town dwellers). Incident occurred on August 16, 2024 under standard operational conditions. Police report filed: No. Independent witness present: No. Total estimated repair and indemnity loss assessed at €8,180.50.",0
CLM-01227,CUST_07435,Fire_Property,1,4,5,12197.15,Kitchen Fire,Moderate,2024-06-24,2024-06-30,6,Yes,No,"Kitchen grease fire ignited on stovetop, spreading quickly to cabinetry and extractor hood before local brigade extinguished blaze. Insured (40-50 years, Village families). Incident occurred on June 24, 2024 under standard operational conditions. Police report filed: Yes. Independent witness present: No. Total estimated repair and indemnity loss assessed at €12,197.15.",0
CLM-01228,CUST_05778,Fire_Property,1,4,7,155720.62,Lightning/Structure Fire,Severe,2024-10-05,2024-11-18,44,No,No,"Lightning strike ignited secondary residential garage roof, destroying stored tools, lawn equipment, and structural roofing rafters. Insured (40-50 years, Middle class families). Incident occurred on October 05, 2024 under standard operational conditions. Police report filed: No. Independent witness present: No. Total estimated repair and indemnity loss assessed at €155,720.62.",0
CLM-01229,CUST_07298,Fire_Property,0,0,4,253170.73,Electrical Fire,Severe,2024-04-03,2024-05-11,38,Yes,No,"Faulty electrical wiring in attic sparked smoldering insulation fire, resulting in heavy ceiling collapse and structural timber charring. Insured (30-40 years, Modern, complete families). Incident occurred on April 03, 2024 under standard operational conditions. Police report filed: Yes. Independent witness present: No. Total estimated repair and indemnity loss assessed at €253,170.73.",0
CLM-01230,CUST_06236,Fire_Property,1,3,3,39764.18,Lightning/Structure Fire,Severe,2024-05-13,2024-05-19,6,Yes,Yes,"Lightning strike ignited secondary residential garage roof, destroying stored tools, lawn equipment, and structural roofing rafters. Insured (40-50 years, Lower class large families). Incident occurred on May 13, 2024 under standard operational conditions. Police report filed: Yes. Independent witness present: Yes. Total estimated repair and indemnity loss assessed at €39,764.18.",0
CLM-01231,CUST_04238,Fire_Property,0,0,4,2030.38,Smoke Ingress,Minor,2024-09-16,2024-09-17,1,No,Yes,"Minor chimney soot flare caused interior smoke staining across living room walls, upholstery, and drapes; no structural flames. Insured (40-50 years, Modern, complete families). Incident occurred on September 16, 2024 under standard operational conditions. Police report filed: No. Independent witness present: Yes. Total estimated repair and indemnity loss assessed at €2,030.38.",0
CLM-01232,CUST_08344,Fire_Property,1,4,4,1770.69,Smoke Ingress,Minor,2024-02-04,2024-02-11,7,Yes,No,"Minor chimney soot flare caused interior smoke staining across living room walls, upholstery, and drapes; no structural flames. Insured (30-40 years, Traditional families). Incident occurred on February 04, 2024 under standard operational conditions. Police report filed: Yes. Independent witness present: No. Total estimated repair and indemnity loss assessed at €1,770.69.",1
CLM-01233,CUST_00288,Fire_Property,1,3,6,21373.74,Lightning/Structure Fire,Severe,2024-10-11,2024-10-12,1,Yes,Yes,"Lightning strike ignited secondary residential garage roof, destroying stored tools, lawn equipment, and structural roofing rafters. Insured (50-60 years, High status seniors). Incident occurred on October 11, 2024 under standard operational conditions. Police report filed: Yes. Independent witness present: Yes. Total estimated repair and indemnity loss assessed at €21,373.74.",0
CLM-01234,CUST_09791,Fire_Property,1,1,2,60296.8,Electrical Fire,Severe,2024-06-05,2024-06-11,6,Yes,No,"Faulty electrical wiring in attic sparked smoldering insulation fire, resulting in heavy ceiling collapse and structural timber charring. Insured (60-70 years, Young, low educated). Incident occurred on June 05, 2024 under standard operational conditions. Police report filed: Yes. Independent witness present: No. Total estimated repair and indemnity loss assessed at €60,296.80.",0
CLM-01235,CUST_03025,Fire_Property,1,2,3,254165.61,Electrical Fire,Severe,2024-05-06,2024-05-12,6,No,No,"Faulty electrical wiring in attic sparked smoldering insulation fire, resulting in heavy ceiling collapse and structural timber charring. Insured (40-50 years, Porchless seniors: no front yard). Incident occurred on May 06, 2024 under standard operational conditions. Police report filed: No. Independent witness present: No. Total estimated repair and indemnity loss assessed at €254,165.61.",0
CLM-01236,CUST_09326,Fire_Property,1,3,3,35192.93,Lightning/Structure Fire,Severe,2024-12-01,2024-12-03,2,Yes,Yes,"Lightning strike ignited secondary residential garage roof, destroying stored tools, lawn equipment, and structural roofing rafters. Insured (40-50 years, Lower class large families). Incident occurred on December 01, 2024 under standard operational conditions. Police report filed: Yes. Independent witness present: Yes. Total estimated repair and indemnity loss assessed at €35,192.93.",1
CLM-01237,CUST_04126,Fire_Property,1,4,3,54003.5,Water Leak/Flooding,Moderate,2024-06-29,2024-07-02,3,No,Yes,"Water pipe ruptured in second-floor bathroom during deep freeze, causing cascading water damage through ceiling onto hardwood floors. Insured (40-50 years, Lower class large families). Incident occurred on June 29, 2024 under standard operational conditions. Police report filed: No. Independent witness present: Yes. Total estimated repair and indemnity loss assessed at €54,003.50.",0
CLM-01238,CUST_08075,Fire_Property,1,4,7,6993.95,Water Leak/Flooding,Moderate,2024-02-06,2024-02-10,4,Yes,No,"Water pipe ruptured in second-floor bathroom during deep freeze, causing cascading water damage through ceiling onto hardwood floors. Insured (30-40 years, Middle class families). Incident occurred on February 06, 2024 under standard operational conditions. Police report filed: Yes. Independent witness present: No. Total estimated repair and indemnity loss assessed at €6,993.95.",0
CLM-01239,CUST_02071,Fire_Property,1,4,3,10137.15,Water Leak/Flooding,Moderate,2024-05-24,2024-05-30,6,Yes,No,"Water pipe ruptured in second-floor bathroom during deep freeze, causing cascading water damage through ceiling onto hardwood floors. Insured (40-50 years, Couples with teens 'Married with children'). Incident occurred on May 24, 2024 under standard operational conditions. Police report filed: Yes. Independent witness present: No. Total estimated repair and indemnity loss assessed at €10,137.15.",0
CLM-01240,CUST_05173,Fire_Property,1,4,8,36067.17,Lightning/Structure Fire,Severe,2024-08-20,2024-08-24,4,Yes,Yes,"Lightning strike ignited secondary residential garage roof, destroying stored tools, lawn equipment, and structural roofing rafters. Insured (40-50 years, High Income, expensive child). Incident occurred on August 20, 2024 under standard operational conditions. Police report filed: Yes. Independent witness present: Yes. Total estimated repair and indemnity loss assessed at €36,067.17.",0
CLM-01241,CUST_04867,Fire_Property,1,3,7,19046.98,Lightning/Structure Fire,Severe,2024-04-18,2024-04-25,7,Yes,No,"Lightning strike ignited secondary residential garage roof, destroying stored tools, lawn equipment, and structural roofing rafters. Insured (40-50 years, Middle class families). Incident occurred on April 18, 2024 under standard operational conditions. Police report filed: Yes. Independent witness present: No. Total estimated repair and indemnity loss assessed at €19,046.98.",0
CLM-01242,CUST_09721,Fire_Property,2,3,3,10583.89,Kitchen Fire,Moderate,2024-01-04,2024-01-06,2,No,No,"Kitchen grease fire ignited on stovetop, spreading quickly to cabinetry and extractor hood before local brigade extinguished blaze. Insured (60-70 years, Couples with teens 'Married with children'). Incident occurred on January 04, 2024 under standard operational conditions. Police report filed: No. Independent witness present: No. Total estimated repair and indemnity loss assessed at €10,583.89.",0
CLM-01243,CUST_08138,Fire_Property,1,3,8,8882.44,Kitchen Fire,Moderate,2024-11-29,2024-11-30,1,Yes,No,"Kitchen grease fire ignited on stovetop, spreading quickly to cabinetry and extractor hood before local brigade extinguished blaze. Insured (30-40 years, Affluent young families). Incident occurred on November 29, 2024 under standard operational conditions. Police report filed: Yes. Independent witness present: No. Total estimated repair and indemnity loss assessed at €8,882.44.",0
CLM-01244,CUST_05331,Fire_Property,1,1,2,1723.98,Smoke Ingress,Minor,2024-11-04,2024-11-09,5,No,Yes,"Minor chimney soot flare caused interior smoke staining across living room walls, upholstery, and drapes; no structural flames. Insured (50-60 years, Young, low educated). Incident occurred on November 04, 2024 under standard operational conditions. Police report filed: No. Independent witness present: Yes. Total estimated repair and indemnity loss assessed at €1,723.98.",0
CLM-01245,CUST_00121,Fire_Property,1,1,5,7578.25,Kitchen Fire,Moderate,2024-08-25,2024-08-30,5,Yes,No,"Kitchen grease fire ignited on stovetop, spreading quickly to cabinetry and extractor hood before local brigade extinguished blaze. Insured (40-50 years, Mixed small town dwellers). Incident occurred on August 25, 2024 under standard operational conditions. Police report filed: Yes. Independent witness present: No. Total estimated repair and indemnity loss assessed at €7,578.25.",1
CLM-01246,CUST_04245,Fire_Property,1,4,8,152563.74,Lightning/Structure Fire,Severe,2024-11-17,2024-11-20,3,Yes,Yes,"Lightning strike ignited secondary residential garage roof, destroying stored tools, lawn equipment, and structural roofing rafters. Insured (40-50 years, Stable family). Incident occurred on November 17, 2024 under standard operational conditions. Police report filed: Yes. Independent witness present: Yes. Total estimated repair and indemnity loss assessed at €152,563.74.",0
CLM-01247,CUST_00533,Fire_Property,1,2,2,21392.67,Lightning/Structure Fire,Severe,2024-09-10,2024-09-13,3,Yes,Yes,"Lightning strike ignited secondary residential garage roof, destroying stored tools, lawn equipment, and structural roofing rafters. Insured (30-40 years, Young, low educated). Incident occurred on September 10, 2024 under standard operational conditions. Police report filed: Yes. Independent witness present: Yes. Total estimated repair and indemnity loss assessed at €21,392.67.",0
CLM-01248,CUST_09608,Fire_Property,1,1,1,1956.53,Smoke Ingress,Minor,2024-02-27,2024-03-02,4,No,Yes,"Minor chimney soot flare caused interior smoke staining across living room walls, upholstery, and drapes; no structural flames. Insured (50-60 years, Residential elderly). Incident occurred on February 27, 2024 under standard operational conditions. Police report filed: No. Independent witness present: Yes. Total estimated repair and indemnity loss assessed at €1,956.53.",0
CLM-01249,CUST_08522,Fire_Property,1,2,3,8486.6,Water Leak/Flooding,Moderate,2024-10-17,2024-10-19,2,Yes,Yes,"Water pipe ruptured in second-floor bathroom during deep freeze, causing cascading water damage through ceiling onto hardwood floors. Insured (40-50 years, Lower class large families). Incident occurred on October 17, 2024 under standard operational conditions. Police report filed: Yes. Independent witness present: Yes. Total estimated repair and indemnity loss assessed at €8,486.60.",0
CLM-01250,CUST_01879,Fire_Property,1,5,6,11552.83,Lightning/Structure Fire,Severe,2024-10-19,2024-10-22,3,Yes,No,"Lightning strike ignited secondary residential garage roof, destroying stored tools, lawn equipment, and structural roofing rafters. Insured (40-50 years, Very Important Provincials). Incident occurred on October 19, 2024 under standard operational conditions. Police report filed: Yes. Independent witness present: No. Total estimated repair and indemnity loss assessed at €11,552.83.",0
CLM-01251,CUST_00340,Fire_Property,1,4,8,9470.46,Water Leak/Flooding,Moderate,2024-11-11,2024-11-15,4,No,Yes,"Water pipe ruptured in second-floor bathroom during deep freeze, causing cascading water damage through ceiling onto hardwood floors. Insured (40-50 years, Career and childcare). Incident occurred on November 11, 2024 under standard operational conditions. Police report filed: No. Independent witness present: Yes. Total estimated repair and indemnity loss assessed at €9,470.46.",0
CLM-01252,CUST_09644,Fire_Property,1,4,5,15750.88,Kitchen Fire,Moderate,2024-06-15,2024-06-21,6,No,No,"Kitchen grease fire ignited on stovetop, spreading quickly to cabinetry and extractor hood before local brigade extinguished blaze. Insured (40-50 years, Large religious families). Incident occurred on June 15, 2024 under standard operational conditions. Police report filed: No. Independent witness present: No. Total estimated repair and indemnity loss assessed at €15,750.88.",0
CLM-01253,CUST_07820,Fire_Property,1,4,8,1177.95,Smoke Ingress,Minor,2024-09-11,2024-09-16,5,Yes,Yes,"Minor chimney soot flare caused interior smoke staining across living room walls, upholstery, and drapes; no structural flames. Insured (40-50 years, Stable family). Incident occurred on September 11, 2024 under standard operational conditions. Police report filed: Yes. Independent witness present: Yes. Total estimated repair and indemnity loss assessed at €1,177.95.",0
CLM-01254,CUST_08047,Fire_Property,1,4,3,15317.2,Smoke Ingress,Minor,2024-06-21,2024-08-31,71,Yes,Yes,"Minor chimney soot flare caused interior smoke staining across living room walls, upholstery, and drapes; no structural flames. Insured (30-40 years, Lower class large families). Incident occurred on June 21, 2024 under standard operational conditions. Police report filed: Yes. Independent witness present: Yes. Total estimated repair and indemnity loss assessed at €15,317.20.",0
CLM-01255,CUST_06397,Fire_Property,1,4,5,17524.51,Kitchen Fire,Moderate,2024-05-08,2024-05-11,3,Yes,No,"Kitchen grease fire ignited on stovetop, spreading quickly to cabinetry and extractor hood before local brigade extinguished blaze. Insured (60-70 years, Large religious families). Incident occurred on May 08, 2024 under standard operational conditions. Police report filed: Yes. Independent witness present: No. Total estimated repair and indemnity loss assessed at €17,524.51.",0
CLM-01256,CUST_09416,Fire_Property,1,4,1,6556.62,Kitchen Fire,Moderate,2024-01-16,2024-01-23,7,No,Yes,"Kitchen grease fire ignited on stovetop, spreading quickly to cabinetry and extractor hood before local brigade extinguished blaze. Insured (40-50 years, Mixed seniors). Incident occurred on January 16, 2024 under standard operational conditions. Police report filed: No. Independent witness present: Yes. Total estimated repair and indemnity loss assessed at €6,556.62.",0
CLM-01257,CUST_09422,Fire_Property,1,4,4,36420.58,Lightning/Structure Fire,Severe,2024-05-09,2024-05-12,3,Yes,Yes,"Lightning strike ignited secondary residential garage roof, destroying stored tools, lawn equipment, and structural roofing rafters. Insured (40-50 years, Mixed small town dwellers). Incident occurred on May 09, 2024 under standard operational conditions. Police report filed: Yes. Independent witness present: Yes. Total estimated repair and indemnity loss assessed at €36,420.58.",0
CLM-01258,CUST_05145,Fire_Property,1,2,4,12885.59,Kitchen Fire,Moderate,2024-06-20,2024-06-23,3,Yes,No,"Kitchen grease fire ignited on stovetop, spreading quickly to cabinetry and extractor hood before local brigade extinguished blaze. Insured (40-50 years, Traditional families). Incident occurred on June 20, 2024 under standard operational conditions. Police report filed: Yes. Independent witness present: No. Total estimated repair and indemnity loss assessed at €12,885.59.",0
CLM-01259,CUST_09403,Fire_Property,1,4,6,2402.24,Smoke Ingress,Minor,2024-10-24,2024-10-25,1,Yes,Yes,"Minor chimney soot flare caused interior smoke staining across living room walls, upholstery, and drapes; no structural flames. Insured (50-60 years, Affluent senior apartments). Incident occurred on October 24, 2024 under standard operational conditions. Police report filed: Yes. Independent witness present: Yes. Total estimated repair and indemnity loss assessed at €2,402.24.",0
CLM-01260,CUST_05699,Fire_Property,1,3,1,21633.85,Lightning/Structure Fire,Severe,2024-02-04,2024-02-06,2,Yes,Yes,"Lightning strike ignited secondary residential garage roof, destroying stored tools, lawn equipment, and structural roofing rafters. Insured (50-60 years, Low income catholics). Incident occurred on February 04, 2024 under standard operational conditions. Police report filed: Yes. Independent witness present: Yes. Total estimated repair and indemnity loss assessed at €21,633.85.",0
CLM-01261,CUST_06678,Fire_Property,1,4,5,14512.47,Kitchen Fire,Moderate,2024-06-04,2024-06-10,6,Yes,Yes,"Kitchen grease fire ignited on stovetop, spreading quickly to cabinetry and extractor hood before local brigade extinguished blaze. Insured (40-50 years, Large religious families). Incident occurred on June 04, 2024 under standard operational conditions. Police report filed: Yes. Independent witness present: Yes. Total estimated repair and indemnity loss assessed at €14,512.47.",0
CLM-01262,CUST_08435,Fire_Property,1,5,8,12842.02,Kitchen Fire,Moderate,2024-05-31,2024-06-06,6,No,Yes,"Kitchen grease fire ignited on stovetop, spreading quickly to cabinetry and extractor hood before local brigade extinguished blaze. Insured (30-40 years, Career and childcare). Incident occurred on May 31, 2024 under standard operational conditions. Police report filed: No. Independent witness present: Yes. Total estimated repair and indemnity loss assessed at €12,842.02.",0
CLM-01263,CUST_06210,Fire_Property,1,2,5,39366.32,Electrical Fire,Severe,2024-11-03,2024-11-03,0,Yes,No,"Faulty electrical wiring in attic sparked smoldering insulation fire, resulting in heavy ceiling collapse and structural timber charring. Insured (40-50 years, Village families). Incident occurred on November 03, 2024 under standard operational conditions. Police report filed: Yes. Independent witness present: No. Total estimated repair and indemnity loss assessed at €39,366.32.",0
CLM-01264,CUST_06458,Fire_Property,1,4,5,5966.11,Water Leak/Flooding,Moderate,2024-11-14,2024-11-15,1,No,Yes,"Water pipe ruptured in second-floor bathroom during deep freeze, causing cascading water damage through ceiling onto hardwood floors. Insured (40-50 years, Large religious families). Incident occurred on November 14, 2024 under standard operational conditions. Police report filed: No. Independent witness present: Yes. Total estimated repair and indemnity loss assessed at €5,966.11.",1
CLM-01265,CUST_04961,Fire_Property,1,4,6,9018.21,Water Leak/Flooding,Moderate,2024-04-09,2024-04-10,1,Yes,Yes,"Water pipe ruptured in second-floor bathroom during deep freeze, causing cascading water damage through ceiling onto hardwood floors. Insured (30-40 years, Dinki's (double income no kids)). Incident occurred on April 09, 2024 under standard operational conditions. Police report filed: Yes. Independent witness present: Yes. Total estimated repair and indemnity loss assessed at €9,018.21.",0
CLM-01266,CUST_00975,Fire_Property,1,4,7,4585.6,Water Leak/Flooding,Moderate,2024-04-10,2024-04-12,2,No,No,"Water pipe ruptured in second-floor bathroom during deep freeze, causing cascading water damage through ceiling onto hardwood floors. Insured (40-50 years, Middle class families). Incident occurred on April 10, 2024 under standard operational conditions. Police report filed: No. Independent witness present: No. Total estimated repair and indemnity loss assessed at €4,585.60.",0
CLM-01267,CUST_09327,Fire_Property,1,2,4,2710.34,Smoke Ingress,Minor,2024-04-06,2024-04-09,3,Yes,Yes,"Minor chimney soot flare caused interior smoke staining across living room walls, upholstery, and drapes; no structural flames. Insured (40-50 years, Modern, complete families). Incident occurred on April 06, 2024 under standard operational conditions. Police report filed: Yes. Independent witness present: Yes. Total estimated repair and indemnity loss assessed at €2,710.34.",0
CLM-01268,CUST_07811,Fire_Property,0,0,4,4589.06,Water Leak/Flooding,Moderate,2024-07-03,2024-07-05,2,Yes,No,"Water pipe ruptured in second-floor bathroom during deep freeze, causing cascading water damage through ceiling onto hardwood floors. Insured (30-40 years, Traditional families). Incident occurred on July 03, 2024 under standard operational conditions. Police report filed: Yes. Independent witness present: No. Total estimated repair and indemnity loss assessed at €4,589.06.",1
CLM-01269,CUST_05176,Fire_Property,1,4,4,17155.76,Lightning/Structure Fire,Severe,2024-07-08,2024-07-08,0,Yes,Yes,"Lightning strike ignited secondary residential garage roof, destroying stored tools, lawn equipment, and structural roofing rafters. Insured (40-50 years, Modern, complete families). Incident occurred on July 08, 2024 under standard operational conditions. Police report filed: Yes. Independent witness present: Yes. Total estimated repair and indemnity loss assessed at €17,155.76.",0
CLM-01270,CUST_08438,Fire_Property,1,2,1,16562.42,Kitchen Fire,Moderate,2024-04-11,2024-04-14,3,Yes,No,"Kitchen grease fire ignited on stovetop, spreading quickly to cabinetry and extractor hood before local brigade extinguished blaze. Insured (50-60 years, Low income catholics). Incident occurred on April 11, 2024 under standard operational conditions. Police report filed: Yes. Independent witness present: No. Total estimated repair and indemnity loss assessed at €16,562.42.",0
CLM-01271,CUST_07174,Fire_Property,1,4,8,4108.74,Smoke Ingress,Minor,2024-11-04,2024-11-09,5,No,No,"Minor chimney soot flare caused interior smoke staining across living room walls, upholstery, and drapes; no structural flames. Insured (40-50 years, Stable family). Incident occurred on November 04, 2024 under standard operational conditions. Police report filed: No. Independent witness present: No. Total estimated repair and indemnity loss assessed at €4,108.74.",0
CLM-01272,CUST_02427,Fire_Property,1,4,3,14741.12,Kitchen Fire,Moderate,2024-08-21,2024-08-21,0,No,Yes,"Kitchen grease fire ignited on stovetop, spreading quickly to cabinetry and extractor hood before local brigade extinguished blaze. Insured (40-50 years, Lower class large families). Incident occurred on August 21, 2024 under standard operational conditions. Police report filed: No. Independent witness present: Yes. Total estimated repair and indemnity loss assessed at €14,741.12.",0
CLM-01273,CUST_09612,Fire_Property,1,4,8,24464.56,Electrical Fire,Severe,2024-04-28,2024-05-05,7,Yes,Yes,"Faulty electrical wiring in attic sparked smoldering insulation fire, resulting in heavy ceiling collapse and structural timber charring. Insured (40-50 years, Career and childcare). Incident occurred on April 28, 2024 under standard operational conditions. Police report filed: Yes. Independent witness present: Yes. Total estimated repair and indemnity loss assessed at €24,464.56.",0
CLM-01274,CUST_05015,Fire_Property,1,4,8,2771.41,Smoke Ingress,Minor,2024-04-16,2024-04-22,6,Yes,Yes,"Minor chimney soot flare caused interior smoke staining across living room walls, upholstery, and drapes; no structural flames. Insured (40-50 years, High Income, expensive child). Incident occurred on April 16, 2024 under standard operational conditions. Police report filed: Yes. Independent witness present: Yes. Total estimated repair and indemnity loss assessed at €2,771.41.",0
CLM-01275,CUST_01070,Fire_Property,1,2,1,30824.78,Lightning/Structure Fire,Severe,2024-01-17,2024-01-18,1,Yes,Yes,"Lightning strike ignited secondary residential garage roof, destroying stored tools, lawn equipment, and structural roofing rafters. Insured (50-60 years, Low income catholics). Incident occurred on January 17, 2024 under standard operational conditions. Police report filed: Yes. Independent witness present: Yes. Total estimated repair and indemnity loss assessed at €30,824.78.",0
CLM-01276,CUST_02894,Fire_Property,1,4,8,8940.81,Water Leak/Flooding,Moderate,2024-07-04,2024-07-04,0,Yes,Yes,"Water pipe ruptured in second-floor bathroom during deep freeze, causing cascading water damage through ceiling onto hardwood floors. Insured (40-50 years, Stable family). Incident occurred on July 04, 2024 under standard operational conditions. Police report filed: Yes. Independent witness present: Yes. Total estimated repair and indemnity loss assessed at €8,940.81.",0
CLM-01277,CUST_02624,Fire_Property,1,3,1,60472.62,Electrical Fire,Severe,2024-05-15,2024-05-17,2,Yes,No,"Faulty electrical wiring in attic sparked smoldering insulation fire, resulting in heavy ceiling collapse and structural timber charring. Insured (40-50 years, Low income catholics). Incident occurred on May 15, 2024 under standard operational conditions. Police report filed: Yes. Independent witness present: No. Total estimated repair and indemnity loss assessed at €60,472.62.",0
CLM-01278,CUST_03707,Fire_Property,1,3,6,39286.5,Electrical Fire,Severe,2024-04-11,2024-04-11,0,Yes,Yes,"Faulty electrical wiring in attic sparked smoldering insulation fire, resulting in heavy ceiling collapse and structural timber charring. Insured (30-40 years, Young all american family). Incident occurred on April 11, 2024 under standard operational conditions. Police report filed: Yes. Independent witness present: Yes. Total estimated repair and indemnity loss assessed at €39,286.50.",0
CLM-01279,CUST_01479,Fire_Property,1,1,2,11364.22,Kitchen Fire,Moderate,2024-12-13,2024-12-15,2,No,Yes,"Kitchen grease fire ignited on stovetop, spreading quickly to cabinetry and extractor hood before local brigade extinguished blaze. Insured (30-40 years, Mixed apartment dwellers). Incident occurred on December 13, 2024 under standard operational conditions. Police report filed: No. Independent witness present: Yes. Total estimated repair and indemnity loss assessed at €11,364.22.",0
CLM-01280,CUST_03132,Fire_Property,1,3,3,19607.07,Lightning/Structure Fire,Severe,2024-08-22,2024-08-25,3,Yes,No,"Lightning strike ignited secondary residential garage roof, destroying stored tools, lawn equipment, and structural roofing rafters. Insured (50-60 years, Lower class large families). Incident occurred on August 22, 2024 under standard operational conditions. Police report filed: Yes. Independent witness present: No. Total estimated repair and indemnity loss assessed at €19,607.07.",0
CLM-01281,CUST_02578,Fire_Property,1,4,3,8917.91,Water Leak/Flooding,Moderate,2024-11-16,2024-11-22,6,Yes,Yes,"Water pipe ruptured in second-floor bathroom during deep freeze, causing cascading water damage through ceiling onto hardwood floors. Insured (50-60 years, Couples with teens 'Married with children'). Incident occurred on November 16, 2024 under standard operational conditions. Police report filed: Yes. Independent witness present: Yes. Total estimated repair and indemnity loss assessed at €8,917.91.",0
CLM-01282,CUST_01935,Fire_Property,1,2,1,31762.83,Electrical Fire,Severe,2024-04-09,2024-04-15,6,Yes,No,"Faulty electrical wiring in attic sparked smoldering insulation fire, resulting in heavy ceiling collapse and structural timber charring. Insured (30-40 years, Mixed seniors). Incident occurred on April 09, 2024 under standard operational conditions. Police report filed: Yes. Independent witness present: No. Total estimated repair and indemnity loss assessed at €31,762.83.",0
CLM-01283,CUST_06477,Fire_Property,1,3,1,42749.2,Electrical Fire,Severe,2024-01-25,2024-01-28,3,Yes,No,"Faulty electrical wiring in attic sparked smoldering insulation fire, resulting in heavy ceiling collapse and structural timber charring. Insured (40-50 years, Young seniors in the city). Incident occurred on January 25, 2024 under standard operational conditions. Police report filed: Yes. Independent witness present: No. Total estimated repair and indemnity loss assessed at €42,749.20.",0
CLM-01284,CUST_04951,Fire_Property,1,4,6,47003.73,Electrical Fire,Severe,2024-01-29,2024-02-02,4,Yes,Yes,"Faulty electrical wiring in attic sparked smoldering insulation fire, resulting in heavy ceiling collapse and structural timber charring. Insured (40-50 years, Young all american family). Incident occurred on January 29, 2024 under standard operational conditions. Police report filed: Yes. Independent witness present: Yes. Total estimated repair and indemnity loss assessed at €47,003.73.",0
CLM-01285,CUST_08784,Fire_Property,1,5,7,2453.31,Smoke Ingress,Minor,2024-04-18,2024-04-19,1,No,Yes,"Minor chimney soot flare caused interior smoke staining across living room walls, upholstery, and drapes; no structural flames. Insured (40-50 years, Middle class families). Incident occurred on April 18, 2024 under standard operational conditions. Police report filed: No. Independent witness present: Yes. Total estimated repair and indemnity loss assessed at €2,453.31.",0
CLM-01286,CUST_05861,Fire_Property,1,2,7,4104.55,Water Leak/Flooding,Moderate,2024-07-11,2024-07-18,7,No,Yes,"Water pipe ruptured in second-floor bathroom during deep freeze, causing cascading water damage through ceiling onto hardwood floors. Insured (30-40 years, Middle class families). Incident occurred on July 11, 2024 under standard operational conditions. Police report filed: No. Independent witness present: Yes. Total estimated repair and indemnity loss assessed at €4,104.55.",0
CLM-01287,CUST_05648,Fire_Property,1,4,8,3402.62,Water Leak/Flooding,Moderate,2024-09-05,2024-09-12,7,No,No,"Water pipe ruptured in second-floor bathroom during deep freeze, causing cascading water damage through ceiling onto hardwood floors. Insured (40-50 years, Stable family). Incident occurred on September 05, 2024 under standard operational conditions. Police report filed: No. Independent witness present: No. Total estimated repair and indemnity loss assessed at €3,402.62.",0
CLM-01288,CUST_09605,Fire_Property,1,1,4,8898.38,Water Leak/Flooding,Moderate,2024-11-29,2024-11-29,0,Yes,Yes,"Water pipe ruptured in second-floor bathroom during deep freeze, causing cascading water damage through ceiling onto hardwood floors. Insured (30-40 years, Mixed rurals). Incident occurred on November 29, 2024 under standard operational conditions. Police report filed: Yes. Independent witness present: Yes. Total estimated repair and indemnity loss assessed at €8,898.38.",0
CLM-01289,CUST_06829,Fire_Property,1,4,8,24342.97,Electrical Fire,Severe,2024-07-22,2024-07-25,3,Yes,No,"Faulty electrical wiring in attic sparked smoldering insulation fire, resulting in heavy ceiling collapse and structural timber charring. Insured (40-50 years, Career and childcare). Incident occurred on July 22, 2024 under standard operational conditions. Police report filed: Yes. Independent witness present: No. Total estimated repair and indemnity loss assessed at €24,342.97.",0
CLM-01290,CUST_05697,Fire_Property,1,4,4,2515.91,Water Leak/Flooding,Moderate,2024-03-22,2024-03-27,5,No,Yes,"Water pipe ruptured in second-floor bathroom during deep freeze, causing cascading water damage through ceiling onto hardwood floors. Insured (40-50 years, Mixed small town dwellers). Incident occurred on March 22, 2024 under standard operational conditions. Police report filed: No. Independent witness present: Yes. Total estimated repair and indemnity loss assessed at €2,515.91.",0
CLM-01291,CUST_01224,Fire_Property,1,4,3,26148.63,Lightning/Structure Fire,Severe,2024-08-16,2024-08-21,5,Yes,Yes,"Lightning strike ignited secondary residential garage roof, destroying stored tools, lawn equipment, and structural roofing rafters. Insured (20-30 years, Porchless seniors: no front yard). Incident occurred on August 16, 2024 under standard operational conditions. Police report filed: Yes. Independent witness present: Yes. Total estimated repair and indemnity loss assessed at €26,148.63.",0
CLM-01292,CUST_07027,Fire_Property,1,2,4,14812.4,Water Leak/Flooding,Moderate,2024-11-15,2024-11-20,5,No,No,"Water pipe ruptured in second-floor bathroom during deep freeze, causing cascading water damage through ceiling onto hardwood floors. Insured (40-50 years, Traditional families). Incident occurred on November 15, 2024 under standard operational conditions. Police report filed: No. Independent witness present: No. Total estimated repair and indemnity loss assessed at €14,812.40.",0
CLM-01293,CUST_06180,Fire_Property,1,2,3,21071.43,Lightning/Structure Fire,Severe,2024-09-12,2024-09-17,5,Yes,No,"Lightning strike ignited secondary residential garage roof, destroying stored tools, lawn equipment, and structural roofing rafters. Insured (40-50 years, Lower class large families). Incident occurred on September 12, 2024 under standard operational conditions. Police report filed: Yes. Independent witness present: No. Total estimated repair and indemnity loss assessed at €21,071.43.",1
CLM-01294,CUST_02694,Fire_Property,1,5,3,3996.57,Smoke Ingress,Minor,2024-04-30,2024-05-04,4,Yes,No,"Minor chimney soot flare caused interior smoke staining across living room walls, upholstery, and drapes; no structural flames. Insured (50-60 years, Porchless seniors: no front yard). Incident occurred on April 30, 2024 under standard operational conditions. Police report filed: Yes. Independent witness present: No. Total estimated repair and indemnity loss assessed at €3,996.57.",1
CLM-01295,CUST_04441,Fire_Property,1,2,1,8061.12,Water Leak/Flooding,Moderate,2024-09-20,2024-09-21,1,No,Yes,"Water pipe ruptured in second-floor bathroom during deep freeze, causing cascading water damage through ceiling onto hardwood floors. Insured (30-40 years, Low income catholics). Incident occurred on September 20, 2024 under standard operational conditions. Police report filed: No. Independent witness present: Yes. Total estimated repair and indemnity loss assessed at €8,061.12.",0
CLM-01296,CUST_00719,Fire_Property,0,0,3,36677.35,Water Leak/Flooding,Moderate,2024-06-18,2024-08-09,52,Yes,Yes,"Water pipe ruptured in second-floor bathroom during deep freeze, causing cascading water damage through ceiling onto hardwood floors. Insured (40-50 years, Lower class large families). Incident occurred on June 18, 2024 under standard operational conditions. Police report filed: Yes. Independent witness present: Yes. Total estimated repair and indemnity loss assessed at €36,677.35.",0
CLM-01297,CUST_08203,Fire_Property,1,2,1,28472.61,Lightning/Structure Fire,Severe,2024-01-06,2024-01-10,4,Yes,No,"Lightning strike ignited secondary residential garage roof, destroying stored tools, lawn equipment, and structural roofing rafters. Insured (50-60 years, Seniors in apartments). Incident occurred on January 06, 2024 under standard operational conditions. Police report filed: Yes. Independent witness present: No. Total estimated repair and indemnity loss assessed at €28,472.61.",0
CLM-01298,CUST_06101,Fire_Property,1,4,5,2796.24,Smoke Ingress,Minor,2024-10-24,2024-10-24,0,No,Yes,"Minor chimney soot flare caused interior smoke staining across living room walls, upholstery, and drapes; no structural flames. Insured (40-50 years, Large religious families). Incident occurred on October 24, 2024 under standard operational conditions. Police report filed: No. Independent witness present: Yes. Total estimated repair and indemnity loss assessed at €2,796.24.",0
CLM-01299,CUST_03410,Fire_Property,1,4,3,39421.32,Electrical Fire,Severe,2024-04-18,2024-04-25,7,Yes,Yes,"Faulty electrical wiring in attic sparked smoldering insulation fire, resulting in heavy ceiling collapse and structural timber charring. Insured (40-50 years, Couples with teens 'Married with children'). Incident occurred on April 18, 2024 under standard operational conditions. Police report filed: Yes. Independent witness present: Yes. Total estimated repair and indemnity loss assessed at €39,421.32.",0
CLM-01300,CUST_08339,Fire_Property,1,4,6,3377.61,Smoke Ingress,Minor,2024-08-25,2024-08-30,5,Yes,No,"Minor chimney soot flare caused interior smoke staining across living room walls, upholstery, and drapes; no structural flames. Insured (30-40 years, Large family, employed child). Incident occurred on August 25, 2024 under standard operational conditions. Police report filed: Yes. Independent witness present: No. Total estimated repair and indemnity loss assessed at €3,377.61.",0
CLM-01301,CUST_06465,Fire_Property,1,5,3,2565.31,Smoke Ingress,Minor,2024-04-18,2024-04-25,7,No,Yes,"Minor chimney soot flare caused interior smoke staining across living room walls, upholstery, and drapes; no structural flames. Insured (40-50 years, Lower class large families). Incident occurred on April 18, 2024 under standard operational conditions. Police report filed: No. Independent witness present: Yes. Total estimated repair and indemnity loss assessed at €2,565.31.",0
CLM-01302,CUST_08686,Fire_Property,1,2,4,44352.47,Electrical Fire,Severe,2024-06-06,2024-06-06,0,Yes,No,"Faulty electrical wiring in attic sparked smoldering insulation fire, resulting in heavy ceiling collapse and structural timber charring. Insured (30-40 years, Traditional families). Incident occurred on June 06, 2024 under standard operational conditions. Police report filed: Yes. Independent witness present: No. Total estimated repair and indemnity loss assessed at €44,352.47.",0
CLM-01303,CUST_05347,Fire_Property,1,1,3,18760.32,Lightning/Structure Fire,Severe,2024-04-26,2024-05-02,6,Yes,No,"Lightning strike ignited secondary residential garage roof, destroying stored tools, lawn equipment, and structural roofing rafters. Insured (30-40 years, Young and rising). Incident occurred on April 26, 2024 under standard operational conditions. Police report filed: Yes. Independent witness present: No. Total estimated repair and indemnity loss assessed at €18,760.32.",0
CLM-01304,CUST_06094,Fire_Property,1,3,3,6071.91,Water Leak/Flooding,Moderate,2024-06-03,2024-06-08,5,Yes,Yes,"Water pipe ruptured in second-floor bathroom during deep freeze, causing cascading water damage through ceiling onto hardwood floors. Insured (40-50 years, Mixed apartment dwellers). Incident occurred on June 03, 2024 under standard operational conditions. Police report filed: Yes. Independent witness present: Yes. Total estimated repair and indemnity loss assessed at €6,071.91.",0
CLM-01305,CUST_02301,Fire_Property,1,4,7,27332.08,Lightning/Structure Fire,Severe,2024-10-18,2024-10-24,6,Yes,No,"Lightning strike ignited secondary residential garage roof, destroying stored tools, lawn equipment, and structural roofing rafters. Insured (30-40 years, Middle class families). Incident occurred on October 18, 2024 under standard operational conditions. Police report filed: Yes. Independent witness present: No. Total estimated repair and indemnity loss assessed at €27,332.08.",0
CLM-01306,CUST_05902,Fire_Property,1,6,4,8956.89,Kitchen Fire,Moderate,2024-10-01,2024-10-07,6,Yes,No,"Kitchen grease fire ignited on stovetop, spreading quickly to cabinetry and extractor hood before local brigade extinguished blaze. Insured (40-50 years, Mixed rurals). Incident occurred on October 01, 2024 under standard operational conditions. Police report filed: Yes. Independent witness present: No. Total estimated repair and indemnity loss assessed at €8,956.89.",0
CLM-01307,CUST_06820,Fire_Property,1,3,3,91736.0,Lightning/Structure Fire,Severe,2024-10-11,2024-12-23,73,No,No,"Lightning strike ignited secondary residential garage roof, destroying stored tools, lawn equipment, and structural roofing rafters. Insured (60-70 years, Couples with teens 'Married with children'). Incident occurred on October 11, 2024 under standard operational conditions. Police report filed: No. Independent witness present: No. Total estimated repair and indemnity loss assessed at €91,736.00.",0
CLM-01308,CUST_05828,Fire_Property,2,4,2,22967.05,Lightning/Structure Fire,Severe,2024-04-16,2024-04-19,3,Yes,No,"Lightning strike ignited secondary residential garage roof, destroying stored tools, lawn equipment, and structural roofing rafters. Insured (50-60 years, Religious elderly singles). Incident occurred on April 16, 2024 under standard operational conditions. Police report filed: Yes. Independent witness present: No. Total estimated repair and indemnity loss assessed at €22,967.05.",0
CLM-01309,CUST_01006,Fire_Property,1,3,4,3975.6,Smoke Ingress,Minor,2024-01-31,2024-02-05,5,Yes,Yes,"Minor chimney soot flare caused interior smoke staining across living room walls, upholstery, and drapes; no structural flames. Insured (30-40 years, Modern, complete families). Incident occurred on January 31, 2024 under standard operational conditions. Police report filed: Yes. Independent witness present: Yes. Total estimated repair and indemnity loss assessed at €3,975.60.",0
CLM-01310,CUST_06208,Fire_Property,1,1,4,3138.96,Smoke Ingress,Minor,2024-03-22,2024-03-23,1,Yes,No,"Minor chimney soot flare caused interior smoke staining across living room walls, upholstery, and drapes; no structural flames. Insured (30-40 years, Traditional families). Incident occurred on March 22, 2024 under standard operational conditions. Police report filed: Yes. Independent witness present: No. Total estimated repair and indemnity loss assessed at €3,138.96.",0
CLM-01311,CUST_00990,Fire_Property,2,4,4,3048.22,Smoke Ingress,Minor,2024-04-16,2024-04-18,2,Yes,No,"Minor chimney soot flare caused interior smoke staining across living room walls, upholstery, and drapes; no structural flames. Insured (30-40 years, Traditional families). Incident occurred on April 16, 2024 under standard operational conditions. Police report filed: Yes. Independent witness present: No. Total estimated repair and indemnity loss assessed at €3,048.22.",0
CLM-01312,CUST_07161,Fire_Property,1,4,3,45475.43,Electrical Fire,Severe,2024-11-06,2024-11-10,4,Yes,Yes,"Faulty electrical wiring in attic sparked smoldering insulation fire, resulting in heavy ceiling collapse and structural timber charring. Insured (30-40 years, Lower class large families). Incident occurred on November 06, 2024 under standard operational conditions. Police report filed: Yes. Independent witness present: Yes. Total estimated repair and indemnity loss assessed at €45,475.43.",0
CLM-01313,CUST_06931,Fire_Property,1,2,1,32241.66,Lightning/Structure Fire,Severe,2024-04-14,2024-04-14,0,Yes,Yes,"Lightning strike ignited secondary residential garage roof, destroying stored tools, lawn equipment, and structural roofing rafters. Insured (50-60 years, Mixed seniors). Incident occurred on April 14, 2024 under standard operational conditions. Police report filed: Yes. Independent witness present: Yes. Total estimated repair and indemnity loss assessed at €32,241.66.",0
CLM-01314,CUST_06027,Fire_Property,1,3,4,9749.87,Water Leak/Flooding,Moderate,2024-05-07,2024-05-12,5,No,No,"Water pipe ruptured in second-floor bathroom during deep freeze, causing cascading water damage through ceiling onto hardwood floors. Insured (40-50 years, Modern, complete families). Incident occurred on May 07, 2024 under standard operational conditions. Police report filed: No. Independent witness present: No. Total estimated repair and indemnity loss assessed at €9,749.87.",0
CLM-01315,CUST_00569,Fire_Property,1,4,3,12046.59,Kitchen Fire,Moderate,2024-05-28,2024-06-04,7,No,No,"Kitchen grease fire ignited on stovetop, spreading quickly to cabinetry and extractor hood before local brigade extinguished blaze. Insured (30-40 years, Lower class large families). Incident occurred on May 28, 2024 under standard operational conditions. Police report filed: No. Independent witness present: No. Total estimated repair and indemnity loss assessed at €12,046.59.",0
CLM-01316,CUST_02634,Fire_Property,1,4,6,1825.76,Smoke Ingress,Minor,2024-05-08,2024-05-10,2,No,No,"Minor chimney soot flare caused interior smoke staining across living room walls, upholstery, and drapes; no structural flames. Insured (60-70 years, High status seniors). Incident occurred on May 08, 2024 under standard operational conditions. Police report filed: No. Independent witness present: No. Total estimated repair and indemnity loss assessed at €1,825.76.",0
CLM-01317,CUST_02742,Fire_Property,1,3,4,5205.68,Water Leak/Flooding,Moderate,2024-02-19,2024-02-25,6,Yes,Yes,"Water pipe ruptured in second-floor bathroom during deep freeze, causing cascading water damage through ceiling onto hardwood floors. Insured (40-50 years, Modern, complete families). Incident occurred on February 19, 2024 under standard operational conditions. Police report filed: Yes. Independent witness present: Yes. Total estimated repair and indemnity loss assessed at €5,205.68.",0
CLM-01318,CUST_02356,Fire_Property,1,2,1,18678.2,Lightning/Structure Fire,Severe,2024-11-18,2024-11-22,4,Yes,Yes,"Lightning strike ignited secondary residential garage roof, destroying stored tools, lawn equipment, and structural roofing rafters. Insured (60-70 years, Own home elderly). Incident occurred on November 18, 2024 under standard operational conditions. Police report filed: Yes. Independent witness present: Yes. Total estimated repair and indemnity loss assessed at €18,678.20.",0
CLM-01319,CUST_03243,Fire_Property,1,6,5,2748.96,Smoke Ingress,Minor,2024-07-30,2024-07-31,1,No,Yes,"Minor chimney soot flare caused interior smoke staining across living room walls, upholstery, and drapes; no structural flames. Insured (50-60 years, Large religious families). Incident occurred on July 30, 2024 under standard operational conditions. Police report filed: No. Independent witness present: Yes. Total estimated repair and indemnity loss assessed at €2,748.96.",1
CLM-01320,CUST_07619,Fire_Property,1,3,6,20584.23,Lightning/Structure Fire,Severe,2024-07-29,2024-08-05,7,Yes,Yes,"Lightning strike ignited secondary residential garage roof, destroying stored tools, lawn equipment, and structural roofing rafters. Insured (50-60 years, Affluent senior apartments). Incident occurred on July 29, 2024 under standard operational conditions. Police report filed: Yes. Independent witness present: Yes. Total estimated repair and indemnity loss assessed at €20,584.23.",0
CLM-01321,CUST_07639,Fire_Property,1,3,3,11754.92,Kitchen Fire,Moderate,2024-08-25,2024-08-25,0,Yes,No,"Kitchen grease fire ignited on stovetop, spreading quickly to cabinetry and extractor hood before local brigade extinguished blaze. Insured (30-40 years, Young and rising). Incident occurred on August 25, 2024 under standard operational conditions. Police report filed: Yes. Independent witness present: No. Total estimated repair and indemnity loss assessed at €11,754.92.",0
CLM-01322,CUST_06030,Fire_Property,1,4,3,42306.62,Electrical Fire,Severe,2024-07-23,2024-07-23,0,Yes,Yes,"Faulty electrical wiring in attic sparked smoldering insulation fire, resulting in heavy ceiling collapse and structural timber charring. Insured (60-70 years, Porchless seniors: no front yard). Incident occurred on July 23, 2024 under standard operational conditions. Police report filed: Yes. Independent witness present: Yes. Total estimated repair and indemnity loss assessed at €42,306.62.",0
CLM-01323,CUST_02025,Fire_Property,1,2,4,20556.01,Lightning/Structure Fire,Severe,2024-12-10,2024-12-17,7,Yes,No,"Lightning strike ignited secondary residential garage roof, destroying stored tools, lawn equipment, and structural roofing rafters. Insured (40-50 years, Modern, complete families). Incident occurred on December 10, 2024 under standard operational conditions. Police report filed: Yes. Independent witness present: No. Total estimated repair and indemnity loss assessed at €20,556.01.",0
CLM-01324,CUST_01197,Fire_Property,1,4,4,9906.2,Water Leak/Flooding,Moderate,2024-12-03,2024-12-06,3,No,Yes,"Water pipe ruptured in second-floor bathroom during deep freeze, causing cascading water damage through ceiling onto hardwood floors. Insured (40-50 years, Mixed small town dwellers). Incident occurred on December 03, 2024 under standard operational conditions. Police report filed: No. Independent witness present: Yes. Total estimated repair and indemnity loss assessed at €9,906.20.",1
CLM-01325,CUST_04215,Fire_Property,1,3,3,35669.22,Electrical Fire,Severe,2024-03-29,2024-03-29,0,Yes,Yes,"Faulty electrical wiring in attic sparked smoldering insulation fire, resulting in heavy ceiling collapse and structural timber charring. Insured (50-60 years, Couples with teens 'Married with children'). Incident occurred on March 29, 2024 under standard operational conditions. Police report filed: Yes. Independent witness present: Yes. Total estimated repair and indemnity loss assessed at €35,669.22.",0
CLM-01326,CUST_01828,Fire_Property,1,6,8,3724.69,Water Leak/Flooding,Moderate,2024-07-20,2024-07-22,2,Yes,Yes,"Water pipe ruptured in second-floor bathroom during deep freeze, causing cascading water damage through ceiling onto hardwood floors. Insured (50-60 years, High Income, expensive child). Incident occurred on July 20, 2024 under standard operational conditions. Police report filed: Yes. Independent witness present: Yes. Total estimated repair and indemnity loss assessed at €3,724.69.",0
CLM-01327,CUST_02297,Fire_Property,1,4,6,2179.63,Smoke Ingress,Minor,2024-07-03,2024-07-05,2,Yes,Yes,"Minor chimney soot flare caused interior smoke staining across living room walls, upholstery, and drapes; no structural flames. Insured (40-50 years, Affluent senior apartments). Incident occurred on July 03, 2024 under standard operational conditions. Police report filed: Yes. Independent witness present: Yes. Total estimated repair and indemnity loss assessed at €2,179.63.",1
CLM-01328,CUST_08046,Fire_Property,1,2,2,31855.04,Electrical Fire,Severe,2024-08-15,2024-08-15,0,Yes,Yes,"Faulty electrical wiring in attic sparked smoldering insulation fire, resulting in heavy ceiling collapse and structural timber charring. Insured (20-30 years, Young, low educated). Incident occurred on August 15, 2024 under standard operational conditions. Police report filed: Yes. Independent witness present: Yes. Total estimated repair and indemnity loss assessed at €31,855.04.",0
CLM-01329,CUST_04658,Fire_Property,1,4,7,1922.79,Smoke Ingress,Minor,2024-01-28,2024-01-28,0,Yes,No,"Minor chimney soot flare caused interior smoke staining across living room walls, upholstery, and drapes; no structural flames. Insured (40-50 years, Middle class families). Incident occurred on January 28, 2024 under standard operational conditions. Police report filed: Yes. Independent witness present: No. Total estimated repair and indemnity loss assessed at €1,922.79.",0
CLM-01330,CUST_03770,Fire_Property,1,4,4,27839.43,Lightning/Structure Fire,Severe,2024-05-03,2024-05-06,3,Yes,Yes,"Lightning strike ignited secondary residential garage roof, destroying stored tools, lawn equipment, and structural roofing rafters. Insured (40-50 years, Traditional families). Incident occurred on May 03, 2024 under standard operational conditions. Police report filed: Yes. Independent witness present: Yes. Total estimated repair and indemnity loss assessed at €27,839.43.",0
CLM-01331,CUST_00252,Fire_Property,0,0,6,31446.01,Lightning/Structure Fire,Severe,2024-12-15,2024-12-18,3,Yes,Yes,"Lightning strike ignited secondary residential garage roof, destroying stored tools, lawn equipment, and structural roofing rafters. Insured (40-50 years, Very Important Provincials). Incident occurred on December 15, 2024 under standard operational conditions. Police report filed: Yes. Independent witness present: Yes. Total estimated repair and indemnity loss assessed at €31,446.01.",0
CLM-01332,CUST_02514,Fire_Property,1,2,4,46846.38,Electrical Fire,Severe,2024-01-24,2024-01-30,6,Yes,Yes,"Faulty electrical wiring in attic sparked smoldering insulation fire, resulting in heavy ceiling collapse and structural timber charring. Insured (40-50 years, Traditional families). Incident occurred on January 24, 2024 under standard operational conditions. Police report filed: Yes. Independent witness present: Yes. Total estimated repair and indemnity loss assessed at €46,846.38.",0
CLM-01333,CUST_04882,Fire_Property,1,4,7,7946.36,Water Leak/Flooding,Moderate,2024-11-17,2024-11-20,3,Yes,No,"Water pipe ruptured in second-floor bathroom during deep freeze, causing cascading water damage through ceiling onto hardwood floors. Insured (30-40 years, Affluent young families). Incident occurred on November 17, 2024 under standard operational conditions. Police report filed: Yes. Independent witness present: No. Total estimated repair and indemnity loss assessed at €7,946.36.",0
CLM-01334,CUST_01775,Fire_Property,1,6,3,55917.99,Electrical Fire,Severe,2024-04-20,2024-04-21,1,Yes,No,"Faulty electrical wiring in attic sparked smoldering insulation fire, resulting in heavy ceiling collapse and structural timber charring. Insured (40-50 years, Traditional families). Incident occurred on April 20, 2024 under standard operational conditions. Police report filed: Yes. Independent witness present: No. Total estimated repair and indemnity loss assessed at €55,917.99.",0
CLM-01335,CUST_00228,Fire_Property,1,4,6,3213.23,Smoke Ingress,Minor,2024-12-01,2024-12-06,5,Yes,No,"Minor chimney soot flare caused interior smoke staining across living room walls, upholstery, and drapes; no structural flames. Insured (40-50 years, Family starters). Incident occurred on December 01, 2024 under standard operational conditions. Police report filed: Yes. Independent witness present: No. Total estimated repair and indemnity loss assessed at €3,213.23.",1
CLM-01336,CUST_03286,Fire_Property,1,2,3,9483.11,Kitchen Fire,Moderate,2024-12-03,2024-12-07,4,No,Yes,"Kitchen grease fire ignited on stovetop, spreading quickly to cabinetry and extractor hood before local brigade extinguished blaze. Insured (30-40 years, Young and rising). Incident occurred on December 03, 2024 under standard operational conditions. Police report filed: No. Independent witness present: Yes. Total estimated repair and indemnity loss assessed at €9,483.11.",0
CLM-01337,CUST_05406,Fire_Property,0,0,6,5402.47,Water Leak/Flooding,Moderate,2024-02-23,2024-02-25,2,No,Yes,"Water pipe ruptured in second-floor bathroom during deep freeze, causing cascading water damage through ceiling onto hardwood floors. Insured (50-60 years, Affluent senior apartments). Incident occurred on February 23, 2024 under standard operational conditions. Police report filed: No. Independent witness present: Yes. Total estimated repair and indemnity loss assessed at €5,402.47.",0
CLM-01338,CUST_09493,Fire_Property,2,5,4,2912.65,Smoke Ingress,Minor,2024-12-14,2024-12-16,2,No,Yes,"Minor chimney soot flare caused interior smoke staining across living room walls, upholstery, and drapes; no structural flames. Insured (40-50 years, Traditional families). Incident occurred on December 14, 2024 under standard operational conditions. Police report filed: No. Independent witness present: Yes. Total estimated repair and indemnity loss assessed at €2,912.65.",0
CLM-01339,CUST_04806,Fire_Property,1,3,3,2575.23,Smoke Ingress,Minor,2024-02-05,2024-02-10,5,Yes,No,"Minor chimney soot flare caused interior smoke staining across living room walls, upholstery, and drapes; no structural flames. Insured (50-60 years, Couples with teens 'Married with children'). Incident occurred on February 05, 2024 under standard operational conditions. Police report filed: Yes. Independent witness present: No. Total estimated repair and indemnity loss assessed at €2,575.23.",0
CLM-01340,CUST_09635,Fire_Property,1,5,2,39874.58,Electrical Fire,Severe,2024-09-15,2024-09-15,0,Yes,Yes,"Faulty electrical wiring in attic sparked smoldering insulation fire, resulting in heavy ceiling collapse and structural timber charring. Insured (40-50 years, Young, low educated). Incident occurred on September 15, 2024 under standard operational conditions. Police report filed: Yes. Independent witness present: Yes. Total estimated repair and indemnity loss assessed at €39,874.58.",1
CLM-01341,CUST_01826,Fire_Property,1,3,6,116136.44,Lightning/Structure Fire,Severe,2024-05-05,2024-05-05,0,Yes,Yes,"Lightning strike ignited secondary residential garage roof, destroying stored tools, lawn equipment, and structural roofing rafters. Insured (50-60 years, Affluent senior apartments). Incident occurred on May 05, 2024 under standard operational conditions. Police report filed: Yes. Independent witness present: Yes. Total estimated repair and indemnity loss assessed at €116,136.44.",0
CLM-01342,CUST_02274,Fire_Property,1,3,6,2946.89,Smoke Ingress,Minor,2024-04-15,2024-04-15,0,Yes,No,"Minor chimney soot flare caused interior smoke staining across living room walls, upholstery, and drapes; no structural flames. Insured (40-50 years, Dinki's (double income no kids)). Incident occurred on April 15, 2024 under standard operational conditions. Police report filed: Yes. Independent witness present: No. Total estimated repair and indemnity loss assessed at €2,946.89.",0
CLM-01343,CUST_04966,Fire_Property,1,4,6,41286.32,Electrical Fire,Severe,2024-05-23,2024-05-28,5,Yes,Yes,"Faulty electrical wiring in attic sparked smoldering insulation fire, resulting in heavy ceiling collapse and structural timber charring. Insured (40-50 years, High status seniors). Incident occurred on May 23, 2024 under standard operational conditions. Police report filed: Yes. Independent witness present: Yes. Total estimated repair and indemnity loss assessed at €41,286.32.",1
CLM-01344,CUST_06269,Fire_Property,1,3,4,31605.17,Lightning/Structure Fire,Severe,2024-01-14,2024-01-17,3,Yes,No,"Lightning strike ignited secondary residential garage roof, destroying stored tools, lawn equipment, and structural roofing rafters. Insured (30-40 years, Modern, complete families). Incident occurred on January 14, 2024 under standard operational conditions. Police report filed: Yes. Independent witness present: No. Total estimated repair and indemnity loss assessed at €31,605.17.",0
CLM-01345,CUST_03070,Fire_Property,1,3,2,10846.75,Water Leak/Flooding,Moderate,2024-01-29,2024-02-01,3,Yes,No,"Water pipe ruptured in second-floor bathroom during deep freeze, causing cascading water damage through ceiling onto hardwood floors. Insured (20-30 years, Young, low educated). Incident occurred on January 29, 2024 under standard operational conditions. Police report filed: Yes. Independent witness present: No. Total estimated repair and indemnity loss assessed at €10,846.75.",0
CLM-01346,CUST_02744,Fire_Property,1,6,3,1917.35,Smoke Ingress,Minor,2024-11-19,2024-11-19,0,Yes,No,"Minor chimney soot flare caused interior smoke staining across living room walls, upholstery, and drapes; no structural flames. Insured (50-60 years, Couples with teens 'Married with children'). Incident occurred on November 19, 2024 under standard operational conditions. Police report filed: Yes. Independent witness present: No. Total estimated repair and indemnity loss assessed at €1,917.35.",0
CLM-01347,CUST_02554,Fire_Property,0,0,3,180892.18,Electrical Fire,Severe,2024-10-09,2024-10-12,3,Yes,Yes,"Faulty electrical wiring in attic sparked smoldering insulation fire, resulting in heavy ceiling collapse and structural timber charring. Insured (40-50 years, Young and rising). Incident occurred on October 09, 2024 under standard operational conditions. Police report filed: Yes. Independent witness present: Yes. Total estimated repair and indemnity loss assessed at €180,892.18.",0
CLM-01348,CUST_07056,Fire_Property,1,4,3,30514.56,Lightning/Structure Fire,Severe,2024-03-26,2024-03-29,3,Yes,Yes,"Lightning strike ignited secondary residential garage roof, destroying stored tools, lawn equipment, and structural roofing rafters. Insured (30-40 years, Lower class large families). Incident occurred on March 26, 2024 under standard operational conditions. Police report filed: Yes. Independent witness present: Yes. Total estimated repair and indemnity loss assessed at €30,514.56.",1
CLM-01349,CUST_09119,Fire_Property,1,4,6,21444.33,Electrical Fire,Severe,2024-06-05,2024-06-09,4,Yes,No,"Faulty electrical wiring in attic sparked smoldering insulation fire, resulting in heavy ceiling collapse and structural timber charring. Insured (40-50 years, Large family, employed child). Incident occurred on June 05, 2024 under standard operational conditions. Police report filed: Yes. Independent witness present: No. Total estimated repair and indemnity loss assessed at €21,444.33.",0
CLM-01350,CUST_02998,Fire_Property,1,4,3,21241.88,Lightning/Structure Fire,Severe,2024-09-04,2024-09-05,1,Yes,No,"Lightning strike ignited secondary residential garage roof, destroying stored tools, lawn equipment, and structural roofing rafters. Insured (20-30 years, Porchless seniors: no front yard). Incident occurred on September 04, 2024 under standard operational conditions. Police report filed: Yes. Independent witness present: No. Total estimated repair and indemnity loss assessed at €21,241.88.",0
CLM-01351,CUST_02513,Fire_Property,1,3,7,1832.39,Smoke Ingress,Minor,2024-08-14,2024-08-20,6,No,Yes,"Minor chimney soot flare caused interior smoke staining across living room walls, upholstery, and drapes; no structural flames. Insured (30-40 years, Affluent young families). Incident occurred on August 14, 2024 under standard operational conditions. Police report filed: No. Independent witness present: Yes. Total estimated repair and indemnity loss assessed at €1,832.39.",0
CLM-01352,CUST_07277,Fire_Property,2,6,7,4891.09,Kitchen Fire,Moderate,2024-07-15,2024-07-21,6,Yes,No,"Kitchen grease fire ignited on stovetop, spreading quickly to cabinetry and extractor hood before local brigade extinguished blaze. Insured (40-50 years, Middle class families). Incident occurred on July 15, 2024 under standard operational conditions. Police report filed: Yes. Independent witness present: No. Total estimated repair and indemnity loss assessed at €4,891.09.",0
CLM-01353,CUST_02288,Fire_Property,2,3,5,9704.1,Water Leak/Flooding,Moderate,2024-03-31,2024-04-04,4,No,No,"Water pipe ruptured in second-floor bathroom during deep freeze, causing cascading water damage through ceiling onto hardwood floors. Insured (40-50 years, Village families). Incident occurred on March 31, 2024 under standard operational conditions. Police report filed: No. Independent witness present: No. Total estimated repair and indemnity loss assessed at €9,704.10.",0
CLM-01354,CUST_04273,Fire_Property,1,6,4,4049.2,Smoke Ingress,Minor,2024-10-15,2024-10-22,7,Yes,No,"Minor chimney soot flare caused interior smoke staining across living room walls, upholstery, and drapes; no structural flames. Insured (40-50 years, Mixed rurals). Incident occurred on October 15, 2024 under standard operational conditions. Police report filed: Yes. Independent witness present: No. Total estimated repair and indemnity loss assessed at €4,049.20.",0
CLM-01355,CUST_07084,Fire_Property,1,4,1,30138.39,Electrical Fire,Severe,2024-03-21,2024-03-24,3,Yes,Yes,"Faulty electrical wiring in attic sparked smoldering insulation fire, resulting in heavy ceiling collapse and structural timber charring. Insured (50-60 years, Low income catholics). Incident occurred on March 21, 2024 under standard operational conditions. Police report filed: Yes. Independent witness present: Yes. Total estimated repair and indemnity loss assessed at €30,138.39.",0
CLM-01356,CUST_05655,Fire_Property,1,6,5,866.51,Smoke Ingress,Minor,2024-08-01,2024-08-06,5,No,No,"Minor chimney soot flare caused interior smoke staining across living room walls, upholstery, and drapes; no structural flames. Insured (50-60 years, Fresh masters in the city). Incident occurred on August 01, 2024 under standard operational conditions. Police report filed: No. Independent witness present: No. Total estimated repair and indemnity loss assessed at €866.51.",1
CLM-01357,CUST_08854,Fire_Property,2,4,5,9541.9,Kitchen Fire,Moderate,2024-07-29,2024-07-29,0,Yes,No,"Kitchen grease fire ignited on stovetop, spreading quickly to cabinetry and extractor hood before local brigade extinguished blaze. Insured (40-50 years, Village families). Incident occurred on July 29, 2024 under standard operational conditions. Police report filed: Yes. Independent witness present: No. Total estimated repair and indemnity loss assessed at €9,541.90.",0
CLM-01358,CUST_02431,Fire_Property,1,3,4,39269.84,Electrical Fire,Severe,2024-08-12,2024-08-16,4,Yes,No,"Faulty electrical wiring in attic sparked smoldering insulation fire, resulting in heavy ceiling collapse and structural timber charring. Insured (30-40 years, Traditional families). Incident occurred on August 12, 2024 under standard operational conditions. Police report filed: Yes. Independent witness present: No. Total estimated repair and indemnity loss assessed at €39,269.84.",0
CLM-01359,CUST_07380,Fire_Property,1,4,7,11208.71,Lightning/Structure Fire,Severe,2024-01-31,2024-02-06,6,Yes,No,"Lightning strike ignited secondary residential garage roof, destroying stored tools, lawn equipment, and structural roofing rafters. Insured (40-50 years, Middle class families). Incident occurred on January 31, 2024 under standard operational conditions. Police report filed: Yes. Independent witness present: No. Total estimated repair and indemnity loss assessed at €11,208.71.",0
CLM-01360,CUST_03646,Fire_Property,1,5,7,3374.19,Smoke Ingress,Minor,2024-01-19,2024-01-24,5,Yes,Yes,"Minor chimney soot flare caused interior smoke staining across living room walls, upholstery, and drapes; no structural flames. Insured (40-50 years, Middle class families). Incident occurred on January 19, 2024 under standard operational conditions. Police report filed: Yes. Independent witness present: Yes. Total estimated repair and indemnity loss assessed at €3,374.19.",0
CLM-01361,CUST_06878,Fire_Property,2,4,5,36311.59,Electrical Fire,Severe,2024-05-11,2024-05-14,3,Yes,Yes,"Faulty electrical wiring in attic sparked smoldering insulation fire, resulting in heavy ceiling collapse and structural timber charring. Insured (50-60 years, Large religious families). Incident occurred on May 11, 2024 under standard operational conditions. Police report filed: Yes. Independent witness present: Yes. Total estimated repair and indemnity loss assessed at €36,311.59.",0
CLM-01362,CUST_09691,Fire_Property,1,3,2,17377.47,Smoke Ingress,Minor,2024-02-12,2024-02-15,3,No,Yes,"Minor chimney soot flare caused interior smoke staining across living room walls, upholstery, and drapes; no structural flames. Insured (40-50 years, Young seniors in the city). Incident occurred on February 12, 2024 under standard operational conditions. Police report filed: No. Independent witness present: Yes. Total estimated repair and indemnity loss assessed at €17,377.47.",0
CLM-01363,CUST_03827,Fire_Property,1,1,4,21116.64,Lightning/Structure Fire,Severe,2024-09-14,2024-09-20,6,Yes,No,"Lightning strike ignited secondary residential garage roof, destroying stored tools, lawn equipment, and structural roofing rafters. Insured (40-50 years, Mixed apartment dwellers). Incident occurred on September 14, 2024 under standard operational conditions. Police report filed: Yes. Independent witness present: No. Total estimated repair and indemnity loss assessed at €21,116.64.",0
CLM-01364,CUST_01297,Fire_Property,1,3,3,7121.19,Kitchen Fire,Moderate,2024-11-22,2024-11-27,5,Yes,No,"Kitchen grease fire ignited on stovetop, spreading quickly to cabinetry and extractor hood before local brigade extinguished blaze. Insured (40-50 years, Lower class large families). Incident occurred on November 22, 2024 under standard operational conditions. Police report filed: Yes. Independent witness present: No. Total estimated repair and indemnity loss assessed at €7,121.19.",0
CLM-01365,CUST_06011,Fire_Property,1,5,2,33572.57,Lightning/Structure Fire,Severe,2024-01-05,2024-01-07,2,Yes,No,"Lightning strike ignited secondary residential garage roof, destroying stored tools, lawn equipment, and structural roofing rafters. Insured (60-70 years, Religious elderly singles). Incident occurred on January 05, 2024 under standard operational conditions. Police report filed: Yes. Independent witness present: No. Total estimated repair and indemnity loss assessed at €33,572.57.",0
CLM-01366,CUST_07481,Fire_Property,0,0,4,6676.12,Water Leak/Flooding,Moderate,2024-05-28,2024-05-30,2,Yes,No,"Water pipe ruptured in second-floor bathroom during deep freeze, causing cascading water damage through ceiling onto hardwood floors. Insured (40-50 years, Mixed rurals). Incident occurred on May 28, 2024 under standard operational conditions. Police report filed: Yes. Independent witness present: No. Total estimated repair and indemnity loss assessed at €6,676.12.",0
CLM-01367,CUST_01996,Fire_Property,1,2,2,33139.65,Electrical Fire,Severe,2024-09-07,2024-09-09,2,Yes,Yes,"Faulty electrical wiring in attic sparked smoldering insulation fire, resulting in heavy ceiling collapse and structural timber charring. Insured (40-50 years, Young, low educated). Incident occurred on September 07, 2024 under standard operational conditions. Police report filed: Yes. Independent witness present: Yes. Total estimated repair and indemnity loss assessed at €33,139.65.",0
CLM-01368,CUST_03177,Fire_Property,1,3,6,24694.05,Electrical Fire,Severe,2024-04-13,2024-04-13,0,Yes,Yes,"Faulty electrical wiring in attic sparked smoldering insulation fire, resulting in heavy ceiling collapse and structural timber charring. Insured (30-40 years, Very Important Provincials). Incident occurred on April 13, 2024 under standard operational conditions. Police report filed: Yes. Independent witness present: Yes. Total estimated repair and indemnity loss assessed at €24,694.05.",0
CLM-01369,CUST_02865,Fire_Property,1,4,4,19493.74,Lightning/Structure Fire,Severe,2024-07-29,2024-08-05,7,Yes,Yes,"Lightning strike ignited secondary residential garage roof, destroying stored tools, lawn equipment, and structural roofing rafters. Insured (40-50 years, Mixed small town dwellers). Incident occurred on July 29, 2024 under standard operational conditions. Police report filed: Yes. Independent witness present: Yes. Total estimated repair and indemnity loss assessed at €19,493.74.",0
CLM-01370,CUST_02486,Fire_Property,1,2,7,7018.39,Kitchen Fire,Moderate,2024-05-31,2024-06-01,1,No,Yes,"Kitchen grease fire ignited on stovetop, spreading quickly to cabinetry and extractor hood before local brigade extinguished blaze. Insured (40-50 years, Middle class families). Incident occurred on May 31, 2024 under standard operational conditions. Police report filed: No. Independent witness present: Yes. Total estimated repair and indemnity loss assessed at €7,018.39.",1
CLM-01371,CUST_05163,Fire_Property,1,4,5,11221.74,Kitchen Fire,Moderate,2024-10-27,2024-10-30,3,No,No,"Kitchen grease fire ignited on stovetop, spreading quickly to cabinetry and extractor hood before local brigade extinguished blaze. Insured (30-40 years, Large religious families). Incident occurred on October 27, 2024 under standard operational conditions. Police report filed: No. Independent witness present: No. Total estimated repair and indemnity loss assessed at €11,221.74.",0
CLM-01372,CUST_01474,Fire_Property,1,6,4,20702.69,Kitchen Fire,Moderate,2024-02-02,2024-02-06,4,Yes,Yes,"Kitchen grease fire ignited on stovetop, spreading quickly to cabinetry and extractor hood before local brigade extinguished blaze. Insured (40-50 years, Traditional families). Incident occurred on February 02, 2024 under standard operational conditions. Police report filed: Yes. Independent witness present: Yes. Total estimated repair and indemnity loss assessed at €20,702.69.",0
CLM-01373,CUST_00100,Fire_Property,1,2,2,1512.69,Smoke Ingress,Minor,2024-05-17,2024-05-24,7,No,No,"Minor chimney soot flare caused interior smoke staining across living room walls, upholstery, and drapes; no structural flames. Insured (30-40 years, Young, low educated). Incident occurred on May 17, 2024 under standard operational conditions. Police report filed: No. Independent witness present: No. Total estimated repair and indemnity loss assessed at €1,512.69.",0
CLM-01374,CUST_05179,Fire_Property,1,4,6,10131.51,Lightning/Structure Fire,Severe,2024-05-03,2024-05-08,5,Yes,No,"Lightning strike ignited secondary residential garage roof, destroying stored tools, lawn equipment, and structural roofing rafters. Insured (30-40 years, Family starters). Incident occurred on May 03, 2024 under standard operational conditions. Police report filed: Yes. Independent witness present: No. Total estimated repair and indemnity loss assessed at €10,131.51.",0
CLM-01375,CUST_00831,Fire_Property,1,3,3,33849.36,Lightning/Structure Fire,Severe,2024-06-19,2024-06-20,1,Yes,Yes,"Lightning strike ignited secondary residential garage roof, destroying stored tools, lawn equipment, and structural roofing rafters. Insured (40-50 years, Couples with teens 'Married with children'). Incident occurred on June 19, 2024 under standard operational conditions. Police report filed: Yes. Independent witness present: Yes. Total estimated repair and indemnity loss assessed at €33,849.36.",0
CLM-01376,CUST_06064,Fire_Property,1,1,6,29617.44,Electrical Fire,Severe,2024-01-15,2024-01-16,1,Yes,No,"Faulty electrical wiring in attic sparked smoldering insulation fire, resulting in heavy ceiling collapse and structural timber charring. Insured (30-40 years, Family starters). Incident occurred on January 15, 2024 under standard operational conditions. Police report filed: Yes. Independent witness present: No. Total estimated repair and indemnity loss assessed at €29,617.44.",0
CLM-01377,CUST_03749,Fire_Property,1,2,7,15767.42,Lightning/Structure Fire,Severe,2024-08-20,2024-08-27,7,Yes,No,"Lightning strike ignited secondary residential garage roof, destroying stored tools, lawn equipment, and structural roofing rafters. Insured (40-50 years, Middle class families). Incident occurred on August 20, 2024 under standard operational conditions. Police report filed: Yes. Independent witness present: No. Total estimated repair and indemnity loss assessed at €15,767.42.",0
CLM-01378,CUST_00042,Fire_Property,2,4,6,31359.24,Lightning/Structure Fire,Severe,2024-01-10,2024-01-15,5,Yes,Yes,"Lightning strike ignited secondary residential garage roof, destroying stored tools, lawn equipment, and structural roofing rafters. Insured (40-50 years, Family starters). Incident occurred on January 10, 2024 under standard operational conditions. Police report filed: Yes. Independent witness present: Yes. Total estimated repair and indemnity loss assessed at €31,359.24.",1
CLM-01379,CUST_04924,Fire_Property,1,4,3,2496.67,Smoke Ingress,Minor,2024-04-30,2024-05-07,7,No,Yes,"Minor chimney soot flare caused interior smoke staining across living room walls, upholstery, and drapes; no structural flames. Insured (50-60 years, Lower class large families). Incident occurred on April 30, 2024 under standard operational conditions. Police report filed: No. Independent witness present: Yes. Total estimated repair and indemnity loss assessed at €2,496.67.",0
CLM-01380,CUST_07183,Fire_Property,1,3,6,19717.04,Kitchen Fire,Moderate,2024-07-17,2024-07-21,4,Yes,Yes,"Kitchen grease fire ignited on stovetop, spreading quickly to cabinetry and extractor hood before local brigade extinguished blaze. Insured (40-50 years, High status seniors). Incident occurred on July 17, 2024 under standard operational conditions. Police report filed: Yes. Independent witness present: Yes. Total estimated repair and indemnity loss assessed at €19,717.04.",0
CLM-01381,CUST_08611,Fire_Property,1,3,3,10086.19,Water Leak/Flooding,Moderate,2024-01-18,2024-01-20,2,No,Yes,"Water pipe ruptured in second-floor bathroom during deep freeze, causing cascading water damage through ceiling onto hardwood floors. Insured (40-50 years, Lower class large families). Incident occurred on January 18, 2024 under standard operational conditions. Police report filed: No. Independent witness present: Yes. Total estimated repair and indemnity loss assessed at €10,086.19.",0
CLM-01382,CUST_08278,Fire_Property,1,4,1,2608.48,Smoke Ingress,Minor,2024-03-28,2024-04-04,7,Yes,No,"Minor chimney soot flare caused interior smoke staining across living room walls, upholstery, and drapes; no structural flames. Insured (30-40 years, Low income catholics). Incident occurred on March 28, 2024 under standard operational conditions. Police report filed: Yes. Independent witness present: No. Total estimated repair and indemnity loss assessed at €2,608.48.",0
CLM-01383,CUST_03627,Fire_Property,1,4,7,60210.39,Electrical Fire,Severe,2024-04-19,2024-04-21,2,Yes,Yes,"Faulty electrical wiring in attic sparked smoldering insulation fire, resulting in heavy ceiling collapse and structural timber charring. Insured (40-50 years, Middle class families). Incident occurred on April 19, 2024 under standard operational conditions. Police report filed: Yes. Independent witness present: Yes. Total estimated repair and indemnity loss assessed at €60,210.39.",0
CLM-01384,CUST_00418,Fire_Property,1,2,8,26777.14,Electrical Fire,Severe,2024-06-17,2024-06-21,4,Yes,Yes,"Faulty electrical wiring in attic sparked smoldering insulation fire, resulting in heavy ceiling collapse and structural timber charring. Insured (40-50 years, Middle class families). Incident occurred on June 17, 2024 under standard operational conditions. Police report filed: Yes. Independent witness present: Yes. Total estimated repair and indemnity loss assessed at €26,777.14.",0
CLM-01385,CUST_01810,Fire_Property,2,4,2,44643.05,Electrical Fire,Severe,2024-10-01,2024-10-08,7,Yes,Yes,"Faulty electrical wiring in attic sparked smoldering insulation fire, resulting in heavy ceiling collapse and structural timber charring. Insured (40-50 years, Religious elderly singles). Incident occurred on October 01, 2024 under standard operational conditions. Police report filed: Yes. Independent witness present: Yes. Total estimated repair and indemnity loss assessed at €44,643.05.",0
CLM-01386,CUST_05032,Fire_Property,1,4,2,39772.22,Electrical Fire,Severe,2024-10-22,2024-10-23,1,Yes,No,"Faulty electrical wiring in attic sparked smoldering insulation fire, resulting in heavy ceiling collapse and structural timber charring. Insured (50-60 years, Religious elderly singles). Incident occurred on October 22, 2024 under standard operational conditions. Police report filed: Yes. Independent witness present: No. Total estimated repair and indemnity loss assessed at €39,772.22.",0
CLM-01387,CUST_05768,Fire_Property,1,4,6,12188.88,Water Leak/Flooding,Moderate,2024-08-12,2024-08-15,3,Yes,No,"Water pipe ruptured in second-floor bathroom during deep freeze, causing cascading water damage through ceiling onto hardwood floors. Insured (40-50 years, High status seniors). Incident occurred on August 12, 2024 under standard operational conditions. Police report filed: Yes. Independent witness present: No. Total estimated repair and indemnity loss assessed at €12,188.88.",0
CLM-01388,CUST_01650,Fire_Property,0,0,2,31692.09,Lightning/Structure Fire,Severe,2024-04-07,2024-04-08,1,No,No,"Lightning strike ignited secondary residential garage roof, destroying stored tools, lawn equipment, and structural roofing rafters. Insured (50-60 years, Religious elderly singles). Incident occurred on April 07, 2024 under standard operational conditions. Police report filed: No. Independent witness present: No. Total estimated repair and indemnity loss assessed at €31,692.09.",0
CLM-01389,CUST_05745,Fire_Property,1,2,3,7921.61,Water Leak/Flooding,Moderate,2024-01-02,2024-01-06,4,Yes,Yes,"Water pipe ruptured in second-floor bathroom during deep freeze, causing cascading water damage through ceiling onto hardwood floors. Insured (30-40 years, Young and rising). Incident occurred on January 02, 2024 under standard operational conditions. Police report filed: Yes. Independent witness present: Yes. Total estimated repair and indemnity loss assessed at €7,921.61.",0
CLM-01390,CUST_06396,Fire_Property,1,1,6,14132.66,Lightning/Structure Fire,Severe,2024-07-06,2024-07-08,2,Yes,Yes,"Lightning strike ignited secondary residential garage roof, destroying stored tools, lawn equipment, and structural roofing rafters. Insured (60-70 years, High status seniors). Incident occurred on July 06, 2024 under standard operational conditions. Police report filed: Yes. Independent witness present: Yes. Total estimated repair and indemnity loss assessed at €14,132.66.",0
CLM-01391,CUST_08261,Fire_Property,0,0,1,155567.85,Lightning/Structure Fire,Severe,2024-04-23,2024-04-30,7,Yes,Yes,"Lightning strike ignited secondary residential garage roof, destroying stored tools, lawn equipment, and structural roofing rafters. Insured (40-50 years, Young seniors in the city). Incident occurred on April 23, 2024 under standard operational conditions. Police report filed: Yes. Independent witness present: Yes. Total estimated repair and indemnity loss assessed at €155,567.85.",0
CLM-01392,CUST_00501,Fire_Property,1,3,2,6290.4,Water Leak/Flooding,Moderate,2024-06-13,2024-06-17,4,Yes,No,"Water pipe ruptured in second-floor bathroom during deep freeze, causing cascading water damage through ceiling onto hardwood floors. Insured (30-40 years, Young, low educated). Incident occurred on June 13, 2024 under standard operational conditions. Police report filed: Yes. Independent witness present: No. Total estimated repair and indemnity loss assessed at €6,290.40.",0
CLM-01393,CUST_08635,Fire_Property,1,4,2,4984.72,Smoke Ingress,Minor,2024-11-20,2024-11-23,3,No,No,"Minor chimney soot flare caused interior smoke staining across living room walls, upholstery, and drapes; no structural flames. Insured (30-40 years, Mixed apartment dwellers). Incident occurred on November 20, 2024 under standard operational conditions. Police report filed: No. Independent witness present: No. Total estimated repair and indemnity loss assessed at €4,984.72.",1
CLM-01394,CUST_05686,Fire_Property,1,5,6,13114.41,Kitchen Fire,Moderate,2024-06-20,2024-06-22,2,Yes,Yes,"Kitchen grease fire ignited on stovetop, spreading quickly to cabinetry and extractor hood before local brigade extinguished blaze. Insured (30-40 years, Large family, employed child). Incident occurred on June 20, 2024 under standard operational conditions. Police report filed: Yes. Independent witness present: Yes. Total estimated repair and indemnity loss assessed at €13,114.41.",0
CLM-01395,CUST_00770,Fire_Property,1,4,3,32461.46,Electrical Fire,Severe,2024-09-07,2024-09-13,6,Yes,No,"Faulty electrical wiring in attic sparked smoldering insulation fire, resulting in heavy ceiling collapse and structural timber charring. Insured (40-50 years, Lower class large families). Incident occurred on September 07, 2024 under standard operational conditions. Police report filed: Yes. Independent witness present: No. Total estimated repair and indemnity loss assessed at €32,461.46.",0
CLM-01396,CUST_02379,Fire_Property,1,3,7,12331.06,Kitchen Fire,Moderate,2024-10-08,2024-10-14,6,No,No,"Kitchen grease fire ignited on stovetop, spreading quickly to cabinetry and extractor hood before local brigade extinguished blaze. Insured (50-60 years, Middle class families). Incident occurred on October 08, 2024 under standard operational conditions. Police report filed: No. Independent witness present: No. Total estimated repair and indemnity loss assessed at €12,331.06.",0
CLM-01397,CUST_05262,Fire_Property,1,5,4,1920.23,Smoke Ingress,Minor,2024-07-20,2024-07-21,1,No,No,"Minor chimney soot flare caused interior smoke staining across living room walls, upholstery, and drapes; no structural flames. Insured (40-50 years, Mixed rurals). Incident occurred on July 20, 2024 under standard operational conditions. Police report filed: No. Independent witness present: No. Total estimated repair and indemnity loss assessed at €1,920.23.",0
CLM-01398,CUST_02905,Fire_Property,1,2,4,5111.48,Water Leak/Flooding,Moderate,2024-07-21,2024-07-22,1,Yes,No,"Water pipe ruptured in second-floor bathroom during deep freeze, causing cascading water damage through ceiling onto hardwood floors. Insured (50-60 years, Traditional families). Incident occurred on July 21, 2024 under standard operational conditions. Police report filed: Yes. Independent witness present: No. Total estimated repair and indemnity loss assessed at €5,111.48.",0
CLM-01399,CUST_08721,Fire_Property,1,2,3,16401.86,Kitchen Fire,Moderate,2024-06-05,2024-06-12,7,Yes,Yes,"Kitchen grease fire ignited on stovetop, spreading quickly to cabinetry and extractor hood before local brigade extinguished blaze. Insured (50-60 years, Lower class large families). Incident occurred on June 05, 2024 under standard operational conditions. Police report filed: Yes. Independent witness present: Yes. Total estimated repair and indemnity loss assessed at €16,401.86.",0
CLM-01400,CUST_07284,Fire_Property,2,5,5,18744.85,Lightning/Structure Fire,Severe,2024-03-16,2024-03-19,3,Yes,Yes,"Lightning strike ignited secondary residential garage roof, destroying stored tools, lawn equipment, and structural roofing rafters. Insured (30-40 years, Large religious families). Incident occurred on March 16, 2024 under standard operational conditions. Police report filed: Yes. Independent witness present: Yes. Total estimated repair and indemnity loss assessed at €18,744.85.",0
CLM-01401,CUST_02913,Fire_Property,1,2,1,6288.9,Kitchen Fire,Moderate,2024-07-05,2024-07-06,1,Yes,No,"Kitchen grease fire ignited on stovetop, spreading quickly to cabinetry and extractor hood before local brigade extinguished blaze. Insured (70-80 years, Residential elderly). Incident occurred on July 05, 2024 under standard operational conditions. Police report filed: Yes. Independent witness present: No. Total estimated repair and indemnity loss assessed at €6,288.90.",0
CLM-01402,CUST_06444,Fire_Property,1,3,6,40863.18,Electrical Fire,Severe,2024-01-30,2024-01-31,1,Yes,No,"Faulty electrical wiring in attic sparked smoldering insulation fire, resulting in heavy ceiling collapse and structural timber charring. Insured (30-40 years, Dinki's (double income no kids)). Incident occurred on January 30, 2024 under standard operational conditions. Police report filed: Yes. Independent witness present: No. Total estimated repair and indemnity loss assessed at €40,863.18.",0
CLM-01403,CUST_02694,Fire_Property,1,5,3,17835.67,Kitchen Fire,Moderate,2024-03-02,2024-03-07,5,No,Yes,"Kitchen grease fire ignited on stovetop, spreading quickly to cabinetry and extractor hood before local brigade extinguished blaze. Insured (50-60 years, Porchless seniors: no front yard). Incident occurred on March 02, 2024 under standard operational conditions. Police report filed: No. Independent witness present: Yes. Total estimated repair and indemnity loss assessed at €17,835.67.",0
CLM-01404,CUST_06105,Fire_Property,1,3,6,42868.49,Electrical Fire,Severe,2024-01-19,2024-01-20,1,Yes,Yes,"Faulty electrical wiring in attic sparked smoldering insulation fire, resulting in heavy ceiling collapse and structural timber charring. Insured (50-60 years, High status seniors). Incident occurred on January 19, 2024 under standard operational conditions. Police report filed: Yes. Independent witness present: Yes. Total estimated repair and indemnity loss assessed at €42,868.49.",0
CLM-01405,CUST_04559,Fire_Property,1,3,6,10976.93,Water Leak/Flooding,Moderate,2024-03-30,2024-04-05,6,Yes,No,"Water pipe ruptured in second-floor bathroom during deep freeze, causing cascading water damage through ceiling onto hardwood floors. Insured (40-50 years, Young all american family). Incident occurred on March 30, 2024 under standard operational conditions. Police report filed: Yes. Independent witness present: No. Total estimated repair and indemnity loss assessed at €10,976.93.",0
CLM-01406,CUST_09774,Fire_Property,1,2,4,2097.04,Smoke Ingress,Minor,2024-05-21,2024-05-28,7,No,Yes,"Minor chimney soot flare caused interior smoke staining across living room walls, upholstery, and drapes; no structural flames. Insured (30-40 years, Traditional families). Incident occurred on May 21, 2024 under standard operational conditions. Police report filed: No. Independent witness present: Yes. Total estimated repair and indemnity loss assessed at €2,097.04.",0
CLM-01407,CUST_01197,Fire_Property,1,4,4,5601.85,Kitchen Fire,Moderate,2024-09-08,2024-09-11,3,Yes,No,"Kitchen grease fire ignited on stovetop, spreading quickly to cabinetry and extractor hood before local brigade extinguished blaze. Insured (40-50 years, Mixed small town dwellers). Incident occurred on September 08, 2024 under standard operational conditions. Police report filed: Yes. Independent witness present: No. Total estimated repair and indemnity loss assessed at €5,601.85.",0
CLM-01408,CUST_01382,Fire_Property,1,4,4,12747.73,Water Leak/Flooding,Moderate,2024-04-03,2024-04-09,6,No,No,"Water pipe ruptured in second-floor bathroom during deep freeze, causing cascading water damage through ceiling onto hardwood floors. Insured (30-40 years, Traditional families). Incident occurred on April 03, 2024 under standard operational conditions. Police report filed: No. Independent witness present: No. Total estimated repair and indemnity loss assessed at €12,747.73.",0
CLM-01409,CUST_01843,Fire_Property,1,2,6,9547.94,Kitchen Fire,Moderate,2024-06-16,2024-06-17,1,Yes,No,"Kitchen grease fire ignited on stovetop, spreading quickly to cabinetry and extractor hood before local brigade extinguished blaze. Insured (50-60 years, Family starters). Incident occurred on June 16, 2024 under standard operational conditions. Police report filed: Yes. Independent witness present: No. Total estimated repair and indemnity loss assessed at €9,547.94.",0
CLM-01410,CUST_00300,Fire_Property,1,3,4,2705.71,Smoke Ingress,Minor,2024-10-12,2024-10-19,7,Yes,Yes,"Minor chimney soot flare caused interior smoke staining across living room walls, upholstery, and drapes; no structural flames. Insured (40-50 years, Modern, complete families). Incident occurred on October 12, 2024 under standard operational conditions. Police report filed: Yes. Independent witness present: Yes. Total estimated repair and indemnity loss assessed at €2,705.71.",0
CLM-01411,CUST_03086,Fire_Property,2,4,5,17976.87,Kitchen Fire,Moderate,2024-04-03,2024-04-05,2,Yes,No,"Kitchen grease fire ignited on stovetop, spreading quickly to cabinetry and extractor hood before local brigade extinguished blaze. Insured (40-50 years, Village families). Incident occurred on April 03, 2024 under standard operational conditions. Police report filed: Yes. Independent witness present: No. Total estimated repair and indemnity loss assessed at €17,976.87.",0
CLM-01412,CUST_01809,Fire_Property,1,5,7,15003.04,Kitchen Fire,Moderate,2024-03-07,2024-03-10,3,Yes,Yes,"Kitchen grease fire ignited on stovetop, spreading quickly to cabinetry and extractor hood before local brigade extinguished blaze. Insured (40-50 years, Affluent young families). Incident occurred on March 07, 2024 under standard operational conditions. Police report filed: Yes. Independent witness present: Yes. Total estimated repair and indemnity loss assessed at €15,003.04.",0
CLM-01413,CUST_00508,Fire_Property,1,4,3,14051.49,Kitchen Fire,Moderate,2024-03-05,2024-03-09,4,No,Yes,"Kitchen grease fire ignited on stovetop, spreading quickly to cabinetry and extractor hood before local brigade extinguished blaze. Insured (50-60 years, Couples with teens 'Married with children'). Incident occurred on March 05, 2024 under standard operational conditions. Police report filed: No. Independent witness present: Yes. Total estimated repair and indemnity loss assessed at €14,051.49.",0
CLM-01414,CUST_00001,Fire_Property,1,5,3,61815.03,Electrical Fire,Severe,2024-06-03,2024-06-03,0,Yes,No,"Faulty electrical wiring in attic sparked smoldering insulation fire, resulting in heavy ceiling collapse and structural timber charring. Insured (30-40 years, Lower class large families). Incident occurred on June 03, 2024 under standard operational conditions. Police report filed: Yes. Independent witness present: No. Total estimated repair and indemnity loss assessed at €61,815.03.",0
CLM-01415,CUST_06724,Fire_Property,1,3,3,27881.3,Electrical Fire,Severe,2024-10-23,2024-10-30,7,Yes,No,"Faulty electrical wiring in attic sparked smoldering insulation fire, resulting in heavy ceiling collapse and structural timber charring. Insured (30-40 years, Couples with teens 'Married with children'). Incident occurred on October 23, 2024 under standard operational conditions. Police report filed: Yes. Independent witness present: No. Total estimated repair and indemnity loss assessed at €27,881.30.",0
CLM-01416,CUST_05320,Fire_Property,1,6,8,11853.95,Water Leak/Flooding,Moderate,2024-10-03,2024-10-06,3,Yes,Yes,"Water pipe ruptured in second-floor bathroom during deep freeze, causing cascading water damage through ceiling onto hardwood floors. Insured (40-50 years, Stable family). Incident occurred on October 03, 2024 under standard operational conditions. Police report filed: Yes. Independent witness present: Yes. Total estimated repair and indemnity loss assessed at €11,853.95.",0
CLM-01417,CUST_02812,Fire_Property,1,3,7,35587.14,Electrical Fire,Severe,2024-06-03,2024-06-06,3,Yes,Yes,"Faulty electrical wiring in attic sparked smoldering insulation fire, resulting in heavy ceiling collapse and structural timber charring. Insured (40-50 years, Middle class families). Incident occurred on June 03, 2024 under standard operational conditions. Police report filed: Yes. Independent witness present: Yes. Total estimated repair and indemnity loss assessed at €35,587.14.",0
CLM-01418,CUST_03229,Fire_Property,1,3,7,8940.06,Water Leak/Flooding,Moderate,2024-07-03,2024-07-07,4,Yes,No,"Water pipe ruptured in second-floor bathroom during deep freeze, causing cascading water damage through ceiling onto hardwood floors. Insured (30-40 years, Affluent young families). Incident occurred on July 03, 2024 under standard operational conditions. Police report filed: Yes. Independent witness present: No. Total estimated repair and indemnity loss assessed at €8,940.06.",0
CLM-01419,CUST_06834,Fire_Property,0,0,6,47213.15,Electrical Fire,Severe,2024-02-13,2024-02-19,6,Yes,Yes,"Faulty electrical wiring in attic sparked smoldering insulation fire, resulting in heavy ceiling collapse and structural timber charring. Insured (50-60 years, Affluent senior apartments). Incident occurred on February 13, 2024 under standard operational conditions. Police report filed: Yes. Independent witness present: Yes. Total estimated repair and indemnity loss assessed at €47,213.15.",0
CLM-01420,CUST_09526,Fire_Property,1,4,1,42066.19,Electrical Fire,Severe,2024-10-16,2024-10-18,2,Yes,No,"Faulty electrical wiring in attic sparked smoldering insulation fire, resulting in heavy ceiling collapse and structural timber charring. Insured (50-60 years, Low income catholics). Incident occurred on October 16, 2024 under standard operational conditions. Police report filed: Yes. Independent witness present: No. Total estimated repair and indemnity loss assessed at €42,066.19.",0
CLM-01421,CUST_06545,Fire_Property,1,5,4,3711.38,Smoke Ingress,Minor,2024-01-15,2024-01-18,3,Yes,No,"Minor chimney soot flare caused interior smoke staining across living room walls, upholstery, and drapes; no structural flames. Insured (40-50 years, Mixed rurals). Incident occurred on January 15, 2024 under standard operational conditions. Police report filed: Yes. Independent witness present: No. Total estimated repair and indemnity loss assessed at €3,711.38.",0
CLM-01422,CUST_01609,Fire_Property,1,3,3,11191.02,Water Leak/Flooding,Moderate,2024-07-28,2024-07-29,1,No,Yes,"Water pipe ruptured in second-floor bathroom during deep freeze, causing cascading water damage through ceiling onto hardwood floors. Insured (40-50 years, Lower class large families). Incident occurred on July 28, 2024 under standard operational conditions. Police report filed: No. Independent witness present: Yes. Total estimated repair and indemnity loss assessed at €11,191.02.",0
CLM-01423,CUST_05042,Fire_Property,4,5,4,21080.38,Lightning/Structure Fire,Severe,2024-03-16,2024-03-19,3,Yes,No,"Lightning strike ignited secondary residential garage roof, destroying stored tools, lawn equipment, and structural roofing rafters. Insured (30-40 years, Traditional families). Incident occurred on March 16, 2024 under standard operational conditions. Police report filed: Yes. Independent witness present: No. Total estimated repair and indemnity loss assessed at €21,080.38.",0
CLM-01424,CUST_03325,Fire_Property,1,4,1,2274.75,Smoke Ingress,Minor,2024-03-05,2024-04-28,54,No,Yes,"Minor chimney soot flare caused interior smoke staining across living room walls, upholstery, and drapes; no structural flames. Insured (40-50 years, Mixed seniors). Incident occurred on March 05, 2024 under standard operational conditions. Police report filed: No. Independent witness present: Yes. Total estimated repair and indemnity loss assessed at €2,274.75.",0
CLM-01425,CUST_08614,Fire_Property,1,3,5,13721.53,Lightning/Structure Fire,Severe,2024-10-10,2024-10-14,4,Yes,Yes,"Lightning strike ignited secondary residential garage roof, destroying stored tools, lawn equipment, and structural roofing rafters. Insured (40-50 years, Large religious families). Incident occurred on October 10, 2024 under standard operational conditions. Police report filed: Yes. Independent witness present: Yes. Total estimated repair and indemnity loss assessed at €13,721.53.",0
CLM-01426,CUST_02563,Fire_Property,1,5,4,8269.15,Lightning/Structure Fire,Severe,2024-07-19,2024-07-21,2,Yes,No,"Lightning strike ignited secondary residential garage roof, destroying stored tools, lawn equipment, and structural roofing rafters. Insured (40-50 years, Mixed rurals). Incident occurred on July 19, 2024 under standard operational conditions. Police report filed: Yes. Independent witness present: No. Total estimated repair and indemnity loss assessed at €8,269.15.",0
CLM-01427,CUST_08040,Fire_Property,1,2,6,13589.38,Water Leak/Flooding,Moderate,2024-11-01,2024-11-07,6,No,Yes,"Water pipe ruptured in second-floor bathroom during deep freeze, causing cascading water damage through ceiling onto hardwood floors. Insured (50-60 years, Very Important Provincials). Incident occurred on November 01, 2024 under standard operational conditions. Police report filed: No. Independent witness present: Yes. Total estimated repair and indemnity loss assessed at €13,589.38.",0
CLM-01428,CUST_07748,Fire_Property,1,1,1,19784.71,Electrical Fire,Severe,2024-12-03,2024-12-05,2,Yes,Yes,"Faulty electrical wiring in attic sparked smoldering insulation fire, resulting in heavy ceiling collapse and structural timber charring. Insured (30-40 years, Students in apartments). Incident occurred on December 03, 2024 under standard operational conditions. Police report filed: Yes. Independent witness present: Yes. Total estimated repair and indemnity loss assessed at €19,784.71.",0
CLM-01429,CUST_04041,Fire_Property,1,4,5,11004.36,Kitchen Fire,Moderate,2024-11-24,2024-11-29,5,Yes,No,"Kitchen grease fire ignited on stovetop, spreading quickly to cabinetry and extractor hood before local brigade extinguished blaze. Insured (40-50 years, Village families). Incident occurred on November 24, 2024 under standard operational conditions. Police report filed: Yes. Independent witness present: No. Total estimated repair and indemnity loss assessed at €11,004.36.",0
CLM-01430,CUST_02738,Fire_Property,1,3,5,2681.03,Smoke Ingress,Minor,2024-07-01,2024-07-08,7,No,No,"Minor chimney soot flare caused interior smoke staining across living room walls, upholstery, and drapes; no structural flames. Insured (30-40 years, Modern, complete families). Incident occurred on July 01, 2024 under standard operational conditions. Police report filed: No. Independent witness present: No. Total estimated repair and indemnity loss assessed at €2,681.03.",0
CLM-01431,CUST_07859,Fire_Property,1,4,1,39861.47,Electrical Fire,Severe,2024-06-06,2024-06-07,1,Yes,No,"Faulty electrical wiring in attic sparked smoldering insulation fire, resulting in heavy ceiling collapse and structural timber charring. Insured (50-60 years, Own home elderly). Incident occurred on June 06, 2024 under standard operational conditions. Police report filed: Yes. Independent witness present: No. Total estimated repair and indemnity loss assessed at €39,861.47.",0
CLM-01432,CUST_04726,Fire_Property,1,4,3,15670.82,Kitchen Fire,Moderate,2024-11-21,2024-11-22,1,Yes,Yes,"Kitchen grease fire ignited on stovetop, spreading quickly to cabinetry and extractor hood before local brigade extinguished blaze. Insured (40-50 years, Lower class large families). Incident occurred on November 21, 2024 under standard operational conditions. Police report filed: Yes. Independent witness present: Yes. Total estimated repair and indemnity loss assessed at €15,670.82.",0
CLM-01433,CUST_02472,Fire_Property,1,4,6,10953.33,Water Leak/Flooding,Moderate,2024-01-31,2024-02-01,1,No,No,"Water pipe ruptured in second-floor bathroom during deep freeze, causing cascading water damage through ceiling onto hardwood floors. Insured (40-50 years, Family starters). Incident occurred on January 31, 2024 under standard operational conditions. Police report filed: No. Independent witness present: No. Total estimated repair and indemnity loss assessed at €10,953.33.",0
CLM-01434,CUST_00162,Fire_Property,1,2,4,2262.08,Smoke Ingress,Minor,2024-12-13,2024-12-15,2,No,No,"Minor chimney soot flare caused interior smoke staining across living room walls, upholstery, and drapes; no structural flames. Insured (40-50 years, Modern, complete families). Incident occurred on December 13, 2024 under standard operational conditions. Police report filed: No. Independent witness present: No. Total estimated repair and indemnity loss assessed at €2,262.08.",1
CLM-01435,CUST_08047,Fire_Property,1,4,3,11247.95,Kitchen Fire,Moderate,2024-07-27,2024-07-27,0,Yes,Yes,"Kitchen grease fire ignited on stovetop, spreading quickly to cabinetry and extractor hood before local brigade extinguished blaze. Insured (30-40 years, Lower class large families). Incident occurred on July 27, 2024 under standard operational conditions. Police report filed: Yes. Independent witness present: Yes. Total estimated repair and indemnity loss assessed at €11,247.95.",1
CLM-01436,CUST_08077,Fire_Property,1,3,4,24340.64,Lightning/Structure Fire,Severe,2024-05-06,2024-05-06,0,Yes,No,"Lightning strike ignited secondary residential garage roof, destroying stored tools, lawn equipment, and structural roofing rafters. Insured (40-50 years, Mixed rurals). Incident occurred on May 06, 2024 under standard operational conditions. Police report filed: Yes. Independent witness present: No. Total estimated repair and indemnity loss assessed at €24,340.64.",0
CLM-01437,CUST_07914,Fire_Property,1,4,7,33744.4,Electrical Fire,Severe,2024-03-31,2024-04-01,1,Yes,No,"Faulty electrical wiring in attic sparked smoldering insulation fire, resulting in heavy ceiling collapse and structural timber charring. Insured (30-40 years, Affluent young families). Incident occurred on March 31, 2024 under standard operational conditions. Police report filed: Yes. Independent witness present: No. Total estimated repair and indemnity loss assessed at €33,744.40.",0
CLM-01438,CUST_07751,Fire_Property,1,4,1,35898.76,Lightning/Structure Fire,Severe,2024-01-28,2024-02-03,6,Yes,No,"Lightning strike ignited secondary residential garage roof, destroying stored tools, lawn equipment, and structural roofing rafters. Insured (30-40 years, Young seniors in the city). Incident occurred on January 28, 2024 under standard operational conditions. Police report filed: Yes. Independent witness present: No. Total estimated repair and indemnity loss assessed at €35,898.76.",0
CLM-01439,CUST_05633,Fire_Property,1,3,8,13709.39,Kitchen Fire,Moderate,2024-06-23,2024-06-26,3,Yes,No,"Kitchen grease fire ignited on stovetop, spreading quickly to cabinetry and extractor hood before local brigade extinguished blaze. Insured (50-60 years, Middle class families). Incident occurred on June 23, 2024 under standard operational conditions. Police report filed: Yes. Independent witness present: No. Total estimated repair and indemnity loss assessed at €13,709.39.",0
CLM-01440,CUST_04429,Fire_Property,1,2,3,26999.02,Lightning/Structure Fire,Severe,2024-04-20,2024-04-20,0,Yes,No,"Lightning strike ignited secondary residential garage roof, destroying stored tools, lawn equipment, and structural roofing rafters. Insured (40-50 years, Young and rising). Incident occurred on April 20, 2024 under standard operational conditions. Police report filed: Yes. Independent witness present: No. Total estimated repair and indemnity loss assessed at €26,999.02.",0
CLM-01441,CUST_02954,Boat_Marine,2,4,6,19286.98,Grounding/Hull Damage,Severe,2024-08-26,2024-09-02,7,Yes,Yes,"Vessel hull impacted submerged rock shoal near harbor approach, fracturing fiberglass keel and causing rapid bilge flooding. Insured (50-60 years, Very Important Provincials). Incident occurred on August 26, 2024 under standard operational conditions. Police report filed: Yes. Independent witness present: Yes. Total estimated repair and indemnity loss assessed at €19,286.98.",0
CLM-01442,CUST_08685,Boat_Marine,2,4,5,5322.82,Marine Theft,Minor,2024-06-18,2024-06-22,4,No,Yes,"Outboard motor stolen from boat transom while docked at secure marine club slipway overnight. Insured (50-60 years, Fresh masters in the city). Incident occurred on June 18, 2024 under standard operational conditions. Police report filed: No. Independent witness present: Yes. Total estimated repair and indemnity loss assessed at €5,322.82.",1
CLM-01443,CUST_02271,Boat_Marine,1,2,6,16175.98,Marine Theft,Minor,2024-09-09,2024-11-16,68,Yes,No,"Outboard motor stolen from boat transom while docked at secure marine club slipway overnight. Insured (30-40 years, Dinki's (double income no kids)). Incident occurred on September 09, 2024 under standard operational conditions. Police report filed: Yes. Independent witness present: No. Total estimated repair and indemnity loss assessed at €16,175.98.",1
CLM-01444,CUST_05620,Boat_Marine,1,2,3,7776.47,Grounding/Hull Damage,Severe,2024-03-21,2024-03-25,4,Yes,Yes,"Vessel hull impacted submerged rock shoal near harbor approach, fracturing fiberglass keel and causing rapid bilge flooding. Insured (40-50 years, Couples with teens 'Married with children'). Incident occurred on March 21, 2024 under standard operational conditions. Police report filed: Yes. Independent witness present: Yes. Total estimated repair and indemnity loss assessed at €7,776.47.",0
CLM-01445,CUST_03555,Boat_Marine,1,5,6,12638.88,Engine Failure,Severe,2024-07-06,2024-07-12,6,Yes,Yes,"Inboard marine engine overheated and suffered catastrophic crankcase seizure following cooling intake plastic debris blockage. Insured (30-40 years, Large family, employed child). Incident occurred on July 06, 2024 under standard operational conditions. Police report filed: Yes. Independent witness present: Yes. Total estimated repair and indemnity loss assessed at €12,638.88.",2
CLM-01446,CUST_02662,Boat_Marine,1,6,5,13772.94,Grounding/Hull Damage,Severe,2024-08-13,2024-08-20,7,Yes,Yes,"Vessel hull impacted submerged rock shoal near harbor approach, fracturing fiberglass keel and causing rapid bilge flooding. Insured (50-60 years, Affluent senior apartments). Incident occurred on August 13, 2024 under standard operational conditions. Police report filed: Yes. Independent witness present: Yes. Total estimated repair and indemnity loss assessed at €13,772.94.",3
CLM-01447,CUST_04094,Boat_Marine,1,1,6,11111.19,Grounding/Hull Damage,Severe,2024-07-03,2024-07-06,3,Yes,Yes,"Vessel hull impacted submerged rock shoal near harbor approach, fracturing fiberglass keel and causing rapid bilge flooding. Insured (50-60 years, High status seniors). Incident occurred on July 03, 2024 under standard operational conditions. Police report filed: Yes. Independent witness present: Yes. Total estimated repair and indemnity loss assessed at €11,111.19.",0
CLM-01448,CUST_00207,Boat_Marine,1,4,2,8895.27,Marina Collision,Moderate,2024-07-22,2024-07-28,6,No,Yes,"Moored pleasure craft broke stern line during gale-force harbor squall and collided repeatedly with marina pier pilings. Insured (40-50 years, Young, low educated). Incident occurred on July 22, 2024 under standard operational conditions. Police report filed: No. Independent witness present: Yes. Total estimated repair and indemnity loss assessed at €8,895.27.",1
CLM-01449,CUST_02424,Boat_Marine,1,4,6,5394.11,Marine Theft,Minor,2024-12-07,2024-12-11,4,Yes,No,"Outboard motor stolen from boat transom while docked at secure marine club slipway overnight. Insured (40-50 years, Large family, employed child). Incident occurred on December 07, 2024 under standard operational conditions. Police report filed: Yes. Independent witness present: No. Total estimated repair and indemnity loss assessed at €5,394.11.",4
CLM-01450,CUST_05620,Boat_Marine,1,2,3,6915.05,Marina Collision,Moderate,2024-06-16,2024-06-22,6,No,Yes,"Moored pleasure craft broke stern line during gale-force harbor squall and collided repeatedly with marina pier pilings. Insured (40-50 years, Couples with teens 'Married with children'). Incident occurred on June 16, 2024 under standard operational conditions. Police report filed: No. Independent witness present: Yes. Total estimated repair and indemnity loss assessed at €6,915.05.",1
CLM-01451,CUST_00351,Boat_Marine,0,0,5,39741.22,Marina Collision,Moderate,2024-05-02,2024-06-27,56,No,Yes,"Moored pleasure craft broke stern line during gale-force harbor squall and collided repeatedly with marina pier pilings. Insured (40-50 years, Mixed rurals). Incident occurred on May 02, 2024 under standard operational conditions. Police report filed: No. Independent witness present: Yes. Total estimated repair and indemnity loss assessed at €39,741.22.",0
CLM-01452,CUST_02798,Boat_Marine,1,4,5,16879.97,Engine Failure,Severe,2024-09-06,2024-09-07,1,Yes,No,"Inboard marine engine overheated and suffered catastrophic crankcase seizure following cooling intake plastic debris blockage. Insured (40-50 years, Village families). Incident occurred on September 06, 2024 under standard operational conditions. Police report filed: Yes. Independent witness present: No. Total estimated repair and indemnity loss assessed at €16,879.97.",0
CLM-01453,CUST_01596,Boat_Marine,1,4,4,8065.81,Marina Collision,Moderate,2024-05-08,2024-05-12,4,Yes,No,"Moored pleasure craft broke stern line during gale-force harbor squall and collided repeatedly with marina pier pilings. Insured (30-40 years, Traditional families). Incident occurred on May 08, 2024 under standard operational conditions. Police report filed: Yes. Independent witness present: No. Total estimated repair and indemnity loss assessed at €8,065.81.",1
CLM-01454,CUST_02495,Boat_Marine,1,1,2,6389.85,Marine Theft,Minor,2024-04-12,2024-04-19,7,Yes,Yes,"Outboard motor stolen from boat transom while docked at secure marine club slipway overnight. Insured (40-50 years, Young, low educated). Incident occurred on April 12, 2024 under standard operational conditions. Police report filed: Yes. Independent witness present: Yes. Total estimated repair and indemnity loss assessed at €6,389.85.",1
CLM-01455,CUST_07870,Boat_Marine,1,1,7,7909.22,Marina Collision,Moderate,2024-04-28,2024-04-29,1,Yes,No,"Moored pleasure craft broke stern line during gale-force harbor squall and collided repeatedly with marina pier pilings. Insured (50-60 years, Middle class families). Incident occurred on April 28, 2024 under standard operational conditions. Police report filed: Yes. Independent witness present: No. Total estimated repair and indemnity loss assessed at €7,909.22.",0
CLM-01456,CUST_01596,Boat_Marine,1,4,4,19152.35,Marine Theft,Minor,2024-01-28,2024-02-01,4,Yes,Yes,"Outboard motor stolen from boat transom while docked at secure marine club slipway overnight. Insured (30-40 years, Traditional families). Incident occurred on January 28, 2024 under standard operational conditions. Police report filed: Yes. Independent witness present: Yes. Total estimated repair and indemnity loss assessed at €19,152.35.",0
CLM-01457,CUST_05524,Boat_Marine,1,2,3,18437.38,Grounding/Hull Damage,Severe,2024-09-19,2024-09-25,6,Yes,Yes,"Vessel hull impacted submerged rock shoal near harbor approach, fracturing fiberglass keel and causing rapid bilge flooding. Insured (40-50 years, Lower class large families). Incident occurred on September 19, 2024 under standard operational conditions. Police report filed: Yes. Independent witness present: Yes. Total estimated repair and indemnity loss assessed at €18,437.38.",1
CLM-01458,CUST_02662,Boat_Marine,1,6,5,13020.17,Engine Failure,Severe,2024-05-24,2024-05-29,5,Yes,No,"Inboard marine engine overheated and suffered catastrophic crankcase seizure following cooling intake plastic debris blockage. Insured (50-60 years, Affluent senior apartments). Incident occurred on May 24, 2024 under standard operational conditions. Police report filed: Yes. Independent witness present: No. Total estimated repair and indemnity loss assessed at €13,020.17.",2
CLM-01459,CUST_00221,Boat_Marine,1,1,1,9647.41,Marina Collision,Moderate,2024-01-22,2024-01-22,0,Yes,No,"Moored pleasure craft broke stern line during gale-force harbor squall and collided repeatedly with marina pier pilings. Insured (40-50 years, Low income catholics). Incident occurred on January 22, 2024 under standard operational conditions. Police report filed: Yes. Independent witness present: No. Total estimated repair and indemnity loss assessed at €9,647.41.",0
CLM-01460,CUST_05524,Boat_Marine,1,2,3,12279.45,Engine Failure,Severe,2024-11-07,2024-11-08,1,Yes,No,"Inboard marine engine overheated and suffered catastrophic crankcase seizure following cooling intake plastic debris blockage. Insured (40-50 years, Lower class large families). Incident occurred on November 07, 2024 under standard operational conditions. Police report filed: Yes. Independent witness present: No. Total estimated repair and indemnity loss assessed at €12,279.45.",3
CLM-01461,CUST_05620,Boat_Marine,1,2,3,9357.56,Engine Failure,Severe,2024-06-21,2024-06-25,4,Yes,Yes,"Inboard marine engine overheated and suffered catastrophic crankcase seizure following cooling intake plastic debris blockage. Insured (40-50 years, Couples with teens 'Married with children'). Incident occurred on June 21, 2024 under standard operational conditions. Police report filed: Yes. Independent witness present: Yes. Total estimated repair and indemnity loss assessed at €9,357.56.",2
CLM-01462,CUST_09083,Boat_Marine,0,0,4,47584.55,Marina Collision,Moderate,2024-07-05,2024-07-10,5,Yes,No,"Moored pleasure craft broke stern line during gale-force harbor squall and collided repeatedly with marina pier pilings. Insured (40-50 years, Modern, complete families). Incident occurred on July 05, 2024 under standard operational conditions. Police report filed: Yes. Independent witness present: No. Total estimated repair and indemnity loss assessed at €47,584.55.",0
CLM-01463,CUST_03704,Boat_Marine,1,1,2,12773.08,Grounding/Hull Damage,Severe,2024-02-25,2024-02-27,2,Yes,Yes,"Vessel hull impacted submerged rock shoal near harbor approach, fracturing fiberglass keel and causing rapid bilge flooding. Insured (40-50 years, Young, low educated). Incident occurred on February 25, 2024 under standard operational conditions. Police report filed: Yes. Independent witness present: Yes. Total estimated repair and indemnity loss assessed at €12,773.08.",1
CLM-01464,CUST_09072,Boat_Marine,1,2,4,39772.26,Marina Collision,Moderate,2024-02-21,2024-04-30,69,No,No,"Moored pleasure craft broke stern line during gale-force harbor squall and collided repeatedly with marina pier pilings. Insured (30-40 years, Traditional families). Incident occurred on February 21, 2024 under standard operational conditions. Police report filed: No. Independent witness present: No. Total estimated repair and indemnity loss assessed at €39,772.26.",0
CLM-01465,CUST_02424,Boat_Marine,1,4,6,6094.74,Marina Collision,Moderate,2024-01-24,2024-01-26,2,Yes,No,"Moored pleasure craft broke stern line during gale-force harbor squall and collided repeatedly with marina pier pilings. Insured (40-50 years, Large family, employed child). Incident occurred on January 24, 2024 under standard operational conditions. Police report filed: Yes. Independent witness present: No. Total estimated repair and indemnity loss assessed at €6,094.74.",0
CLM-01466,CUST_02594,Boat_Marine,1,3,6,12422.88,Engine Failure,Severe,2024-07-07,2024-07-14,7,Yes,Yes,"Inboard marine engine overheated and suffered catastrophic crankcase seizure following cooling intake plastic debris blockage. Insured (30-40 years, Large family, employed child). Incident occurred on July 07, 2024 under standard operational conditions. Police report filed: Yes. Independent witness present: Yes. Total estimated repair and indemnity loss assessed at €12,422.88.",0
CLM-01467,CUST_00560,Boat_Marine,1,5,6,6036.89,Marine Theft,Minor,2024-08-03,2024-08-03,0,Yes,No,"Outboard motor stolen from boat transom while docked at secure marine club slipway overnight. Insured (40-50 years, Very Important Provincials). Incident occurred on August 03, 2024 under standard operational conditions. Police report filed: Yes. Independent witness present: No. Total estimated repair and indemnity loss assessed at €6,036.89.",2
CLM-01468,CUST_01142,Boat_Marine,1,3,4,11724.82,Engine Failure,Severe,2024-01-25,2024-01-25,0,Yes,Yes,"Inboard marine engine overheated and suffered catastrophic crankcase seizure following cooling intake plastic debris blockage. Insured (40-50 years, Mixed small town dwellers). Incident occurred on January 25, 2024 under standard operational conditions. Police report filed: Yes. Independent witness present: Yes. Total estimated repair and indemnity loss assessed at €11,724.82.",0
CLM-01469,CUST_03904,Boat_Marine,1,4,3,2716.53,Marine Theft,Minor,2024-09-30,2024-10-01,1,Yes,No,"Outboard motor stolen from boat transom while docked at secure marine club slipway overnight. Insured (40-50 years, Lower class large families). Incident occurred on September 30, 2024 under standard operational conditions. Police report filed: Yes. Independent witness present: No. Total estimated repair and indemnity loss assessed at €2,716.53.",3
CLM-01470,CUST_03704,Boat_Marine,1,1,2,4017.06,Marine Theft,Minor,2024-07-25,2024-07-29,4,Yes,Yes,"Outboard motor stolen from boat transom while docked at secure marine club slipway overnight. Insured (40-50 years, Young, low educated). Incident occurred on July 25, 2024 under standard operational conditions. Police report filed: Yes. Independent witness present: Yes. Total estimated repair and indemnity loss assessed at €4,017.06.",2
CLM-01471,CUST_07870,Boat_Marine,1,1,7,20082.48,Grounding/Hull Damage,Severe,2024-09-20,2024-09-24,4,Yes,No,"Vessel hull impacted submerged rock shoal near harbor approach, fracturing fiberglass keel and causing rapid bilge flooding. Insured (50-60 years, Middle class families). Incident occurred on September 20, 2024 under standard operational conditions. Police report filed: Yes. Independent witness present: No. Total estimated repair and indemnity loss assessed at €20,082.48.",1
CLM-01472,CUST_02662,Boat_Marine,1,6,5,13989.13,Grounding/Hull Damage,Severe,2024-03-29,2024-04-01,3,Yes,Yes,"Vessel hull impacted submerged rock shoal near harbor approach, fracturing fiberglass keel and causing rapid bilge flooding. Insured (50-60 years, Affluent senior apartments). Incident occurred on March 29, 2024 under standard operational conditions. Police report filed: Yes. Independent witness present: Yes. Total estimated repair and indemnity loss assessed at €13,989.13.",1
CLM-01473,CUST_02798,Boat_Marine,1,4,5,15143.11,Grounding/Hull Damage,Severe,2024-11-24,2024-11-26,2,Yes,No,"Vessel hull impacted submerged rock shoal near harbor approach, fracturing fiberglass keel and causing rapid bilge flooding. Insured (40-50 years, Village families). Incident occurred on November 24, 2024 under standard operational conditions. Police report filed: Yes. Independent witness present: No. Total estimated repair and indemnity loss assessed at €15,143.11.",2
CLM-01474,CUST_02662,Boat_Marine,1,6,5,17236.38,Grounding/Hull Damage,Severe,2024-11-25,2024-11-28,3,Yes,Yes,"Vessel hull impacted submerged rock shoal near harbor approach, fracturing fiberglass keel and causing rapid bilge flooding. Insured (50-60 years, Affluent senior apartments). Incident occurred on November 25, 2024 under standard operational conditions. Police report filed: Yes. Independent witness present: Yes. Total estimated repair and indemnity loss assessed at €17,236.38.",4
CLM-01475,CUST_00131,Boat_Marine,2,4,7,7926.37,Engine Failure,Severe,2024-11-20,2024-11-25,5,Yes,No,"Inboard marine engine overheated and suffered catastrophic crankcase seizure following cooling intake plastic debris blockage. Insured (40-50 years, Middle class families). Incident occurred on November 20, 2024 under standard operational conditions. Police report filed: Yes. Independent witness present: No. Total estimated repair and indemnity loss assessed at €7,926.37.",3
CLM-01476,CUST_06612,Boat_Marine,1,4,2,13085.81,Engine Failure,Severe,2024-07-29,2024-08-02,4,Yes,No,"Inboard marine engine overheated and suffered catastrophic crankcase seizure following cooling intake plastic debris blockage. Insured (40-50 years, Young, low educated). Incident occurred on July 29, 2024 under standard operational conditions. Police report filed: Yes. Independent witness present: No. Total estimated repair and indemnity loss assessed at €13,085.81.",1
CLM-01477,CUST_00131,Boat_Marine,2,4,7,10316.59,Engine Failure,Severe,2024-04-23,2024-04-27,4,Yes,Yes,"Inboard marine engine overheated and suffered catastrophic crankcase seizure following cooling intake plastic debris blockage. Insured (40-50 years, Middle class families). Incident occurred on April 23, 2024 under standard operational conditions. Police report filed: Yes. Independent witness present: Yes. Total estimated repair and indemnity loss assessed at €10,316.59.",2
CLM-01478,CUST_00180,Boat_Marine,1,1,4,16041.57,Grounding/Hull Damage,Severe,2024-07-15,2024-07-19,4,Yes,Yes,"Vessel hull impacted submerged rock shoal near harbor approach, fracturing fiberglass keel and causing rapid bilge flooding. Insured (40-50 years, Mixed rurals). Incident occurred on July 15, 2024 under standard operational conditions. Police report filed: Yes. Independent witness present: Yes. Total estimated repair and indemnity loss assessed at €16,041.57.",3
CLM-01479,CUST_02453,Boat_Marine,1,3,7,7109.03,Engine Failure,Severe,2024-05-18,2024-05-21,3,Yes,No,"Inboard marine engine overheated and suffered catastrophic crankcase seizure following cooling intake plastic debris blockage. Insured (40-50 years, Middle class families). Incident occurred on May 18, 2024 under standard operational conditions. Police report filed: Yes. Independent witness present: No. Total estimated repair and indemnity loss assessed at €7,109.03.",3
CLM-01480,CUST_02453,Boat_Marine,1,3,7,3382.8,Marine Theft,Minor,2024-07-08,2024-07-10,2,No,Yes,"Outboard motor stolen from boat transom while docked at secure marine club slipway overnight. Insured (40-50 years, Middle class families). Incident occurred on July 08, 2024 under standard operational conditions. Police report filed: No. Independent witness present: Yes. Total estimated repair and indemnity loss assessed at €3,382.80.",4
CLM-01481,CUST_04914,Boat_Marine,1,3,7,8909.72,Marina Collision,Moderate,2024-04-01,2024-04-04,3,No,Yes,"Moored pleasure craft broke stern line during gale-force harbor squall and collided repeatedly with marina pier pilings. Insured (40-50 years, Middle class families). Incident occurred on April 01, 2024 under standard operational conditions. Police report filed: No. Independent witness present: Yes. Total estimated repair and indemnity loss assessed at €8,909.72.",1
CLM-01482,CUST_00180,Boat_Marine,1,1,4,8065.8,Engine Failure,Severe,2024-03-25,2024-03-27,2,Yes,No,"Inboard marine engine overheated and suffered catastrophic crankcase seizure following cooling intake plastic debris blockage. Insured (40-50 years, Mixed rurals). Incident occurred on March 25, 2024 under standard operational conditions. Police report filed: Yes. Independent witness present: No. Total estimated repair and indemnity loss assessed at €8,065.80.",1
CLM-01483,CUST_02424,Boat_Marine,1,4,6,24820.21,Grounding/Hull Damage,Severe,2024-03-15,2024-03-16,1,Yes,No,"Vessel hull impacted submerged rock shoal near harbor approach, fracturing fiberglass keel and causing rapid bilge flooding. Insured (40-50 years, Large family, employed child). Incident occurred on March 15, 2024 under standard operational conditions. Police report filed: Yes. Independent witness present: No. Total estimated repair and indemnity loss assessed at €24,820.21.",1
CLM-01484,CUST_09072,Boat_Marine,1,2,4,3256.4,Marine Theft,Minor,2024-02-22,2024-02-24,2,Yes,Yes,"Outboard motor stolen from boat transom while docked at secure marine club slipway overnight. Insured (30-40 years, Traditional families). Incident occurred on February 22, 2024 under standard operational conditions. Police report filed: Yes. Independent witness present: Yes. Total estimated repair and indemnity loss assessed at €3,256.40.",1
CLM-01485,CUST_00180,Boat_Marine,1,1,4,15028.36,Grounding/Hull Damage,Severe,2024-01-08,2024-01-08,0,Yes,Yes,"Vessel hull impacted submerged rock shoal near harbor approach, fracturing fiberglass keel and causing rapid bilge flooding. Insured (40-50 years, Mixed rurals). Incident occurred on January 08, 2024 under standard operational conditions. Police report filed: Yes. Independent witness present: Yes. Total estimated repair and indemnity loss assessed at €15,028.36.",0
CLM-01486,CUST_00627,Boat_Marine,1,4,3,14109.33,Engine Failure,Severe,2024-03-15,2024-03-15,0,Yes,Yes,"Inboard marine engine overheated and suffered catastrophic crankcase seizure following cooling intake plastic debris blockage. Insured (40-50 years, Lower class large families). Incident occurred on March 15, 2024 under standard operational conditions. Police report filed: Yes. Independent witness present: Yes. Total estimated repair and indemnity loss assessed at €14,109.33.",2
CLM-01487,CUST_00670,Boat_Marine,1,2,4,4749.88,Engine Failure,Severe,2024-02-14,2024-02-17,3,Yes,Yes,"Inboard marine engine overheated and suffered catastrophic crankcase seizure following cooling intake plastic debris blockage. Insured (30-40 years, Traditional families). Incident occurred on February 14, 2024 under standard operational conditions. Police report filed: Yes. Independent witness present: Yes. Total estimated repair and indemnity loss assessed at €4,749.88.",1
CLM-01488,CUST_07818,Boat_Marine,1,5,6,2263.11,Marine Theft,Minor,2024-03-25,2024-03-29,4,No,No,"Outboard motor stolen from boat transom while docked at secure marine club slipway overnight. Insured (30-40 years, Young all american family). Incident occurred on March 25, 2024 under standard operational conditions. Police report filed: No. Independent witness present: No. Total estimated repair and indemnity loss assessed at €2,263.11.",1
CLM-01489,CUST_00221,Boat_Marine,1,1,1,3915.64,Engine Failure,Severe,2024-11-18,2024-11-19,1,Yes,Yes,"Inboard marine engine overheated and suffered catastrophic crankcase seizure following cooling intake plastic debris blockage. Insured (40-50 years, Low income catholics). Incident occurred on November 18, 2024 under standard operational conditions. Police report filed: Yes. Independent witness present: Yes. Total estimated repair and indemnity loss assessed at €3,915.64.",2
CLM-01490,CUST_00670,Boat_Marine,1,2,4,14401.3,Engine Failure,Severe,2024-02-23,2024-02-29,6,Yes,Yes,"Inboard marine engine overheated and suffered catastrophic crankcase seizure following cooling intake plastic debris blockage. Insured (30-40 years, Traditional families). Incident occurred on February 23, 2024 under standard operational conditions. Police report filed: Yes. Independent witness present: Yes. Total estimated repair and indemnity loss assessed at €14,401.30.",2
CLM-01491,CUST_03739,Boat_Marine,0,0,2,19758.75,Marine Theft,Minor,2024-05-27,2024-07-25,59,Yes,No,"Outboard motor stolen from boat transom while docked at secure marine club slipway overnight. Insured (40-50 years, Young, low educated). Incident occurred on May 27, 2024 under standard operational conditions. Police report filed: Yes. Independent witness present: No. Total estimated repair and indemnity loss assessed at €19,758.75.",0
CLM-01492,CUST_00763,Boat_Marine,1,6,1,14251.68,Marina Collision,Moderate,2024-02-23,2024-02-27,4,No,Yes,"Moored pleasure craft broke stern line during gale-force harbor squall and collided repeatedly with marina pier pilings. Insured (40-50 years, Mixed seniors). Incident occurred on February 23, 2024 under standard operational conditions. Police report filed: No. Independent witness present: Yes. Total estimated repair and indemnity loss assessed at €14,251.68.",2
CLM-01493,CUST_00763,Boat_Marine,1,6,1,9616.71,Engine Failure,Severe,2024-02-14,2024-02-14,0,Yes,Yes,"Inboard marine engine overheated and suffered catastrophic crankcase seizure following cooling intake plastic debris blockage. Insured (40-50 years, Mixed seniors). Incident occurred on February 14, 2024 under standard operational conditions. Police report filed: Yes. Independent witness present: Yes. Total estimated repair and indemnity loss assessed at €9,616.71.",1
CLM-01494,CUST_06114,Boat_Marine,1,5,3,11864.38,Engine Failure,Severe,2024-11-04,2024-11-06,2,Yes,No,"Inboard marine engine overheated and suffered catastrophic crankcase seizure following cooling intake plastic debris blockage. Insured (50-60 years, Lower class large families). Incident occurred on November 04, 2024 under standard operational conditions. Police report filed: Yes. Independent witness present: No. Total estimated repair and indemnity loss assessed at €11,864.38.",4
CLM-01495,CUST_09322,Boat_Marine,1,4,3,16303.6,Engine Failure,Severe,2024-11-16,2024-11-20,4,Yes,No,"Inboard marine engine overheated and suffered catastrophic crankcase seizure following cooling intake plastic debris blockage. Insured (50-60 years, Lower class large families). Incident occurred on November 16, 2024 under standard operational conditions. Police report filed: Yes. Independent witness present: No. Total estimated repair and indemnity loss assessed at €16,303.60.",2
CLM-01496,CUST_02662,Boat_Marine,1,6,5,6574.7,Marine Theft,Minor,2024-12-05,2024-12-10,5,No,Yes,"Outboard motor stolen from boat transom while docked at secure marine club slipway overnight. Insured (50-60 years, Affluent senior apartments). Incident occurred on December 05, 2024 under standard operational conditions. Police report filed: No. Independent witness present: Yes. Total estimated repair and indemnity loss assessed at €6,574.70.",5
CLM-01497,CUST_01596,Boat_Marine,1,4,4,12435.61,Marina Collision,Moderate,2024-06-13,2024-06-15,2,No,No,"Moored pleasure craft broke stern line during gale-force harbor squall and collided repeatedly with marina pier pilings. Insured (30-40 years, Traditional families). Incident occurred on June 13, 2024 under standard operational conditions. Police report filed: No. Independent witness present: No. Total estimated repair and indemnity loss assessed at €12,435.61.",3
CLM-01498,CUST_05524,Boat_Marine,1,2,3,20803.5,Grounding/Hull Damage,Severe,2024-02-28,2024-03-05,6,Yes,No,"Vessel hull impacted submerged rock shoal near harbor approach, fracturing fiberglass keel and causing rapid bilge flooding. Insured (40-50 years, Lower class large families). Incident occurred on February 28, 2024 under standard operational conditions. Police report filed: Yes. Independent witness present: No. Total estimated repair and indemnity loss assessed at €20,803.50.",0
CLM-01499,CUST_02956,Boat_Marine,1,4,6,9945.75,Marina Collision,Moderate,2024-04-04,2024-04-10,6,No,No,"Moored pleasure craft broke stern line during gale-force harbor squall and collided repeatedly with marina pier pilings. Insured (60-70 years, High status seniors). Incident occurred on April 04, 2024 under standard operational conditions. Police report filed: No. Independent witness present: No. Total estimated repair and indemnity loss assessed at €9,945.75.",1
CLM-01500,CUST_05524,Boat_Marine,1,2,3,4347.78,Marine Theft,Minor,2024-11-05,2024-11-10,5,Yes,Yes,"Outboard motor stolen from boat transom while docked at secure marine club slipway overnight. Insured (40-50 years, Lower class large families). Incident occurred on November 05, 2024 under standard operational conditions. Police report filed: Yes. Independent witness present: Yes. Total estimated repair and indemnity loss assessed at €4,347.78.",2
CLM-01501,CUST_06612,Boat_Marine,1,4,2,4888.2,Marine Theft,Minor,2024-10-03,2024-10-10,7,Yes,No,"Outboard motor stolen from boat transom while docked at secure marine club slipway overnight. Insured (40-50 years, Young, low educated). Incident occurred on October 03, 2024 under standard operational conditions. Police report filed: Yes. Independent witness present: No. Total estimated repair and indemnity loss assessed at €4,888.20.",2
CLM-01502,CUST_06114,Boat_Marine,1,5,3,6477.15,Marina Collision,Moderate,2024-05-01,2024-05-04,3,Yes,No,"Moored pleasure craft broke stern line during gale-force harbor squall and collided repeatedly with marina pier pilings. Insured (50-60 years, Lower class large families). Incident occurred on May 01, 2024 under standard operational conditions. Police report filed: Yes. Independent witness present: No. Total estimated repair and indemnity loss assessed at €6,477.15.",1
CLM-01503,CUST_01142,Boat_Marine,1,3,4,10925.37,Grounding/Hull Damage,Severe,2024-02-01,2024-02-06,5,Yes,No,"Vessel hull impacted submerged rock shoal near harbor approach, fracturing fiberglass keel and causing rapid bilge flooding. Insured (40-50 years, Mixed small town dwellers). Incident occurred on February 01, 2024 under standard operational conditions. Police report filed: Yes. Independent witness present: No. Total estimated repair and indemnity loss assessed at €10,925.37.",1
CLM-01504,CUST_01142,Boat_Marine,1,3,4,10291.85,Engine Failure,Severe,2024-08-24,2024-08-26,2,Yes,No,"Inboard marine engine overheated and suffered catastrophic crankcase seizure following cooling intake plastic debris blockage. Insured (40-50 years, Mixed small town dwellers). Incident occurred on August 24, 2024 under standard operational conditions. Police report filed: Yes. Independent witness present: No. Total estimated repair and indemnity loss assessed at €10,291.85.",3
CLM-01505,CUST_02453,Boat_Marine,1,3,7,14295.04,Grounding/Hull Damage,Severe,2024-03-12,2024-03-13,1,Yes,Yes,"Vessel hull impacted submerged rock shoal near harbor approach, fracturing fiberglass keel and causing rapid bilge flooding. Insured (40-50 years, Middle class families). Incident occurred on March 12, 2024 under standard operational conditions. Police report filed: Yes. Independent witness present: Yes. Total estimated repair and indemnity loss assessed at €14,295.04.",1
CLM-01506,CUST_00180,Boat_Marine,1,1,4,3029.45,Marine Theft,Minor,2024-07-10,2024-07-10,0,Yes,Yes,"Outboard motor stolen from boat transom while docked at secure marine club slipway overnight. Insured (40-50 years, Mixed rurals). Incident occurred on July 10, 2024 under standard operational conditions. Police report filed: Yes. Independent witness present: Yes. Total estimated repair and indemnity loss assessed at €3,029.45.",2
CLM-01507,CUST_08444,Boat_Marine,1,3,7,8847.33,Marina Collision,Moderate,2024-01-17,2024-01-19,2,No,Yes,"Moored pleasure craft broke stern line during gale-force harbor squall and collided repeatedly with marina pier pilings. Insured (30-40 years, Affluent young families). Incident occurred on January 17, 2024 under standard operational conditions. Police report filed: No. Independent witness present: Yes. Total estimated repair and indemnity loss assessed at €8,847.33.",1
CLM-01508,CUST_09370,Boat_Marine,0,0,1,18049.38,Marine Theft,Minor,2024-03-13,2024-03-17,4,No,No,"Outboard motor stolen from boat transom while docked at secure marine club slipway overnight. Insured (40-50 years, Mixed seniors). Incident occurred on March 13, 2024 under standard operational conditions. Police report filed: No. Independent witness present: No. Total estimated repair and indemnity loss assessed at €18,049.38.",0
CLM-01509,CUST_04635,Boat_Marine,1,4,6,16299.72,Grounding/Hull Damage,Severe,2024-05-27,2024-05-28,1,Yes,Yes,"Vessel hull impacted submerged rock shoal near harbor approach, fracturing fiberglass keel and causing rapid bilge flooding. Insured (40-50 years, High status seniors). Incident occurred on May 27, 2024 under standard operational conditions. Police report filed: Yes. Independent witness present: Yes. Total estimated repair and indemnity loss assessed at €16,299.72.",0
CLM-01510,CUST_08444,Boat_Marine,1,3,7,10722.07,Marina Collision,Moderate,2024-01-07,2024-01-13,6,No,No,"Moored pleasure craft broke stern line during gale-force harbor squall and collided repeatedly with marina pier pilings. Insured (30-40 years, Affluent young families). Incident occurred on January 07, 2024 under standard operational conditions. Police report filed: No. Independent witness present: No. Total estimated repair and indemnity loss assessed at €10,722.07.",0
CLM-01511,CUST_05631,Boat_Marine,1,2,5,5745.92,Engine Failure,Severe,2024-04-27,2024-05-03,6,Yes,Yes,"Inboard marine engine overheated and suffered catastrophic crankcase seizure following cooling intake plastic debris blockage. Insured (40-50 years, Mixed small town dwellers). Incident occurred on April 27, 2024 under standard operational conditions. Police report filed: Yes. Independent witness present: Yes. Total estimated repair and indemnity loss assessed at €5,745.92.",1
CLM-01512,CUST_00627,Boat_Marine,1,4,3,3818.97,Marine Theft,Minor,2024-03-06,2024-03-09,3,No,Yes,"Outboard motor stolen from boat transom while docked at secure marine club slipway overnight. Insured (40-50 years, Lower class large families). Incident occurred on March 06, 2024 under standard operational conditions. Police report filed: No. Independent witness present: Yes. Total estimated repair and indemnity loss assessed at €3,818.97.",1
CLM-01513,CUST_02271,Boat_Marine,1,2,6,10792.52,Grounding/Hull Damage,Severe,2024-08-28,2024-09-04,7,Yes,No,"Vessel hull impacted submerged rock shoal near harbor approach, fracturing fiberglass keel and causing rapid bilge flooding. Insured (30-40 years, Dinki's (double income no kids)). Incident occurred on August 28, 2024 under standard operational conditions. Police report filed: Yes. Independent witness present: No. Total estimated repair and indemnity loss assessed at €10,792.52.",0
CLM-01514,CUST_03904,Boat_Marine,1,4,3,1978.81,Marine Theft,Minor,2024-03-26,2024-03-26,0,No,No,"Outboard motor stolen from boat transom while docked at secure marine club slipway overnight. Insured (40-50 years, Lower class large families). Incident occurred on March 26, 2024 under standard operational conditions. Police report filed: No. Independent witness present: No. Total estimated repair and indemnity loss assessed at €1,978.81.",0
CLM-01515,CUST_00670,Boat_Marine,1,2,4,14090.06,Grounding/Hull Damage,Severe,2024-02-10,2024-02-15,5,Yes,No,"Vessel hull impacted submerged rock shoal near harbor approach, fracturing fiberglass keel and causing rapid bilge flooding. Insured (30-40 years, Traditional families). Incident occurred on February 10, 2024 under standard operational conditions. Police report filed: Yes. Independent witness present: No. Total estimated repair and indemnity loss assessed at €14,090.06.",0
CLM-01516,CUST_08914,Boat_Marine,0,0,5,87940.07,Grounding/Hull Damage,Severe,2024-06-08,2024-07-25,47,No,No,"Vessel hull impacted submerged rock shoal near harbor approach, fracturing fiberglass keel and causing rapid bilge flooding. Insured (40-50 years, Village families). Incident occurred on June 08, 2024 under standard operational conditions. Police report filed: No. Independent witness present: No. Total estimated repair and indemnity loss assessed at €87,940.07.",0
CLM-01517,CUST_00207,Boat_Marine,1,4,2,20328.51,Marine Theft,Minor,2024-06-08,2024-08-04,57,No,No,"Outboard motor stolen from boat transom while docked at secure marine club slipway overnight. Insured (40-50 years, Young, low educated). Incident occurred on June 08, 2024 under standard operational conditions. Police report filed: No. Independent witness present: No. Total estimated repair and indemnity loss assessed at €20,328.51.",0
CLM-01518,CUST_02956,Boat_Marine,1,4,6,4725.89,Marine Theft,Minor,2024-07-02,2024-07-04,2,Yes,No,"Outboard motor stolen from boat transom while docked at secure marine club slipway overnight. Insured (60-70 years, High status seniors). Incident occurred on July 02, 2024 under standard operational conditions. Police report filed: Yes. Independent witness present: No. Total estimated repair and indemnity loss assessed at €4,725.89.",3
CLM-01519,CUST_05631,Boat_Marine,1,2,5,9194.23,Grounding/Hull Damage,Severe,2024-09-15,2024-09-17,2,Yes,Yes,"Vessel hull impacted submerged rock shoal near harbor approach, fracturing fiberglass keel and causing rapid bilge flooding. Insured (40-50 years, Mixed small town dwellers). Incident occurred on September 15, 2024 under standard operational conditions. Police report filed: Yes. Independent witness present: Yes. Total estimated repair and indemnity loss assessed at €9,194.23.",3
CLM-01520,CUST_03704,Boat_Marine,1,1,2,5567.5,Marine Theft,Minor,2024-10-28,2024-10-28,0,No,Yes,"Outboard motor stolen from boat transom while docked at secure marine club slipway overnight. Insured (40-50 years, Young, low educated). Incident occurred on October 28, 2024 under standard operational conditions. Police report filed: No. Independent witness present: Yes. Total estimated repair and indemnity loss assessed at €5,567.50.",4
CLM-01521,CUST_04914,Boat_Marine,1,3,7,21529.38,Grounding/Hull Damage,Severe,2024-11-17,2024-11-18,1,Yes,Yes,"Vessel hull impacted submerged rock shoal near harbor approach, fracturing fiberglass keel and causing rapid bilge flooding. Insured (40-50 years, Middle class families). Incident occurred on November 17, 2024 under standard operational conditions. Police report filed: Yes. Independent witness present: Yes. Total estimated repair and indemnity loss assessed at €21,529.38.",2
CLM-01522,CUST_09326,Boat_Marine,1,4,3,8885.03,Marina Collision,Moderate,2024-03-24,2024-03-29,5,No,Yes,"Moored pleasure craft broke stern line during gale-force harbor squall and collided repeatedly with marina pier pilings. Insured (40-50 years, Lower class large families). Incident occurred on March 24, 2024 under standard operational conditions. Police report filed: No. Independent witness present: Yes. Total estimated repair and indemnity loss assessed at €8,885.03.",0
CLM-01523,CUST_03555,Boat_Marine,1,5,6,3950.87,Marine Theft,Minor,2024-01-22,2024-01-28,6,Yes,Yes,"Outboard motor stolen from boat transom while docked at secure marine club slipway overnight. Insured (30-40 years, Large family, employed child). Incident occurred on January 22, 2024 under standard operational conditions. Police report filed: Yes. Independent witness present: Yes. Total estimated repair and indemnity loss assessed at €3,950.87.",0
CLM-01524,CUST_08444,Boat_Marine,1,3,7,10190.92,Grounding/Hull Damage,Severe,2024-03-20,2024-03-27,7,Yes,Yes,"Vessel hull impacted submerged rock shoal near harbor approach, fracturing fiberglass keel and causing rapid bilge flooding. Insured (30-40 years, Affluent young families). Incident occurred on March 20, 2024 under standard operational conditions. Police report filed: Yes. Independent witness present: Yes. Total estimated repair and indemnity loss assessed at €10,190.92.",3
CLM-01525,CUST_01596,Boat_Marine,1,4,4,9412.06,Engine Failure,Severe,2024-10-08,2024-10-09,1,Yes,No,"Inboard marine engine overheated and suffered catastrophic crankcase seizure following cooling intake plastic debris blockage. Insured (30-40 years, Traditional families). Incident occurred on October 08, 2024 under standard operational conditions. Police report filed: Yes. Independent witness present: No. Total estimated repair and indemnity loss assessed at €9,412.06.",4
CLM-01526,CUST_04873,Boat_Marine,0,0,7,43403.37,Marina Collision,Moderate,2024-06-30,2024-08-15,46,No,No,"Moored pleasure craft broke stern line during gale-force harbor squall and collided repeatedly with marina pier pilings. Insured (30-40 years, Middle class families). Incident occurred on June 30, 2024 under standard operational conditions. Police report filed: No. Independent witness present: No. Total estimated repair and indemnity loss assessed at €43,403.37.",0
CLM-01527,CUST_02594,Boat_Marine,1,3,6,5937.04,Marine Theft,Minor,2024-11-29,2024-12-01,2,Yes,No,"Outboard motor stolen from boat transom while docked at secure marine club slipway overnight. Insured (30-40 years, Large family, employed child). Incident occurred on November 29, 2024 under standard operational conditions. Police report filed: Yes. Independent witness present: No. Total estimated repair and indemnity loss assessed at €5,937.04.",1
CLM-01528,CUST_03904,Boat_Marine,1,4,3,5729.57,Marine Theft,Minor,2024-12-15,2025-02-11,58,No,No,"Outboard motor stolen from boat transom while docked at secure marine club slipway overnight. Insured (40-50 years, Lower class large families). Incident occurred on December 15, 2024 under standard operational conditions. Police report filed: No. Independent witness present: No. Total estimated repair and indemnity loss assessed at €5,729.57.",4
CLM-01529,CUST_04635,Boat_Marine,1,4,6,8992.14,Engine Failure,Severe,2024-12-16,2025-01-23,38,Yes,Yes,"Inboard marine engine overheated and suffered catastrophic crankcase seizure following cooling intake plastic debris blockage. Insured (40-50 years, High status seniors). Incident occurred on December 16, 2024 under standard operational conditions. Police report filed: Yes. Independent witness present: Yes. Total estimated repair and indemnity loss assessed at €8,992.14.",2
CLM-01530,CUST_01596,Boat_Marine,1,4,4,10017.99,Grounding/Hull Damage,Severe,2024-05-29,2024-06-04,6,Yes,Yes,"Vessel hull impacted submerged rock shoal near harbor approach, fracturing fiberglass keel and causing rapid bilge flooding. Insured (30-40 years, Traditional families). Incident occurred on May 29, 2024 under standard operational conditions. Police report filed: Yes. Independent witness present: Yes. Total estimated repair and indemnity loss assessed at €10,017.99.",2
CLM-01531,CUST_00560,Boat_Marine,1,5,6,8138.13,Marina Collision,Moderate,2024-07-18,2024-07-25,7,Yes,No,"Moored pleasure craft broke stern line during gale-force harbor squall and collided repeatedly with marina pier pilings. Insured (40-50 years, Very Important Provincials). Incident occurred on July 18, 2024 under standard operational conditions. Police report filed: Yes. Independent witness present: No. Total estimated repair and indemnity loss assessed at €8,138.13.",1
CLM-01532,CUST_09072,Boat_Marine,1,2,4,1750.72,Marine Theft,Minor,2024-02-26,2024-02-27,1,Yes,Yes,"Outboard motor stolen from boat transom while docked at secure marine club slipway overnight. Insured (30-40 years, Traditional families). Incident occurred on February 26, 2024 under standard operational conditions. Police report filed: Yes. Independent witness present: Yes. Total estimated repair and indemnity loss assessed at €1,750.72.",2
CLM-01533,CUST_03904,Boat_Marine,1,4,3,4387.48,Marine Theft,Minor,2024-04-13,2024-04-19,6,No,Yes,"Outboard motor stolen from boat transom while docked at secure marine club slipway overnight. Insured (40-50 years, Lower class large families). Incident occurred on April 13, 2024 under standard operational conditions. Police report filed: No. Independent witness present: Yes. Total estimated repair and indemnity loss assessed at €4,387.48.",1
CLM-01534,CUST_08444,Boat_Marine,1,3,7,3701.64,Marine Theft,Minor,2024-04-19,2024-04-26,7,Yes,No,"Outboard motor stolen from boat transom while docked at secure marine club slipway overnight. Insured (30-40 years, Affluent young families). Incident occurred on April 19, 2024 under standard operational conditions. Police report filed: Yes. Independent witness present: No. Total estimated repair and indemnity loss assessed at €3,701.64.",4
CLM-01535,CUST_06398,Boat_Marine,2,4,7,6369.51,Marina Collision,Moderate,2024-08-29,2024-08-31,2,Yes,No,"Moored pleasure craft broke stern line during gale-force harbor squall and collided repeatedly with marina pier pilings. Insured (50-60 years, Middle class families). Incident occurred on August 29, 2024 under standard operational conditions. Police report filed: Yes. Independent witness present: No. Total estimated repair and indemnity loss assessed at €6,369.51.",0
CLM-01536,CUST_08444,Boat_Marine,1,3,7,2109.83,Marine Theft,Minor,2024-02-02,2024-02-07,5,No,No,"Outboard motor stolen from boat transom while docked at secure marine club slipway overnight. Insured (30-40 years, Affluent young families). Incident occurred on February 02, 2024 under standard operational conditions. Police report filed: No. Independent witness present: No. Total estimated repair and indemnity loss assessed at €2,109.83.",2
CLM-01537,CUST_02451,Boat_Marine,1,6,3,19830.72,Grounding/Hull Damage,Severe,2024-08-05,2024-08-09,4,Yes,No,"Vessel hull impacted submerged rock shoal near harbor approach, fracturing fiberglass keel and causing rapid bilge flooding. Insured (30-40 years, Young and rising). Incident occurred on August 05, 2024 under standard operational conditions. Police report filed: Yes. Independent witness present: No. Total estimated repair and indemnity loss assessed at €19,830.72.",0
CLM-01538,CUST_00627,Boat_Marine,1,4,3,6209.52,Marina Collision,Moderate,2024-02-06,2024-02-10,4,No,Yes,"Moored pleasure craft broke stern line during gale-force harbor squall and collided repeatedly with marina pier pilings. Insured (40-50 years, Lower class large families). Incident occurred on February 06, 2024 under standard operational conditions. Police report filed: No. Independent witness present: Yes. Total estimated repair and indemnity loss assessed at €6,209.52.",0
CLM-01539,CUST_04635,Boat_Marine,1,4,6,2745.09,Marine Theft,Minor,2024-09-26,2024-09-29,3,No,Yes,"Outboard motor stolen from boat transom while docked at secure marine club slipway overnight. Insured (40-50 years, High status seniors). Incident occurred on September 26, 2024 under standard operational conditions. Police report filed: No. Independent witness present: Yes. Total estimated repair and indemnity loss assessed at €2,745.09.",1
CLM-01540,CUST_00627,Boat_Marine,1,4,3,872.51,Marine Theft,Minor,2024-06-25,2024-06-29,4,Yes,Yes,"Outboard motor stolen from boat transom while docked at secure marine club slipway overnight. Insured (40-50 years, Lower class large families). Incident occurred on June 25, 2024 under standard operational conditions. Police report filed: Yes. Independent witness present: Yes. Total estimated repair and indemnity loss assessed at €872.51.",3
CLM-01541,CUST_03951,Boat_Marine,1,3,8,3833.73,Marine Theft,Minor,2024-09-01,2024-09-03,2,No,No,"Outboard motor stolen from boat transom while docked at secure marine club slipway overnight. Insured (40-50 years, Stable family). Incident occurred on September 01, 2024 under standard operational conditions. Police report filed: No. Independent witness present: No. Total estimated repair and indemnity loss assessed at €3,833.73.",1
CLM-01542,CUST_07818,Boat_Marine,1,5,6,6149.48,Marine Theft,Minor,2024-01-07,2024-01-10,3,Yes,Yes,"Outboard motor stolen from boat transom while docked at secure marine club slipway overnight. Insured (30-40 years, Young all american family). Incident occurred on January 07, 2024 under standard operational conditions. Police report filed: Yes. Independent witness present: Yes. Total estimated repair and indemnity loss assessed at €6,149.48.",0
CLM-01543,CUST_02956,Boat_Marine,1,4,6,24478.55,Grounding/Hull Damage,Severe,2024-03-19,2024-03-26,7,Yes,Yes,"Vessel hull impacted submerged rock shoal near harbor approach, fracturing fiberglass keel and causing rapid bilge flooding. Insured (60-70 years, High status seniors). Incident occurred on March 19, 2024 under standard operational conditions. Police report filed: Yes. Independent witness present: Yes. Total estimated repair and indemnity loss assessed at €24,478.55.",0
CLM-01544,CUST_02956,Boat_Marine,1,4,6,13463.1,Grounding/Hull Damage,Severe,2024-12-12,2024-12-18,6,Yes,No,"Vessel hull impacted submerged rock shoal near harbor approach, fracturing fiberglass keel and causing rapid bilge flooding. Insured (60-70 years, High status seniors). Incident occurred on December 12, 2024 under standard operational conditions. Police report filed: Yes. Independent witness present: No. Total estimated repair and indemnity loss assessed at €13,463.10.",4
CLM-01545,CUST_00131,Boat_Marine,2,4,7,3369.57,Marine Theft,Minor,2024-03-06,2024-03-13,7,Yes,Yes,"Outboard motor stolen from boat transom while docked at secure marine club slipway overnight. Insured (40-50 years, Middle class families). Incident occurred on March 06, 2024 under standard operational conditions. Police report filed: Yes. Independent witness present: Yes. Total estimated repair and indemnity loss assessed at €3,369.57.",0
CLM-01546,CUST_02424,Boat_Marine,1,4,6,4547.65,Marine Theft,Minor,2024-10-07,2024-10-09,2,No,Yes,"Outboard motor stolen from boat transom while docked at secure marine club slipway overnight. Insured (40-50 years, Large family, employed child). Incident occurred on October 07, 2024 under standard operational conditions. Police report filed: No. Independent witness present: Yes. Total estimated repair and indemnity loss assessed at €4,547.65.",3
CLM-01547,CUST_02424,Boat_Marine,1,4,6,10648.4,Grounding/Hull Damage,Severe,2024-07-09,2024-07-14,5,Yes,Yes,"Vessel hull impacted submerged rock shoal near harbor approach, fracturing fiberglass keel and causing rapid bilge flooding. Insured (40-50 years, Large family, employed child). Incident occurred on July 09, 2024 under standard operational conditions. Police report filed: Yes. Independent witness present: Yes. Total estimated repair and indemnity loss assessed at €10,648.40.",2
CLM-01548,CUST_02954,Boat_Marine,2,4,6,17409.32,Grounding/Hull Damage,Severe,2024-09-13,2024-09-20,7,Yes,No,"Vessel hull impacted submerged rock shoal near harbor approach, fracturing fiberglass keel and causing rapid bilge flooding. Insured (50-60 years, Very Important Provincials). Incident occurred on September 13, 2024 under standard operational conditions. Police report filed: Yes. Independent witness present: No. Total estimated repair and indemnity loss assessed at €17,409.32.",1
CLM-01549,CUST_03510,Boat_Marine,1,4,5,4874.69,Marine Theft,Minor,2024-09-25,2024-09-30,5,Yes,Yes,"Outboard motor stolen from boat transom while docked at secure marine club slipway overnight. Insured (40-50 years, Large religious families). Incident occurred on September 25, 2024 under standard operational conditions. Police report filed: Yes. Independent witness present: Yes. Total estimated repair and indemnity loss assessed at €4,874.69.",0
CLM-01550,CUST_03555,Boat_Marine,1,5,6,10744.64,Marina Collision,Moderate,2024-10-11,2024-10-13,2,No,No,"Moored pleasure craft broke stern line during gale-force harbor squall and collided repeatedly with marina pier pilings. Insured (30-40 years, Large family, employed child). Incident occurred on October 11, 2024 under standard operational conditions. Police report filed: No. Independent witness present: No. Total estimated repair and indemnity loss assessed at €10,744.64.",3
CLM-01551,CUST_09322,Boat_Marine,1,4,3,3921.83,Marine Theft,Minor,2024-11-21,2024-11-25,4,Yes,Yes,"Outboard motor stolen from boat transom while docked at secure marine club slipway overnight. Insured (50-60 years, Lower class large families). Incident occurred on November 21, 2024 under standard operational conditions. Police report filed: Yes. Independent witness present: Yes. Total estimated repair and indemnity loss assessed at €3,921.83.",3
CLM-01552,CUST_00670,Boat_Marine,1,2,4,13460.9,Grounding/Hull Damage,Severe,2024-11-29,2024-11-29,0,Yes,No,"Vessel hull impacted submerged rock shoal near harbor approach, fracturing fiberglass keel and causing rapid bilge flooding. Insured (30-40 years, Traditional families). Incident occurred on November 29, 2024 under standard operational conditions. Police report filed: Yes. Independent witness present: No. Total estimated repair and indemnity loss assessed at €13,460.90.",3
CLM-01553,CUST_08685,Boat_Marine,2,4,5,11274.49,Grounding/Hull Damage,Severe,2024-09-15,2024-09-15,0,Yes,No,"Vessel hull impacted submerged rock shoal near harbor approach, fracturing fiberglass keel and causing rapid bilge flooding. Insured (50-60 years, Fresh masters in the city). Incident occurred on September 15, 2024 under standard operational conditions. Police report filed: Yes. Independent witness present: No. Total estimated repair and indemnity loss assessed at €11,274.49.",2
CLM-01554,CUST_04914,Boat_Marine,1,3,7,2954.43,Marine Theft,Minor,2024-02-29,2024-03-03,3,No,Yes,"Outboard motor stolen from boat transom while docked at secure marine club slipway overnight. Insured (40-50 years, Middle class families). Incident occurred on February 29, 2024 under standard operational conditions. Police report filed: No. Independent witness present: Yes. Total estimated repair and indemnity loss assessed at €2,954.43.",0
CLM-01555,CUST_04914,Boat_Marine,1,3,7,3614.87,Marine Theft,Minor,2024-11-27,2024-12-03,6,Yes,No,"Outboard motor stolen from boat transom while docked at secure marine club slipway overnight. Insured (40-50 years, Middle class families). Incident occurred on November 27, 2024 under standard operational conditions. Police report filed: Yes. Independent witness present: No. Total estimated repair and indemnity loss assessed at €3,614.87.",3
CLM-01556,CUST_05631,Boat_Marine,1,2,5,11178.52,Engine Failure,Severe,2024-05-18,2024-05-22,4,Yes,No,"Inboard marine engine overheated and suffered catastrophic crankcase seizure following cooling intake plastic debris blockage. Insured (40-50 years, Mixed small town dwellers). Incident occurred on May 18, 2024 under standard operational conditions. Police report filed: Yes. Independent witness present: No. Total estimated repair and indemnity loss assessed at €11,178.52.",2
CLM-01557,CUST_03951,Boat_Marine,1,3,8,9368.6,Marina Collision,Moderate,2024-01-04,2024-01-10,6,Yes,Yes,"Moored pleasure craft broke stern line during gale-force harbor squall and collided repeatedly with marina pier pilings. Insured (40-50 years, Stable family). Incident occurred on January 04, 2024 under standard operational conditions. Police report filed: Yes. Independent witness present: Yes. Total estimated repair and indemnity loss assessed at €9,368.60.",0
CLM-01558,CUST_06114,Boat_Marine,1,5,3,74319.24,Engine Failure,Severe,2024-08-09,2024-10-08,60,Yes,Yes,"Inboard marine engine overheated and suffered catastrophic crankcase seizure following cooling intake plastic debris blockage. Insured (50-60 years, Lower class large families). Incident occurred on August 09, 2024 under standard operational conditions. Police report filed: Yes. Independent witness present: Yes. Total estimated repair and indemnity loss assessed at €74,319.24.",2
CLM-01559,CUST_00221,Boat_Marine,1,1,1,5169.96,Marine Theft,Minor,2024-03-07,2024-03-13,6,Yes,No,"Outboard motor stolen from boat transom while docked at secure marine club slipway overnight. Insured (40-50 years, Low income catholics). Incident occurred on March 07, 2024 under standard operational conditions. Police report filed: Yes. Independent witness present: No. Total estimated repair and indemnity loss assessed at €5,169.96.",1
CLM-01560,CUST_06114,Boat_Marine,1,5,3,7149.3,Marina Collision,Moderate,2024-08-12,2024-08-15,3,Yes,Yes,"Moored pleasure craft broke stern line during gale-force harbor squall and collided repeatedly with marina pier pilings. Insured (50-60 years, Lower class large families). Incident occurred on August 12, 2024 under standard operational conditions. Police report filed: Yes. Independent witness present: Yes. Total estimated repair and indemnity loss assessed at €7,149.30.",3
CLM-01561,CUST_08961,Boat_Marine,2,2,3,3672.5,Marine Theft,Minor,2024-11-18,2024-11-22,4,Yes,No,"Outboard motor stolen from boat transom while docked at secure marine club slipway overnight. Insured (50-60 years, Couples with teens 'Married with children'). Incident occurred on November 18, 2024 under standard operational conditions. Police report filed: Yes. Independent witness present: No. Total estimated repair and indemnity loss assessed at €3,672.50.",3
CLM-01562,CUST_00627,Boat_Marine,1,4,3,11954.5,Grounding/Hull Damage,Severe,2024-08-12,2024-08-12,0,Yes,Yes,"Vessel hull impacted submerged rock shoal near harbor approach, fracturing fiberglass keel and causing rapid bilge flooding. Insured (40-50 years, Lower class large families). Incident occurred on August 12, 2024 under standard operational conditions. Police report filed: Yes. Independent witness present: Yes. Total estimated repair and indemnity loss assessed at €11,954.50.",4
CLM-01563,CUST_00627,Boat_Marine,1,4,3,26617.2,Marine Theft,Minor,2024-08-21,2024-08-26,5,Yes,Yes,"Outboard motor stolen from boat transom while docked at secure marine club slipway overnight. Insured (40-50 years, Lower class large families). Incident occurred on August 21, 2024 under standard operational conditions. Police report filed: Yes. Independent witness present: Yes. Total estimated repair and indemnity loss assessed at €26,617.20.",5
CLM-01564,CUST_02453,Boat_Marine,1,3,7,13486.56,Engine Failure,Severe,2024-04-10,2024-04-13,3,Yes,No,"Inboard marine engine overheated and suffered catastrophic crankcase seizure following cooling intake plastic debris blockage. Insured (40-50 years, Middle class families). Incident occurred on April 10, 2024 under standard operational conditions. Police report filed: Yes. Independent witness present: No. Total estimated repair and indemnity loss assessed at €13,486.56.",2
CLM-01565,CUST_09322,Boat_Marine,1,4,3,19671.59,Grounding/Hull Damage,Severe,2024-05-21,2024-05-22,1,Yes,Yes,"Vessel hull impacted submerged rock shoal near harbor approach, fracturing fiberglass keel and causing rapid bilge flooding. Insured (50-60 years, Lower class large families). Incident occurred on May 21, 2024 under standard operational conditions. Police report filed: Yes. Independent witness present: Yes. Total estimated repair and indemnity loss assessed at €19,671.59.",1
CLM-01566,CUST_08961,Boat_Marine,2,2,3,13057.1,Grounding/Hull Damage,Severe,2024-02-27,2024-03-05,7,Yes,Yes,"Vessel hull impacted submerged rock shoal near harbor approach, fracturing fiberglass keel and causing rapid bilge flooding. Insured (50-60 years, Couples with teens 'Married with children'). Incident occurred on February 27, 2024 under standard operational conditions. Police report filed: Yes. Independent witness present: Yes. Total estimated repair and indemnity loss assessed at €13,057.10.",0
CLM-01567,CUST_02981,Boat_Marine,0,0,6,99907.22,Grounding/Hull Damage,Severe,2024-04-17,2024-04-24,7,Yes,Yes,"Vessel hull impacted submerged rock shoal near harbor approach, fracturing fiberglass keel and causing rapid bilge flooding. Insured (30-40 years, High status seniors). Incident occurred on April 17, 2024 under standard operational conditions. Police report filed: Yes. Independent witness present: Yes. Total estimated repair and indemnity loss assessed at €99,907.22.",0
CLM-01568,CUST_08961,Boat_Marine,2,2,3,17202.88,Grounding/Hull Damage,Severe,2024-04-18,2024-04-24,6,Yes,No,"Vessel hull impacted submerged rock shoal near harbor approach, fracturing fiberglass keel and causing rapid bilge flooding. Insured (50-60 years, Couples with teens 'Married with children'). Incident occurred on April 18, 2024 under standard operational conditions. Police report filed: Yes. Independent witness present: No. Total estimated repair and indemnity loss assessed at €17,202.88.",2
CLM-01569,CUST_08961,Boat_Marine,2,2,3,1977.2,Marine Theft,Minor,2024-03-24,2024-03-26,2,No,Yes,"Outboard motor stolen from boat transom while docked at secure marine club slipway overnight. Insured (50-60 years, Couples with teens 'Married with children'). Incident occurred on March 24, 2024 under standard operational conditions. Police report filed: No. Independent witness present: Yes. Total estimated repair and indemnity loss assessed at €1,977.20.",1
CLM-01570,CUST_09322,Boat_Marine,1,4,3,13088.93,Grounding/Hull Damage,Severe,2024-03-02,2024-03-07,5,Yes,No,"Vessel hull impacted submerged rock shoal near harbor approach, fracturing fiberglass keel and causing rapid bilge flooding. Insured (50-60 years, Lower class large families). Incident occurred on March 02, 2024 under standard operational conditions. Police report filed: Yes. Independent witness present: No. Total estimated repair and indemnity loss assessed at €13,088.93.",0
CLM-01571,CUST_08685,Boat_Marine,2,4,5,19970.18,Grounding/Hull Damage,Severe,2024-03-23,2024-03-27,4,Yes,Yes,"Vessel hull impacted submerged rock shoal near harbor approach, fracturing fiberglass keel and causing rapid bilge flooding. Insured (50-60 years, Fresh masters in the city). Incident occurred on March 23, 2024 under standard operational conditions. Police report filed: Yes. Independent witness present: Yes. Total estimated repair and indemnity loss assessed at €19,970.18.",0
CLM-01572,CUST_00180,Boat_Marine,1,1,4,7337.69,Grounding/Hull Damage,Severe,2024-09-23,2024-09-25,2,Yes,Yes,"Vessel hull impacted submerged rock shoal near harbor approach, fracturing fiberglass keel and causing rapid bilge flooding. Insured (40-50 years, Mixed rurals). Incident occurred on September 23, 2024 under standard operational conditions. Police report filed: Yes. Independent witness present: Yes. Total estimated repair and indemnity loss assessed at €7,337.69.",4
CLM-01573,CUST_00763,Boat_Marine,1,6,1,8816.54,Marina Collision,Moderate,2024-01-17,2024-01-22,5,Yes,Yes,"Moored pleasure craft broke stern line during gale-force harbor squall and collided repeatedly with marina pier pilings. Insured (40-50 years, Mixed seniors). Incident occurred on January 17, 2024 under standard operational conditions. Police report filed: Yes. Independent witness present: Yes. Total estimated repair and indemnity loss assessed at €8,816.54.",0
CLM-01574,CUST_01142,Boat_Marine,1,3,4,50778.08,Engine Failure,Severe,2024-02-18,2024-02-22,4,Yes,No,"Inboard marine engine overheated and suffered catastrophic crankcase seizure following cooling intake plastic debris blockage. Insured (40-50 years, Mixed small town dwellers). Incident occurred on February 18, 2024 under standard operational conditions. Police report filed: Yes. Independent witness present: No. Total estimated repair and indemnity loss assessed at €50,778.08.",2
CLM-01575,CUST_05631,Boat_Marine,1,2,5,4209.07,Marine Theft,Minor,2024-04-09,2024-04-13,4,Yes,Yes,"Outboard motor stolen from boat transom while docked at secure marine club slipway overnight. Insured (40-50 years, Mixed small town dwellers). Incident occurred on April 09, 2024 under standard operational conditions. Police report filed: Yes. Independent witness present: Yes. Total estimated repair and indemnity loss assessed at €4,209.07.",0
CLM-01576,CUST_02662,Boat_Marine,1,6,5,4328.79,Marine Theft,Minor,2024-02-23,2024-02-27,4,Yes,Yes,"Outboard motor stolen from boat transom while docked at secure marine club slipway overnight. Insured (50-60 years, Affluent senior apartments). Incident occurred on February 23, 2024 under standard operational conditions. Police report filed: Yes. Independent witness present: Yes. Total estimated repair and indemnity loss assessed at €4,328.79.",0
CLM-01577,CUST_05620,Boat_Marine,1,2,3,1919.36,Marine Theft,Minor,2024-08-17,2024-08-23,6,No,No,"Outboard motor stolen from boat transom while docked at secure marine club slipway overnight. Insured (40-50 years, Couples with teens 'Married with children'). Incident occurred on August 17, 2024 under standard operational conditions. Police report filed: No. Independent witness present: No. Total estimated repair and indemnity loss assessed at €1,919.36.",3
CLM-01578,CUST_08444,Boat_Marine,1,3,7,5145.21,Marine Theft,Minor,2024-08-08,2024-08-11,3,No,No,"Outboard motor stolen from boat transom while docked at secure marine club slipway overnight. Insured (30-40 years, Affluent young families). Incident occurred on August 08, 2024 under standard operational conditions. Police report filed: No. Independent witness present: No. Total estimated repair and indemnity loss assessed at €5,145.21.",6
CLM-01579,CUST_00560,Boat_Marine,1,5,6,3391.95,Marine Theft,Minor,2024-03-27,2024-03-27,0,No,No,"Outboard motor stolen from boat transom while docked at secure marine club slipway overnight. Insured (40-50 years, Very Important Provincials). Incident occurred on March 27, 2024 under standard operational conditions. Police report filed: No. Independent witness present: No. Total estimated repair and indemnity loss assessed at €3,391.95.",0
CLM-01580,CUST_09072,Boat_Marine,1,2,4,6939.09,Engine Failure,Severe,2024-07-23,2024-07-23,0,Yes,Yes,"Inboard marine engine overheated and suffered catastrophic crankcase seizure following cooling intake plastic debris blockage. Insured (30-40 years, Traditional families). Incident occurred on July 23, 2024 under standard operational conditions. Police report filed: Yes. Independent witness present: Yes. Total estimated repair and indemnity loss assessed at €6,939.09.",3
CLM-01581,CUST_02956,Boat_Marine,1,4,6,4252.63,Marine Theft,Minor,2024-04-06,2024-04-11,5,Yes,Yes,"Outboard motor stolen from boat transom while docked at secure marine club slipway overnight. Insured (60-70 years, High status seniors). Incident occurred on April 06, 2024 under standard operational conditions. Police report filed: Yes. Independent witness present: Yes. Total estimated repair and indemnity loss assessed at €4,252.63.",2
CLM-01582,CUST_03555,Boat_Marine,1,5,6,15335.09,Engine Failure,Severe,2024-03-16,2024-03-21,5,Yes,Yes,"Inboard marine engine overheated and suffered catastrophic crankcase seizure following cooling intake plastic debris blockage. Insured (30-40 years, Large family, employed child). Incident occurred on March 16, 2024 under standard operational conditions. Police report filed: Yes. Independent witness present: Yes. Total estimated repair and indemnity loss assessed at €15,335.09.",1
CLM-01583,CUST_03225,Boat_Marine,1,4,6,5050.03,Marina Collision,Moderate,2024-06-14,2024-06-15,1,No,No,"Moored pleasure craft broke stern line during gale-force harbor squall and collided repeatedly with marina pier pilings. Insured (40-50 years, High status seniors). Incident occurred on June 14, 2024 under standard operational conditions. Police report filed: No. Independent witness present: No. Total estimated repair and indemnity loss assessed at €5,050.03.",0
CLM-01584,CUST_06114,Boat_Marine,1,5,3,7948.03,Marina Collision,Moderate,2024-02-23,2024-02-27,4,Yes,No,"Moored pleasure craft broke stern line during gale-force harbor squall and collided repeatedly with marina pier pilings. Insured (50-60 years, Lower class large families). Incident occurred on February 23, 2024 under standard operational conditions. Police report filed: Yes. Independent witness present: No. Total estimated repair and indemnity loss assessed at €7,948.03.",0
CLM-01585,CUST_05447,Private_Accident,1,2,2,2849.93,Bicycle Accident,Minor,2024-06-13,2024-06-16,3,Yes,Yes,"Injured during amateur weekend cycling sportive when struck by crossing dog; sustained fractured collarbone and severe road abrasions. Insured (40-50 years, Young, low educated). Incident occurred on June 13, 2024 under standard operational conditions. Police report filed: Yes. Independent witness present: Yes. Total estimated repair and indemnity loss assessed at €2,849.93.",1
CLM-01586,CUST_05952,Private_Accident,1,2,4,5068.97,Slip and Fall,Moderate,2024-05-21,2024-05-27,6,Yes,Yes,"Insured slipped on wet marble staircase at regional train concourse, sustaining fractured right clavicle and severe wrist sprain. Insured (50-60 years, Traditional families). Incident occurred on May 21, 2024 under standard operational conditions. Police report filed: Yes. Independent witness present: Yes. Total estimated repair and indemnity loss assessed at €5,068.97.",1
CLM-01587,CUST_08184,Private_Accident,1,2,2,2622.8,Bicycle Accident,Minor,2024-10-30,2024-11-05,6,Yes,Yes,"Injured during amateur weekend cycling sportive when struck by crossing dog; sustained fractured collarbone and severe road abrasions. Insured (30-40 years, Young, low educated). Incident occurred on October 30, 2024 under standard operational conditions. Police report filed: Yes. Independent witness present: Yes. Total estimated repair and indemnity loss assessed at €2,622.80.",1
CLM-01588,CUST_08677,Private_Accident,1,2,6,10991.19,Domestic Fall,Severe,2024-01-04,2024-01-11,7,Yes,No,"Fall from ladder while trimming domestic hedgerow; compounded compound ankle fracture requiring surgical pinning and 6-week immobilization. Insured (40-50 years, Family starters). Incident occurred on January 04, 2024 under standard operational conditions. Police report filed: Yes. Independent witness present: No. Total estimated repair and indemnity loss assessed at €10,991.19.",0
CLM-01589,CUST_05028,Private_Accident,1,2,4,2635.86,Slip and Fall,Moderate,2024-10-01,2024-10-01,0,No,Yes,"Insured slipped on wet marble staircase at regional train concourse, sustaining fractured right clavicle and severe wrist sprain. Insured (30-40 years, Traditional families). Incident occurred on October 01, 2024 under standard operational conditions. Police report filed: No. Independent witness present: Yes. Total estimated repair and indemnity loss assessed at €2,635.86.",1
CLM-01590,CUST_06835,Private_Accident,0,0,7,63565.47,Domestic Fall,Severe,2024-06-27,2024-07-02,5,Yes,No,"Fall from ladder while trimming domestic hedgerow; compounded compound ankle fracture requiring surgical pinning and 6-week immobilization. Insured (30-40 years, Affluent young families). Incident occurred on June 27, 2024 under standard operational conditions. Police report filed: Yes. Independent witness present: No. Total estimated repair and indemnity loss assessed at €63,565.47.",0
CLM-01591,CUST_09722,Private_Accident,1,2,3,1499.07,Bicycle Accident,Minor,2024-09-10,2024-09-11,1,No,Yes,"Injured during amateur weekend cycling sportive when struck by crossing dog; sustained fractured collarbone and severe road abrasions. Insured (40-50 years, Couples with teens 'Married with children'). Incident occurred on September 10, 2024 under standard operational conditions. Police report filed: No. Independent witness present: Yes. Total estimated repair and indemnity loss assessed at €1,499.07.",4
CLM-01592,CUST_00171,Private_Accident,0,0,4,24782.76,Slip and Fall,Moderate,2024-08-12,2024-09-21,40,Yes,No,"Insured slipped on wet marble staircase at regional train concourse, sustaining fractured right clavicle and severe wrist sprain. Insured (40-50 years, Modern, complete families). Incident occurred on August 12, 2024 under standard operational conditions. Police report filed: Yes. Independent witness present: No. Total estimated repair and indemnity loss assessed at €24,782.76.",0
CLM-01593,CUST_06958,Private_Accident,1,1,3,4478.5,Slip and Fall,Moderate,2024-01-28,2024-02-01,4,Yes,Yes,"Insured slipped on wet marble staircase at regional train concourse, sustaining fractured right clavicle and severe wrist sprain. Insured (40-50 years, Lower class large families). Incident occurred on January 28, 2024 under standard operational conditions. Police report filed: Yes. Independent witness present: Yes. Total estimated repair and indemnity loss assessed at €4,478.50.",1
CLM-01594,CUST_04339,Private_Accident,0,0,2,3053.54,Bicycle Accident,Minor,2024-07-14,2024-08-28,45,Yes,No,"Injured during amateur weekend cycling sportive when struck by crossing dog; sustained fractured collarbone and severe road abrasions. Insured (30-40 years, Young, low educated). Incident occurred on July 14, 2024 under standard operational conditions. Police report filed: Yes. Independent witness present: No. Total estimated repair and indemnity loss assessed at €3,053.54.",0
CLM-01595,CUST_02437,Private_Accident,0,0,3,1671.98,Domestic Fall,Severe,2024-07-31,2024-08-01,1,Yes,Yes,"Fall from ladder while trimming domestic hedgerow; compounded compound ankle fracture requiring surgical pinning and 6-week immobilization. Insured (40-50 years, Lower class large families). Incident occurred on July 31, 2024 under standard operational conditions. Police report filed: Yes. Independent witness present: Yes. Total estimated repair and indemnity loss assessed at €1,671.98.",1
CLM-01596,CUST_04260,Private_Accident,1,6,3,2003.24,Bicycle Accident,Minor,2024-09-05,2024-09-08,3,Yes,No,"Injured during amateur weekend cycling sportive when struck by crossing dog; sustained fractured collarbone and severe road abrasions. Insured (40-50 years, Couples with teens 'Married with children'). Incident occurred on September 05, 2024 under standard operational conditions. Police report filed: Yes. Independent witness present: No. Total estimated repair and indemnity loss assessed at €2,003.24.",3
CLM-01597,CUST_00460,Private_Accident,1,4,1,3245.24,Bicycle Accident,Minor,2024-10-13,2024-10-16,3,Yes,Yes,"Injured during amateur weekend cycling sportive when struck by crossing dog; sustained fractured collarbone and severe road abrasions. Insured (50-60 years, Residential elderly). Incident occurred on October 13, 2024 under standard operational conditions. Police report filed: Yes. Independent witness present: Yes. Total estimated repair and indemnity loss assessed at €3,245.24.",0
CLM-01598,CUST_02854,Private_Accident,1,4,4,7611.99,Slip and Fall,Moderate,2024-08-28,2024-08-31,3,No,Yes,"Insured slipped on wet marble staircase at regional train concourse, sustaining fractured right clavicle and severe wrist sprain. Insured (40-50 years, Mixed rurals). Incident occurred on August 28, 2024 under standard operational conditions. Police report filed: No. Independent witness present: Yes. Total estimated repair and indemnity loss assessed at €7,611.99.",2
CLM-01599,CUST_08151,Private_Accident,1,3,6,13149.25,Domestic Fall,Severe,2024-09-21,2024-09-26,5,Yes,No,"Fall from ladder while trimming domestic hedgerow; compounded compound ankle fracture requiring surgical pinning and 6-week immobilization. Insured (40-50 years, Dinki's (double income no kids)). Incident occurred on September 21, 2024 under standard operational conditions. Police report filed: Yes. Independent witness present: No. Total estimated repair and indemnity loss assessed at €13,149.25.",4
CLM-01600,CUST_08677,Private_Accident,1,2,6,2795.2,Slip and Fall,Moderate,2024-09-16,2024-09-17,1,Yes,Yes,"Insured slipped on wet marble staircase at regional train concourse, sustaining fractured right clavicle and severe wrist sprain. Insured (40-50 years, Family starters). Incident occurred on September 16, 2024 under standard operational conditions. Police report filed: Yes. Independent witness present: Yes. Total estimated repair and indemnity loss assessed at €2,795.20.",4
CLM-01601,CUST_05001,Private_Accident,1,1,5,2187.39,Bicycle Accident,Minor,2024-11-14,2024-11-17,3,No,Yes,"Injured during amateur weekend cycling sportive when struck by crossing dog; sustained fractured collarbone and severe road abrasions. Insured (30-40 years, Large religious families). Incident occurred on November 14, 2024 under standard operational conditions. Police report filed: No. Independent witness present: Yes. Total estimated repair and indemnity loss assessed at €2,187.39.",2
CLM-01602,CUST_09397,Private_Accident,1,2,4,3701.39,Bicycle Accident,Minor,2024-10-23,2024-10-25,2,No,Yes,"Injured during amateur weekend cycling sportive when struck by crossing dog; sustained fractured collarbone and severe road abrasions. Insured (40-50 years, Traditional families). Incident occurred on October 23, 2024 under standard operational conditions. Police report filed: No. Independent witness present: Yes. Total estimated repair and indemnity loss assessed at €3,701.39.",5
CLM-01603,CUST_03704,Private_Accident,1,2,2,2926.46,Slip and Fall,Moderate,2024-08-24,2024-08-26,2,No,Yes,"Insured slipped on wet marble staircase at regional train concourse, sustaining fractured right clavicle and severe wrist sprain. Insured (40-50 years, Young, low educated). Incident occurred on August 24, 2024 under standard operational conditions. Police report filed: No. Independent witness present: Yes. Total estimated repair and indemnity loss assessed at €2,926.46.",3
CLM-01604,CUST_06077,Private_Accident,1,1,3,1632.73,Bicycle Accident,Minor,2024-06-30,2024-07-04,4,Yes,Yes,"Injured during amateur weekend cycling sportive when struck by crossing dog; sustained fractured collarbone and severe road abrasions. Insured (50-60 years, Couples with teens 'Married with children'). Incident occurred on June 30, 2024 under standard operational conditions. Police report filed: Yes. Independent witness present: Yes. Total estimated repair and indemnity loss assessed at €1,632.73.",2
CLM-01605,CUST_02854,Private_Accident,1,4,4,3547.61,Slip and Fall,Moderate,2024-07-23,2024-07-29,6,No,Yes,"Insured slipped on wet marble staircase at regional train concourse, sustaining fractured right clavicle and severe wrist sprain. Insured (40-50 years, Mixed rurals). Incident occurred on July 23, 2024 under standard operational conditions. Police report filed: No. Independent witness present: Yes. Total estimated repair and indemnity loss assessed at €3,547.61.",1
CLM-01606,CUST_04999,Private_Accident,1,2,6,2434.67,Slip and Fall,Moderate,2024-01-27,2024-02-02,6,No,Yes,"Insured slipped on wet marble staircase at regional train concourse, sustaining fractured right clavicle and severe wrist sprain. Insured (50-60 years, High status seniors). Incident occurred on January 27, 2024 under standard operational conditions. Police report filed: No. Independent witness present: Yes. Total estimated repair and indemnity loss assessed at €2,434.67.",0
CLM-01607,CUST_05028,Private_Accident,1,2,4,4156.27,Slip and Fall,Moderate,2024-11-01,2024-11-05,4,No,No,"Insured slipped on wet marble staircase at regional train concourse, sustaining fractured right clavicle and severe wrist sprain. Insured (30-40 years, Traditional families). Incident occurred on November 01, 2024 under standard operational conditions. Police report filed: No. Independent witness present: No. Total estimated repair and indemnity loss assessed at €4,156.27.",2
CLM-01608,CUST_04096,Private_Accident,0,0,4,19066.85,Slip and Fall,Moderate,2024-01-20,2024-01-23,3,Yes,Yes,"Insured slipped on wet marble staircase at regional train concourse, sustaining fractured right clavicle and severe wrist sprain. Insured (60-70 years, Mixed small town dwellers). Incident occurred on January 20, 2024 under standard operational conditions. Police report filed: Yes. Independent witness present: Yes. Total estimated repair and indemnity loss assessed at €19,066.85.",0
CLM-01609,CUST_08212,Private_Accident,1,1,4,13252.63,Domestic Fall,Severe,2024-07-27,2024-08-02,6,Yes,No,"Fall from ladder while trimming domestic hedgerow; compounded compound ankle fracture requiring surgical pinning and 6-week immobilization. Insured (40-50 years, Mixed small town dwellers). Incident occurred on July 27, 2024 under standard operational conditions. Police report filed: Yes. Independent witness present: No. Total estimated repair and indemnity loss assessed at €13,252.63.",2
CLM-01610,CUST_09722,Private_Accident,1,2,3,2236.88,Bicycle Accident,Minor,2024-03-29,2024-04-03,5,No,No,"Injured during amateur weekend cycling sportive when struck by crossing dog; sustained fractured collarbone and severe road abrasions. Insured (40-50 years, Couples with teens 'Married with children'). Incident occurred on March 29, 2024 under standard operational conditions. Police report filed: No. Independent witness present: No. Total estimated repair and indemnity loss assessed at €2,236.88.",0
CLM-01611,CUST_00574,Private_Accident,1,2,3,3493.1,Slip and Fall,Moderate,2024-09-15,2024-09-22,7,No,Yes,"Insured slipped on wet marble staircase at regional train concourse, sustaining fractured right clavicle and severe wrist sprain. Insured (50-60 years, Young and rising). Incident occurred on September 15, 2024 under standard operational conditions. Police report filed: No. Independent witness present: Yes. Total estimated repair and indemnity loss assessed at €3,493.10.",1
CLM-01612,CUST_09397,Private_Accident,1,2,4,1458.89,Slip and Fall,Moderate,2024-03-27,2024-03-29,2,No,No,"Insured slipped on wet marble staircase at regional train concourse, sustaining fractured right clavicle and severe wrist sprain. Insured (40-50 years, Traditional families). Incident occurred on March 27, 2024 under standard operational conditions. Police report filed: No. Independent witness present: No. Total estimated repair and indemnity loss assessed at €1,458.89.",1
CLM-01613,CUST_00179,Private_Accident,1,2,3,16116.75,Domestic Fall,Severe,2024-08-31,2024-09-06,6,Yes,No,"Fall from ladder while trimming domestic hedgerow; compounded compound ankle fracture requiring surgical pinning and 6-week immobilization. Insured (30-40 years, Lower class large families). Incident occurred on August 31, 2024 under standard operational conditions. Police report filed: Yes. Independent witness present: No. Total estimated repair and indemnity loss assessed at €16,116.75.",1
CLM-01614,CUST_00273,Private_Accident,1,2,3,3835.46,Slip and Fall,Moderate,2024-01-06,2024-01-13,7,Yes,No,"Insured slipped on wet marble staircase at regional train concourse, sustaining fractured right clavicle and severe wrist sprain. Insured (50-60 years, Traditional families). Incident occurred on January 06, 2024 under standard operational conditions. Police report filed: Yes. Independent witness present: No. Total estimated repair and indemnity loss assessed at €3,835.46.",0
CLM-01615,CUST_05662,Private_Accident,1,3,1,3851.23,Slip and Fall,Moderate,2024-01-25,2024-01-25,0,No,Yes,"Insured slipped on wet marble staircase at regional train concourse, sustaining fractured right clavicle and severe wrist sprain. Insured (50-60 years, Mixed seniors). Incident occurred on January 25, 2024 under standard operational conditions. Police report filed: No. Independent witness present: Yes. Total estimated repair and indemnity loss assessed at €3,851.23.",0
CLM-01616,CUST_01894,Private_Accident,1,2,4,9068.97,Slip and Fall,Moderate,2024-02-19,2024-02-20,1,No,No,"Insured slipped on wet marble staircase at regional train concourse, sustaining fractured right clavicle and severe wrist sprain. Insured (40-50 years, Mixed rurals). Incident occurred on February 19, 2024 under standard operational conditions. Police report filed: No. Independent witness present: No. Total estimated repair and indemnity loss assessed at €9,068.97.",0
CLM-01617,CUST_04972,Private_Accident,1,3,4,14288.89,Domestic Fall,Severe,2024-05-12,2024-05-19,7,Yes,No,"Fall from ladder while trimming domestic hedgerow; compounded compound ankle fracture requiring surgical pinning and 6-week immobilization. Insured (50-60 years, Traditional families). Incident occurred on May 12, 2024 under standard operational conditions. Police report filed: Yes. Independent witness present: No. Total estimated repair and indemnity loss assessed at €14,288.89.",0
CLM-01618,CUST_00179,Private_Accident,1,2,3,1787.39,Bicycle Accident,Minor,2024-06-04,2024-06-09,5,No,Yes,"Injured during amateur weekend cycling sportive when struck by crossing dog; sustained fractured collarbone and severe road abrasions. Insured (30-40 years, Lower class large families). Incident occurred on June 04, 2024 under standard operational conditions. Police report filed: No. Independent witness present: Yes. Total estimated repair and indemnity loss assessed at €1,787.39.",0
CLM-01619,CUST_06077,Private_Accident,1,1,3,10179.93,Domestic Fall,Severe,2024-11-24,2024-11-24,0,Yes,Yes,"Fall from ladder while trimming domestic hedgerow; compounded compound ankle fracture requiring surgical pinning and 6-week immobilization. Insured (50-60 years, Couples with teens 'Married with children'). Incident occurred on November 24, 2024 under standard operational conditions. Police report filed: Yes. Independent witness present: Yes. Total estimated repair and indemnity loss assessed at €10,179.93.",5
CLM-01620,CUST_03335,Private_Accident,1,1,8,16636.63,Domestic Fall,Severe,2024-03-14,2024-03-19,5,Yes,No,"Fall from ladder while trimming domestic hedgerow; compounded compound ankle fracture requiring surgical pinning and 6-week immobilization. Insured (40-50 years, High Income, expensive child). Incident occurred on March 14, 2024 under standard operational conditions. Police report filed: Yes. Independent witness present: No. Total estimated repair and indemnity loss assessed at €16,636.63.",1
CLM-01621,CUST_09722,Private_Accident,1,2,3,16154.61,Bicycle Accident,Minor,2024-04-10,2024-04-16,6,Yes,No,"Injured during amateur weekend cycling sportive when struck by crossing dog; sustained fractured collarbone and severe road abrasions. Insured (40-50 years, Couples with teens 'Married with children'). Incident occurred on April 10, 2024 under standard operational conditions. Police report filed: Yes. Independent witness present: No. Total estimated repair and indemnity loss assessed at €16,154.61.",1
CLM-01622,CUST_09397,Private_Accident,1,2,4,6599.06,Domestic Fall,Severe,2024-08-19,2024-08-21,2,Yes,No,"Fall from ladder while trimming domestic hedgerow; compounded compound ankle fracture requiring surgical pinning and 6-week immobilization. Insured (40-50 years, Traditional families). Incident occurred on August 19, 2024 under standard operational conditions. Police report filed: Yes. Independent witness present: No. Total estimated repair and indemnity loss assessed at €6,599.06.",3
CLM-01623,CUST_04972,Private_Accident,1,3,4,3403.31,Bicycle Accident,Minor,2024-07-20,2024-07-26,6,No,No,"Injured during amateur weekend cycling sportive when struck by crossing dog; sustained fractured collarbone and severe road abrasions. Insured (50-60 years, Traditional families). Incident occurred on July 20, 2024 under standard operational conditions. Police report filed: No. Independent witness present: No. Total estimated repair and indemnity loss assessed at €3,403.31.",1
CLM-01624,CUST_08151,Private_Accident,1,3,6,10324.61,Domestic Fall,Severe,2024-06-25,2024-06-26,1,Yes,No,"Fall from ladder while trimming domestic hedgerow; compounded compound ankle fracture requiring surgical pinning and 6-week immobilization. Insured (40-50 years, Dinki's (double income no kids)). Incident occurred on June 25, 2024 under standard operational conditions. Police report filed: Yes. Independent witness present: No. Total estimated repair and indemnity loss assessed at €10,324.61.",2
CLM-01625,CUST_07951,Private_Accident,1,3,6,4261.97,Bicycle Accident,Minor,2024-05-28,2024-05-29,1,Yes,No,"Injured during amateur weekend cycling sportive when struck by crossing dog; sustained fractured collarbone and severe road abrasions. Insured (60-70 years, High status seniors). Incident occurred on May 28, 2024 under standard operational conditions. Police report filed: Yes. Independent witness present: No. Total estimated repair and indemnity loss assessed at €4,261.97.",1
CLM-01626,CUST_01708,Private_Accident,1,2,3,3436.04,Bicycle Accident,Minor,2024-12-15,2024-12-17,2,No,Yes,"Injured during amateur weekend cycling sportive when struck by crossing dog; sustained fractured collarbone and severe road abrasions. Insured (40-50 years, Lower class large families). Incident occurred on December 15, 2024 under standard operational conditions. Police report filed: No. Independent witness present: Yes. Total estimated repair and indemnity loss assessed at €3,436.04.",3
CLM-01627,CUST_04473,Private_Accident,1,3,8,3424.28,Slip and Fall,Moderate,2024-05-31,2024-05-31,0,No,Yes,"Insured slipped on wet marble staircase at regional train concourse, sustaining fractured right clavicle and severe wrist sprain. Insured (40-50 years, Career and childcare). Incident occurred on May 31, 2024 under standard operational conditions. Police report filed: No. Independent witness present: Yes. Total estimated repair and indemnity loss assessed at €3,424.28.",3
CLM-01628,CUST_08151,Private_Accident,1,3,6,6189.63,Slip and Fall,Moderate,2024-01-29,2024-02-05,7,No,Yes,"Insured slipped on wet marble staircase at regional train concourse, sustaining fractured right clavicle and severe wrist sprain. Insured (40-50 years, Dinki's (double income no kids)). Incident occurred on January 29, 2024 under standard operational conditions. Police report filed: No. Independent witness present: Yes. Total estimated repair and indemnity loss assessed at €6,189.63.",0
CLM-01629,CUST_08840,Private_Accident,1,5,3,4608.57,Slip and Fall,Moderate,2024-01-27,2024-01-31,4,Yes,No,"Insured slipped on wet marble staircase at regional train concourse, sustaining fractured right clavicle and severe wrist sprain. Insured (40-50 years, Couples with teens 'Married with children'). Incident occurred on January 27, 2024 under standard operational conditions. Police report filed: Yes. Independent witness present: No. Total estimated repair and indemnity loss assessed at €4,608.57.",0
CLM-01630,CUST_05987,Private_Accident,1,3,3,16560.37,Domestic Fall,Severe,2024-10-15,2024-10-17,2,Yes,Yes,"Fall from ladder while trimming domestic hedgerow; compounded compound ankle fracture requiring surgical pinning and 6-week immobilization. Insured (40-50 years, Lower class large families). Incident occurred on October 15, 2024 under standard operational conditions. Police report filed: Yes. Independent witness present: Yes. Total estimated repair and indemnity loss assessed at €16,560.37.",2
CLM-01631,CUST_01708,Private_Accident,1,2,3,14483.4,Domestic Fall,Severe,2024-04-11,2024-04-17,6,Yes,Yes,"Fall from ladder while trimming domestic hedgerow; compounded compound ankle fracture requiring surgical pinning and 6-week immobilization. Insured (40-50 years, Lower class large families). Incident occurred on April 11, 2024 under standard operational conditions. Police report filed: Yes. Independent witness present: Yes. Total estimated repair and indemnity loss assessed at €14,483.40.",0
CLM-01632,CUST_00199,Private_Accident,1,2,5,1702.28,Bicycle Accident,Minor,2024-07-01,2024-07-04,3,No,No,"Injured during amateur weekend cycling sportive when struck by crossing dog; sustained fractured collarbone and severe road abrasions. Insured (40-50 years, Village families). Incident occurred on July 01, 2024 under standard operational conditions. Police report filed: No. Independent witness present: No. Total estimated repair and indemnity loss assessed at €1,702.28.",0
CLM-01633,CUST_00574,Private_Accident,1,2,3,1884.81,Bicycle Accident,Minor,2024-06-04,2024-06-08,4,Yes,No,"Injured during amateur weekend cycling sportive when struck by crossing dog; sustained fractured collarbone and severe road abrasions. Insured (50-60 years, Young and rising). Incident occurred on June 04, 2024 under standard operational conditions. Police report filed: Yes. Independent witness present: No. Total estimated repair and indemnity loss assessed at €1,884.81.",0
CLM-01634,CUST_04651,Private_Accident,1,2,8,16718.84,Domestic Fall,Severe,2024-03-13,2024-03-16,3,Yes,No,"Fall from ladder while trimming domestic hedgerow; compounded compound ankle fracture requiring surgical pinning and 6-week immobilization. Insured (30-40 years, Career and childcare). Incident occurred on March 13, 2024 under standard operational conditions. Police report filed: Yes. Independent witness present: No. Total estimated repair and indemnity loss assessed at €16,718.84.",1
CLM-01635,CUST_07605,Private_Accident,1,4,4,3784.36,Slip and Fall,Moderate,2024-06-04,2024-06-08,4,Yes,No,"Insured slipped on wet marble staircase at regional train concourse, sustaining fractured right clavicle and severe wrist sprain. Insured (40-50 years, Mixed rurals). Incident occurred on June 04, 2024 under standard operational conditions. Police report filed: Yes. Independent witness present: No. Total estimated repair and indemnity loss assessed at €3,784.36.",0
CLM-01636,CUST_08292,Private_Accident,1,2,3,2100.72,Bicycle Accident,Minor,2024-10-07,2024-10-09,2,No,No,"Injured during amateur weekend cycling sportive when struck by crossing dog; sustained fractured collarbone and severe road abrasions. Insured (50-60 years, Lower class large families). Incident occurred on October 07, 2024 under standard operational conditions. Police report filed: No. Independent witness present: No. Total estimated repair and indemnity loss assessed at €2,100.72.",1
CLM-01637,CUST_09722,Private_Accident,1,2,3,1604.39,Bicycle Accident,Minor,2024-07-03,2024-07-09,6,No,No,"Injured during amateur weekend cycling sportive when struck by crossing dog; sustained fractured collarbone and severe road abrasions. Insured (40-50 years, Couples with teens 'Married with children'). Incident occurred on July 03, 2024 under standard operational conditions. Police report filed: No. Independent witness present: No. Total estimated repair and indemnity loss assessed at €1,604.39.",2
CLM-01638,CUST_05555,Private_Accident,1,2,3,4637.76,Slip and Fall,Moderate,2024-10-14,2024-10-14,0,No,Yes,"Insured slipped on wet marble staircase at regional train concourse, sustaining fractured right clavicle and severe wrist sprain. Insured (50-60 years, Lower class large families). Incident occurred on October 14, 2024 under standard operational conditions. Police report filed: No. Independent witness present: Yes. Total estimated repair and indemnity loss assessed at €4,637.76.",0
CLM-01639,CUST_08212,Private_Accident,1,1,4,4208.27,Bicycle Accident,Minor,2024-05-05,2024-05-10,5,Yes,No,"Injured during amateur weekend cycling sportive when struck by crossing dog; sustained fractured collarbone and severe road abrasions. Insured (40-50 years, Mixed small town dwellers). Incident occurred on May 05, 2024 under standard operational conditions. Police report filed: Yes. Independent witness present: No. Total estimated repair and indemnity loss assessed at €4,208.27.",0
CLM-01640,CUST_00894,Private_Accident,1,2,5,1503.22,Bicycle Accident,Minor,2024-08-25,2024-09-01,7,Yes,Yes,"Injured during amateur weekend cycling sportive when struck by crossing dog; sustained fractured collarbone and severe road abrasions. Insured (40-50 years, Village families). Incident occurred on August 25, 2024 under standard operational conditions. Police report filed: Yes. Independent witness present: Yes. Total estimated repair and indemnity loss assessed at €1,503.22.",0
CLM-01641,CUST_08677,Private_Accident,1,2,6,17103.64,Slip and Fall,Moderate,2024-05-29,2024-06-03,5,Yes,Yes,"Insured slipped on wet marble staircase at regional train concourse, sustaining fractured right clavicle and severe wrist sprain. Insured (40-50 years, Family starters). Incident occurred on May 29, 2024 under standard operational conditions. Police report filed: Yes. Independent witness present: Yes. Total estimated repair and indemnity loss assessed at €17,103.64.",1
CLM-01642,CUST_09397,Private_Accident,1,2,4,18286.1,Domestic Fall,Severe,2024-01-29,2024-02-01,3,Yes,Yes,"Fall from ladder while trimming domestic hedgerow; compounded compound ankle fracture requiring surgical pinning and 6-week immobilization. Insured (40-50 years, Traditional families). Incident occurred on January 29, 2024 under standard operational conditions. Police report filed: Yes. Independent witness present: Yes. Total estimated repair and indemnity loss assessed at €18,286.10.",0
CLM-01643,CUST_05952,Private_Accident,1,2,4,3832.57,Slip and Fall,Moderate,2024-04-25,2024-04-27,2,No,No,"Insured slipped on wet marble staircase at regional train concourse, sustaining fractured right clavicle and severe wrist sprain. Insured (50-60 years, Traditional families). Incident occurred on April 25, 2024 under standard operational conditions. Police report filed: No. Independent witness present: No. Total estimated repair and indemnity loss assessed at €3,832.57.",0
CLM-01644,CUST_00179,Private_Accident,1,2,3,2871.13,Bicycle Accident,Minor,2024-11-16,2024-11-19,3,Yes,Yes,"Injured during amateur weekend cycling sportive when struck by crossing dog; sustained fractured collarbone and severe road abrasions. Insured (30-40 years, Lower class large families). Incident occurred on November 16, 2024 under standard operational conditions. Police report filed: Yes. Independent witness present: Yes. Total estimated repair and indemnity loss assessed at €2,871.13.",2
CLM-01645,CUST_00869,Private_Accident,1,2,6,62758.72,Domestic Fall,Severe,2024-08-31,2024-11-06,67,Yes,No,"Fall from ladder while trimming domestic hedgerow; compounded compound ankle fracture requiring surgical pinning and 6-week immobilization. Insured (60-70 years, High status seniors). Incident occurred on August 31, 2024 under standard operational conditions. Police report filed: Yes. Independent witness present: No. Total estimated repair and indemnity loss assessed at €62,758.72.",2
CLM-01646,CUST_04482,Private_Accident,1,3,4,2961.48,Bicycle Accident,Minor,2024-09-05,2024-09-07,2,Yes,No,"Injured during amateur weekend cycling sportive when struck by crossing dog; sustained fractured collarbone and severe road abrasions. Insured (40-50 years, Modern, complete families). Incident occurred on September 05, 2024 under standard operational conditions. Police report filed: Yes. Independent witness present: No. Total estimated repair and indemnity loss assessed at €2,961.48.",0
CLM-01647,CUST_09397,Private_Accident,1,2,4,2295.57,Bicycle Accident,Minor,2024-12-03,2024-12-04,1,No,Yes,"Injured during amateur weekend cycling sportive when struck by crossing dog; sustained fractured collarbone and severe road abrasions. Insured (40-50 years, Traditional families). Incident occurred on December 03, 2024 under standard operational conditions. Police report filed: No. Independent witness present: Yes. Total estimated repair and indemnity loss assessed at €2,295.57.",6
CLM-01648,CUST_02323,Private_Accident,1,2,1,5537.17,Slip and Fall,Moderate,2024-12-03,2024-12-06,3,Yes,Yes,"Insured slipped on wet marble staircase at regional train concourse, sustaining fractured right clavicle and severe wrist sprain. Insured (50-60 years, Low income catholics). Incident occurred on December 03, 2024 under standard operational conditions. Police report filed: Yes. Independent witness present: Yes. Total estimated repair and indemnity loss assessed at €5,537.17.",2
CLM-01649,CUST_04473,Private_Accident,1,3,8,3644.65,Bicycle Accident,Minor,2024-12-08,2024-12-09,1,No,No,"Injured during amateur weekend cycling sportive when struck by crossing dog; sustained fractured collarbone and severe road abrasions. Insured (40-50 years, Career and childcare). Incident occurred on December 08, 2024 under standard operational conditions. Police report filed: No. Independent witness present: No. Total estimated repair and indemnity loss assessed at €3,644.65.",5
CLM-01650,CUST_05028,Private_Accident,1,2,4,4794.61,Bicycle Accident,Minor,2024-02-25,2024-03-03,7,No,No,"Injured during amateur weekend cycling sportive when struck by crossing dog; sustained fractured collarbone and severe road abrasions. Insured (30-40 years, Traditional families). Incident occurred on February 25, 2024 under standard operational conditions. Police report filed: No. Independent witness present: No. Total estimated repair and indemnity loss assessed at €4,794.61.",0
CLM-01651,CUST_04473,Private_Accident,1,3,8,3097.67,Bicycle Accident,Minor,2024-03-03,2024-03-09,6,Yes,No,"Injured during amateur weekend cycling sportive when struck by crossing dog; sustained fractured collarbone and severe road abrasions. Insured (40-50 years, Career and childcare). Incident occurred on March 03, 2024 under standard operational conditions. Police report filed: Yes. Independent witness present: No. Total estimated repair and indemnity loss assessed at €3,097.67.",1
CLM-01652,CUST_08840,Private_Accident,1,5,3,15535.76,Domestic Fall,Severe,2024-07-01,2024-07-08,7,No,No,"Fall from ladder while trimming domestic hedgerow; compounded compound ankle fracture requiring surgical pinning and 6-week immobilization. Insured (40-50 years, Couples with teens 'Married with children'). Incident occurred on July 01, 2024 under standard operational conditions. Police report filed: No. Independent witness present: No. Total estimated repair and indemnity loss assessed at €15,535.76.",1
CLM-01653,CUST_04972,Private_Accident,1,3,4,13860.98,Domestic Fall,Severe,2024-09-15,2024-09-18,3,Yes,No,"Fall from ladder while trimming domestic hedgerow; compounded compound ankle fracture requiring surgical pinning and 6-week immobilization. Insured (50-60 years, Traditional families). Incident occurred on September 15, 2024 under standard operational conditions. Police report filed: Yes. Independent witness present: No. Total estimated repair and indemnity loss assessed at €13,860.98.",3
CLM-01654,CUST_06077,Private_Accident,1,1,3,2034.15,Bicycle Accident,Minor,2024-09-20,2024-09-21,1,Yes,Yes,"Injured during amateur weekend cycling sportive when struck by crossing dog; sustained fractured collarbone and severe road abrasions. Insured (50-60 years, Couples with teens 'Married with children'). Incident occurred on September 20, 2024 under standard operational conditions. Police report filed: Yes. Independent witness present: Yes. Total estimated repair and indemnity loss assessed at €2,034.15.",3
CLM-01655,CUST_07951,Private_Accident,1,3,6,2880.64,Bicycle Accident,Minor,2024-08-24,2024-08-26,2,No,No,"Injured during amateur weekend cycling sportive when struck by crossing dog; sustained fractured collarbone and severe road abrasions. Insured (60-70 years, High status seniors). Incident occurred on August 24, 2024 under standard operational conditions. Police report filed: No. Independent witness present: No. Total estimated repair and indemnity loss assessed at €2,880.64.",2
CLM-01656,CUST_00273,Private_Accident,1,2,3,11284.85,Domestic Fall,Severe,2024-09-05,2024-09-11,6,Yes,No,"Fall from ladder while trimming domestic hedgerow; compounded compound ankle fracture requiring surgical pinning and 6-week immobilization. Insured (50-60 years, Traditional families). Incident occurred on September 05, 2024 under standard operational conditions. Police report filed: Yes. Independent witness present: No. Total estimated repair and indemnity loss assessed at €11,284.85.",3
CLM-01657,CUST_02323,Private_Accident,1,2,1,13186.69,Domestic Fall,Severe,2024-09-17,2024-09-21,4,Yes,Yes,"Fall from ladder while trimming domestic hedgerow; compounded compound ankle fracture requiring surgical pinning and 6-week immobilization. Insured (50-60 years, Low income catholics). Incident occurred on September 17, 2024 under standard operational conditions. Police report filed: Yes. Independent witness present: Yes. Total estimated repair and indemnity loss assessed at €13,186.69.",1
CLM-01658,CUST_08151,Private_Accident,1,3,6,18466.15,Domestic Fall,Severe,2024-06-28,2024-07-04,6,Yes,Yes,"Fall from ladder while trimming domestic hedgerow; compounded compound ankle fracture requiring surgical pinning and 6-week immobilization. Insured (40-50 years, Dinki's (double income no kids)). Incident occurred on June 28, 2024 under standard operational conditions. Police report filed: Yes. Independent witness present: Yes. Total estimated repair and indemnity loss assessed at €18,466.15.",3
CLM-01659,CUST_01894,Private_Accident,1,2,4,18794.44,Slip and Fall,Moderate,2024-12-14,2024-12-17,3,Yes,Yes,"Insured slipped on wet marble staircase at regional train concourse, sustaining fractured right clavicle and severe wrist sprain. Insured (40-50 years, Mixed rurals). Incident occurred on December 14, 2024 under standard operational conditions. Police report filed: Yes. Independent witness present: Yes. Total estimated repair and indemnity loss assessed at €18,794.44.",1
CLM-01660,CUST_02323,Private_Accident,1,2,1,17169.5,Domestic Fall,Severe,2024-07-16,2024-07-22,6,Yes,Yes,"Fall from ladder while trimming domestic hedgerow; compounded compound ankle fracture requiring surgical pinning and 6-week immobilization. Insured (50-60 years, Low income catholics). Incident occurred on July 16, 2024 under standard operational conditions. Police report filed: Yes. Independent witness present: Yes. Total estimated repair and indemnity loss assessed at €17,169.50.",0
CLM-01661,CUST_00621,Private_Accident,0,0,5,87618.96,Domestic Fall,Severe,2024-11-07,2024-11-07,0,No,No,"Fall from ladder while trimming domestic hedgerow; compounded compound ankle fracture requiring surgical pinning and 6-week immobilization. Insured (30-40 years, Large religious families). Incident occurred on November 07, 2024 under standard operational conditions. Police report filed: No. Independent witness present: No. Total estimated repair and indemnity loss assessed at €87,618.96.",0
CLM-01662,CUST_05001,Private_Accident,1,1,5,3591.09,Slip and Fall,Moderate,2024-11-23,2024-11-26,3,Yes,No,"Insured slipped on wet marble staircase at regional train concourse, sustaining fractured right clavicle and severe wrist sprain. Insured (30-40 years, Large religious families). Incident occurred on November 23, 2024 under standard operational conditions. Police report filed: Yes. Independent witness present: No. Total estimated repair and indemnity loss assessed at €3,591.09.",3
CLM-01663,CUST_09397,Private_Accident,1,2,4,554.33,Bicycle Accident,Minor,2024-04-26,2024-04-29,3,Yes,No,"Injured during amateur weekend cycling sportive when struck by crossing dog; sustained fractured collarbone and severe road abrasions. Insured (40-50 years, Traditional families). Incident occurred on April 26, 2024 under standard operational conditions. Police report filed: Yes. Independent witness present: No. Total estimated repair and indemnity loss assessed at €554.33.",2
CLM-01664,CUST_02611,Private_Accident,1,2,4,2987.48,Slip and Fall,Moderate,2024-10-26,2024-10-26,0,Yes,Yes,"Insured slipped on wet marble staircase at regional train concourse, sustaining fractured right clavicle and severe wrist sprain. Insured (40-50 years, Mixed rurals). Incident occurred on October 26, 2024 under standard operational conditions. Police report filed: Yes. Independent witness present: Yes. Total estimated repair and indemnity loss assessed at €2,987.48.",2
CLM-01665,CUST_00086,Private_Accident,0,0,4,3407.3,Bicycle Accident,Minor,2024-10-18,2024-10-19,1,No,Yes,"Injured during amateur weekend cycling sportive when struck by crossing dog; sustained fractured collarbone and severe road abrasions. Insured (40-50 years, Traditional families). Incident occurred on October 18, 2024 under standard operational conditions. Police report filed: No. Independent witness present: Yes. Total estimated repair and indemnity loss assessed at €3,407.30.",0
CLM-01666,CUST_08677,Private_Accident,1,2,6,12402.24,Domestic Fall,Severe,2024-09-12,2024-09-15,3,Yes,Yes,"Fall from ladder while trimming domestic hedgerow; compounded compound ankle fracture requiring surgical pinning and 6-week immobilization. Insured (40-50 years, Family starters). Incident occurred on September 12, 2024 under standard operational conditions. Police report filed: Yes. Independent witness present: Yes. Total estimated repair and indemnity loss assessed at €12,402.24.",3
CLM-01667,CUST_05662,Private_Accident,1,3,1,8966.86,Domestic Fall,Severe,2024-06-30,2024-07-05,5,Yes,Yes,"Fall from ladder while trimming domestic hedgerow; compounded compound ankle fracture requiring surgical pinning and 6-week immobilization. Insured (50-60 years, Mixed seniors). Incident occurred on June 30, 2024 under standard operational conditions. Police report filed: Yes. Independent witness present: Yes. Total estimated repair and indemnity loss assessed at €8,966.86.",1
CLM-01668,CUST_05523,Private_Accident,1,4,3,2233.7,Bicycle Accident,Minor,2024-11-17,2024-11-23,6,Yes,Yes,"Injured during amateur weekend cycling sportive when struck by crossing dog; sustained fractured collarbone and severe road abrasions. Insured (40-50 years, Lower class large families). Incident occurred on November 17, 2024 under standard operational conditions. Police report filed: Yes. Independent witness present: Yes. Total estimated repair and indemnity loss assessed at €2,233.70.",2
CLM-01669,CUST_06077,Private_Accident,1,1,3,3108.56,Bicycle Accident,Minor,2024-02-22,2024-02-23,1,No,Yes,"Injured during amateur weekend cycling sportive when struck by crossing dog; sustained fractured collarbone and severe road abrasions. Insured (50-60 years, Couples with teens 'Married with children'). Incident occurred on February 22, 2024 under standard operational conditions. Police report filed: No. Independent witness present: Yes. Total estimated repair and indemnity loss assessed at €3,108.56.",1
CLM-01670,CUST_00197,Private_Accident,1,2,4,4834.77,Slip and Fall,Moderate,2024-05-29,2024-06-02,4,No,No,"Insured slipped on wet marble staircase at regional train concourse, sustaining fractured right clavicle and severe wrist sprain. Insured (40-50 years, Modern, complete families). Incident occurred on May 29, 2024 under standard operational conditions. Police report filed: No. Independent witness present: No. Total estimated repair and indemnity loss assessed at €4,834.77.",0
CLM-01671,CUST_04473,Private_Accident,1,3,8,3757.71,Slip and Fall,Moderate,2024-05-04,2024-05-08,4,No,Yes,"Insured slipped on wet marble staircase at regional train concourse, sustaining fractured right clavicle and severe wrist sprain. Insured (40-50 years, Career and childcare). Incident occurred on May 04, 2024 under standard operational conditions. Police report filed: No. Independent witness present: Yes. Total estimated repair and indemnity loss assessed at €3,757.71.",2
CLM-01672,CUST_00869,Private_Accident,1,2,6,10992.02,Domestic Fall,Severe,2024-08-30,2024-09-03,4,Yes,Yes,"Fall from ladder while trimming domestic hedgerow; compounded compound ankle fracture requiring surgical pinning and 6-week immobilization. Insured (60-70 years, High status seniors). Incident occurred on August 30, 2024 under standard operational conditions. Police report filed: Yes. Independent witness present: Yes. Total estimated repair and indemnity loss assessed at €10,992.02.",1
CLM-01673,CUST_02611,Private_Accident,1,2,4,2111.42,Bicycle Accident,Minor,2024-02-01,2024-04-11,70,No,Yes,"Injured during amateur weekend cycling sportive when struck by crossing dog; sustained fractured collarbone and severe road abrasions. Insured (40-50 years, Mixed rurals). Incident occurred on February 01, 2024 under standard operational conditions. Police report filed: No. Independent witness present: Yes. Total estimated repair and indemnity loss assessed at €2,111.42.",0
CLM-01674,CUST_00273,Private_Accident,1,2,3,8714.12,Domestic Fall,Severe,2024-11-09,2024-11-09,0,Yes,No,"Fall from ladder while trimming domestic hedgerow; compounded compound ankle fracture requiring surgical pinning and 6-week immobilization. Insured (50-60 years, Traditional families). Incident occurred on November 09, 2024 under standard operational conditions. Police report filed: Yes. Independent witness present: No. Total estimated repair and indemnity loss assessed at €8,714.12.",4
CLM-01675,CUST_05191,Private_Accident,1,1,5,18551.04,Domestic Fall,Severe,2024-11-10,2024-11-11,1,Yes,No,"Fall from ladder while trimming domestic hedgerow; compounded compound ankle fracture requiring surgical pinning and 6-week immobilization. Insured (40-50 years, Village families). Incident occurred on November 10, 2024 under standard operational conditions. Police report filed: Yes. Independent witness present: No. Total estimated repair and indemnity loss assessed at €18,551.04.",2
CLM-01676,CUST_04260,Private_Accident,1,6,3,13446.49,Domestic Fall,Severe,2024-01-23,2024-01-24,1,Yes,Yes,"Fall from ladder while trimming domestic hedgerow; compounded compound ankle fracture requiring surgical pinning and 6-week immobilization. Insured (40-50 years, Couples with teens 'Married with children'). Incident occurred on January 23, 2024 under standard operational conditions. Police report filed: Yes. Independent witness present: Yes. Total estimated repair and indemnity loss assessed at €13,446.49.",0
CLM-01677,CUST_03335,Private_Accident,1,1,8,16918.35,Domestic Fall,Severe,2024-06-29,2024-07-05,6,Yes,No,"Fall from ladder while trimming domestic hedgerow; compounded compound ankle fracture requiring surgical pinning and 6-week immobilization. Insured (40-50 years, High Income, expensive child). Incident occurred on June 29, 2024 under standard operational conditions. Police report filed: Yes. Independent witness present: No. Total estimated repair and indemnity loss assessed at €16,918.35.",2
CLM-01678,CUST_03335,Private_Accident,1,1,8,6214.11,Slip and Fall,Moderate,2024-01-30,2024-01-30,0,Yes,No,"Insured slipped on wet marble staircase at regional train concourse, sustaining fractured right clavicle and severe wrist sprain. Insured (40-50 years, High Income, expensive child). Incident occurred on January 30, 2024 under standard operational conditions. Police report filed: Yes. Independent witness present: No. Total estimated repair and indemnity loss assessed at €6,214.11.",0
CLM-01679,CUST_00197,Private_Accident,1,2,4,16589.07,Domestic Fall,Severe,2024-09-04,2024-09-04,0,Yes,No,"Fall from ladder while trimming domestic hedgerow; compounded compound ankle fracture requiring surgical pinning and 6-week immobilization. Insured (40-50 years, Modern, complete families). Incident occurred on September 04, 2024 under standard operational conditions. Police report filed: Yes. Independent witness present: No. Total estimated repair and indemnity loss assessed at €16,589.07.",2
CLM-01680,CUST_09722,Private_Accident,1,2,3,3269.41,Slip and Fall,Moderate,2024-08-09,2024-08-15,6,Yes,Yes,"Insured slipped on wet marble staircase at regional train concourse, sustaining fractured right clavicle and severe wrist sprain. Insured (40-50 years, Couples with teens 'Married with children'). Incident occurred on August 09, 2024 under standard operational conditions. Police report filed: Yes. Independent witness present: Yes. Total estimated repair and indemnity loss assessed at €3,269.41.",3
CLM-01681,CUST_08212,Private_Accident,1,1,4,2715.36,Bicycle Accident,Minor,2024-06-30,2024-07-03,3,No,No,"Injured during amateur weekend cycling sportive when struck by crossing dog; sustained fractured collarbone and severe road abrasions. Insured (40-50 years, Mixed small town dwellers). Incident occurred on June 30, 2024 under standard operational conditions. Police report filed: No. Independent witness present: No. Total estimated repair and indemnity loss assessed at €2,715.36.",1
CLM-01682,CUST_03704,Private_Accident,1,2,2,3921.29,Slip and Fall,Moderate,2024-02-18,2024-02-18,0,Yes,No,"Insured slipped on wet marble staircase at regional train concourse, sustaining fractured right clavicle and severe wrist sprain. Insured (40-50 years, Young, low educated). Incident occurred on February 18, 2024 under standard operational conditions. Police report filed: Yes. Independent witness present: No. Total estimated repair and indemnity loss assessed at €3,921.29.",0
CLM-01683,CUST_06958,Private_Accident,1,1,3,8222.82,Domestic Fall,Severe,2024-01-25,2024-01-25,0,Yes,Yes,"Fall from ladder while trimming domestic hedgerow; compounded compound ankle fracture requiring surgical pinning and 6-week immobilization. Insured (40-50 years, Lower class large families). Incident occurred on January 25, 2024 under standard operational conditions. Police report filed: Yes. Independent witness present: Yes. Total estimated repair and indemnity loss assessed at €8,222.82.",0
CLM-01684,CUST_00273,Private_Accident,1,2,3,4478.97,Slip and Fall,Moderate,2024-03-06,2024-03-13,7,Yes,No,"Insured slipped on wet marble staircase at regional train concourse, sustaining fractured right clavicle and severe wrist sprain. Insured (50-60 years, Traditional families). Incident occurred on March 06, 2024 under standard operational conditions. Police report filed: Yes. Independent witness present: No. Total estimated repair and indemnity loss assessed at €4,478.97.",1
CLM-01685,CUST_04018,Private_Accident,0,0,8,14202.81,Bicycle Accident,Minor,2024-12-03,2025-01-11,39,Yes,No,"Injured during amateur weekend cycling sportive when struck by crossing dog; sustained fractured collarbone and severe road abrasions. Insured (30-40 years, Stable family). Incident occurred on December 03, 2024 under standard operational conditions. Police report filed: Yes. Independent witness present: No. Total estimated repair and indemnity loss assessed at €14,202.81.",0
CLM-01686,CUST_02854,Private_Accident,1,4,4,3756.91,Bicycle Accident,Minor,2024-07-02,2024-07-05,3,No,No,"Injured during amateur weekend cycling sportive when struck by crossing dog; sustained fractured collarbone and severe road abrasions. Insured (40-50 years, Mixed rurals). Incident occurred on July 02, 2024 under standard operational conditions. Police report filed: No. Independent witness present: No. Total estimated repair and indemnity loss assessed at €3,756.91.",0
CLM-01687,CUST_07605,Private_Accident,1,4,4,2269.84,Bicycle Accident,Minor,2024-12-01,2024-12-04,3,No,No,"Injured during amateur weekend cycling sportive when struck by crossing dog; sustained fractured collarbone and severe road abrasions. Insured (40-50 years, Mixed rurals). Incident occurred on December 01, 2024 under standard operational conditions. Police report filed: No. Independent witness present: No. Total estimated repair and indemnity loss assessed at €2,269.84.",2
CLM-01688,CUST_05987,Private_Accident,1,3,3,4461.86,Slip and Fall,Moderate,2024-01-29,2024-02-03,5,No,No,"Insured slipped on wet marble staircase at regional train concourse, sustaining fractured right clavicle and severe wrist sprain. Insured (40-50 years, Lower class large families). Incident occurred on January 29, 2024 under standard operational conditions. Police report filed: No. Independent witness present: No. Total estimated repair and indemnity loss assessed at €4,461.86.",0
CLM-01689,CUST_02854,Private_Accident,1,4,4,4773.26,Slip and Fall,Moderate,2024-09-24,2024-09-27,3,No,Yes,"Insured slipped on wet marble staircase at regional train concourse, sustaining fractured right clavicle and severe wrist sprain. Insured (40-50 years, Mixed rurals). Incident occurred on September 24, 2024 under standard operational conditions. Police report filed: No. Independent witness present: Yes. Total estimated repair and indemnity loss assessed at €4,773.26.",3
CLM-01690,CUST_01708,Private_Accident,1,2,3,3545.75,Slip and Fall,Moderate,2024-05-01,2024-05-08,7,No,Yes,"Insured slipped on wet marble staircase at regional train concourse, sustaining fractured right clavicle and severe wrist sprain. Insured (40-50 years, Lower class large families). Incident occurred on May 01, 2024 under standard operational conditions. Police report filed: No. Independent witness present: Yes. Total estimated repair and indemnity loss assessed at €3,545.75.",1
CLM-01691,CUST_04260,Private_Accident,1,6,3,3440.02,Bicycle Accident,Minor,2024-06-03,2024-06-04,1,Yes,No,"Injured during amateur weekend cycling sportive when struck by crossing dog; sustained fractured collarbone and severe road abrasions. Insured (40-50 years, Couples with teens 'Married with children'). Incident occurred on June 03, 2024 under standard operational conditions. Police report filed: Yes. Independent witness present: No. Total estimated repair and indemnity loss assessed at €3,440.02.",2
CLM-01692,CUST_05001,Private_Accident,1,1,5,1924.59,Bicycle Accident,Minor,2024-01-11,2024-01-17,6,No,No,"Injured during amateur weekend cycling sportive when struck by crossing dog; sustained fractured collarbone and severe road abrasions. Insured (30-40 years, Large religious families). Incident occurred on January 11, 2024 under standard operational conditions. Police report filed: No. Independent witness present: No. Total estimated repair and indemnity loss assessed at €1,924.59.",0
CLM-01693,CUST_03036,Private_Accident,0,0,1,14932.32,Domestic Fall,Severe,2024-01-28,2024-01-28,0,Yes,No,"Fall from ladder while trimming domestic hedgerow; compounded compound ankle fracture requiring surgical pinning and 6-week immobilization. Insured (50-60 years, Mixed seniors). Incident occurred on January 28, 2024 under standard operational conditions. Police report filed: Yes. Independent witness present: No. Total estimated repair and indemnity loss assessed at €14,932.32.",0
CLM-01694,CUST_04787,Private_Accident,1,6,4,1700.62,Bicycle Accident,Minor,2024-10-30,2024-11-02,3,Yes,No,"Injured during amateur weekend cycling sportive when struck by crossing dog; sustained fractured collarbone and severe road abrasions. Insured (40-50 years, Mixed rurals). Incident occurred on October 30, 2024 under standard operational conditions. Police report filed: Yes. Independent witness present: No. Total estimated repair and indemnity loss assessed at €1,700.62.",0
CLM-01695,CUST_08212,Private_Accident,1,1,4,2465.74,Bicycle Accident,Minor,2024-08-07,2024-08-07,0,Yes,No,"Injured during amateur weekend cycling sportive when struck by crossing dog; sustained fractured collarbone and severe road abrasions. Insured (40-50 years, Mixed small town dwellers). Incident occurred on August 07, 2024 under standard operational conditions. Police report filed: Yes. Independent witness present: No. Total estimated repair and indemnity loss assessed at €2,465.74.",3
CLM-01696,CUST_09397,Private_Accident,1,2,4,4209.04,Bicycle Accident,Minor,2024-10-01,2024-10-08,7,No,No,"Injured during amateur weekend cycling sportive when struck by crossing dog; sustained fractured collarbone and severe road abrasions. Insured (40-50 years, Traditional families). Incident occurred on October 01, 2024 under standard operational conditions. Police report filed: No. Independent witness present: No. Total estimated repair and indemnity loss assessed at €4,209.04.",4
CLM-01697,CUST_05001,Private_Accident,1,1,5,1451.7,Bicycle Accident,Minor,2024-05-02,2024-05-04,2,Yes,No,"Injured during amateur weekend cycling sportive when struck by crossing dog; sustained fractured collarbone and severe road abrasions. Insured (30-40 years, Large religious families). Incident occurred on May 02, 2024 under standard operational conditions. Police report filed: Yes. Independent witness present: No. Total estimated repair and indemnity loss assessed at €1,451.70.",1
CLM-01698,CUST_04260,Private_Accident,1,6,3,3595.61,Slip and Fall,Moderate,2024-05-08,2024-05-12,4,No,No,"Insured slipped on wet marble staircase at regional train concourse, sustaining fractured right clavicle and severe wrist sprain. Insured (40-50 years, Couples with teens 'Married with children'). Incident occurred on May 08, 2024 under standard operational conditions. Police report filed: No. Independent witness present: No. Total estimated repair and indemnity loss assessed at €3,595.61.",1
CLM-01699,CUST_04422,Private_Accident,0,0,6,79626.15,Domestic Fall,Severe,2024-11-08,2025-01-01,54,Yes,No,"Fall from ladder while trimming domestic hedgerow; compounded compound ankle fracture requiring surgical pinning and 6-week immobilization. Insured (40-50 years, Family starters). Incident occurred on November 08, 2024 under standard operational conditions. Police report filed: Yes. Independent witness present: No. Total estimated repair and indemnity loss assessed at €79,626.15.",0
CLM-01700,CUST_05523,Private_Accident,1,4,3,2849.62,Bicycle Accident,Minor,2024-01-10,2024-01-17,7,Yes,No,"Injured during amateur weekend cycling sportive when struck by crossing dog; sustained fractured collarbone and severe road abrasions. Insured (40-50 years, Lower class large families). Incident occurred on January 10, 2024 under standard operational conditions. Police report filed: Yes. Independent witness present: No. Total estimated repair and indemnity loss assessed at €2,849.62.",0
CLM-01701,CUST_08292,Private_Accident,1,2,3,53633.3,Domestic Fall,Severe,2024-02-11,2024-04-25,74,Yes,No,"Fall from ladder while trimming domestic hedgerow; compounded compound ankle fracture requiring surgical pinning and 6-week immobilization. Insured (50-60 years, Lower class large families). Incident occurred on February 11, 2024 under standard operational conditions. Police report filed: Yes. Independent witness present: No. Total estimated repair and indemnity loss assessed at €53,633.30.",0
CLM-01702,CUST_04053,Private_Accident,1,5,4,3240.27,Bicycle Accident,Minor,2024-05-13,2024-05-20,7,Yes,Yes,"Injured during amateur weekend cycling sportive when struck by crossing dog; sustained fractured collarbone and severe road abrasions. Insured (40-50 years, Mixed rurals). Incident occurred on May 13, 2024 under standard operational conditions. Police report filed: Yes. Independent witness present: Yes. Total estimated repair and indemnity loss assessed at €3,240.27.",0
CLM-01703,CUST_01708,Private_Accident,1,2,3,15098.36,Domestic Fall,Severe,2024-12-02,2024-12-02,0,Yes,Yes,"Fall from ladder while trimming domestic hedgerow; compounded compound ankle fracture requiring surgical pinning and 6-week immobilization. Insured (40-50 years, Lower class large families). Incident occurred on December 02, 2024 under standard operational conditions. Police report filed: Yes. Independent witness present: Yes. Total estimated repair and indemnity loss assessed at €15,098.36.",2
CLM-01704,CUST_08344,Private_Accident,0,0,4,3238.73,Bicycle Accident,Minor,2024-01-23,2024-01-26,3,Yes,No,"Injured during amateur weekend cycling sportive when struck by crossing dog; sustained fractured collarbone and severe road abrasions. Insured (30-40 years, Traditional families). Incident occurred on January 23, 2024 under standard operational conditions. Police report filed: Yes. Independent witness present: No. Total estimated repair and indemnity loss assessed at €3,238.73.",0
CLM-01705,CUST_00197,Private_Accident,1,2,4,14176.26,Domestic Fall,Severe,2024-06-30,2024-06-30,0,Yes,Yes,"Fall from ladder while trimming domestic hedgerow; compounded compound ankle fracture requiring surgical pinning and 6-week immobilization. Insured (40-50 years, Modern, complete families). Incident occurred on June 30, 2024 under standard operational conditions. Police report filed: Yes. Independent witness present: Yes. Total estimated repair and indemnity loss assessed at €14,176.26.",1
CLM-01706,CUST_00273,Private_Accident,1,2,3,11506.84,Domestic Fall,Severe,2024-08-16,2024-08-17,1,Yes,Yes,"Fall from ladder while trimming domestic hedgerow; compounded compound ankle fracture requiring surgical pinning and 6-week immobilization. Insured (50-60 years, Traditional families). Incident occurred on August 16, 2024 under standard operational conditions. Police report filed: Yes. Independent witness present: Yes. Total estimated repair and indemnity loss assessed at €11,506.84.",2
CLM-01707,CUST_04651,Private_Accident,1,2,8,15253.55,Domestic Fall,Severe,2024-07-10,2024-07-16,6,Yes,Yes,"Fall from ladder while trimming domestic hedgerow; compounded compound ankle fracture requiring surgical pinning and 6-week immobilization. Insured (30-40 years, Career and childcare). Incident occurred on July 10, 2024 under standard operational conditions. Police report filed: Yes. Independent witness present: Yes. Total estimated repair and indemnity loss assessed at €15,253.55.",2
CLM-01708,CUST_04473,Private_Accident,1,3,8,7179.81,Slip and Fall,Moderate,2024-01-14,2024-01-19,5,No,No,"Insured slipped on wet marble staircase at regional train concourse, sustaining fractured right clavicle and severe wrist sprain. Insured (40-50 years, Career and childcare). Incident occurred on January 14, 2024 under standard operational conditions. Police report filed: No. Independent witness present: No. Total estimated repair and indemnity loss assessed at €7,179.81.",0
CLM-01709,CUST_08677,Private_Accident,1,2,6,2344.63,Bicycle Accident,Minor,2024-08-29,2024-09-02,4,Yes,Yes,"Injured during amateur weekend cycling sportive when struck by crossing dog; sustained fractured collarbone and severe road abrasions. Insured (40-50 years, Family starters). Incident occurred on August 29, 2024 under standard operational conditions. Police report filed: Yes. Independent witness present: Yes. Total estimated repair and indemnity loss assessed at €2,344.63.",2
CLM-01710,CUST_04473,Private_Accident,1,3,8,2580.75,Slip and Fall,Moderate,2024-10-30,2024-10-30,0,Yes,Yes,"Insured slipped on wet marble staircase at regional train concourse, sustaining fractured right clavicle and severe wrist sprain. Insured (40-50 years, Career and childcare). Incident occurred on October 30, 2024 under standard operational conditions. Police report filed: Yes. Independent witness present: Yes. Total estimated repair and indemnity loss assessed at €2,580.75.",4
CLM-01711,CUST_05987,Private_Accident,1,3,3,17603.03,Domestic Fall,Severe,2024-09-18,2024-09-23,5,Yes,Yes,"Fall from ladder while trimming domestic hedgerow; compounded compound ankle fracture requiring surgical pinning and 6-week immobilization. Insured (40-50 years, Lower class large families). Incident occurred on September 18, 2024 under standard operational conditions. Police report filed: Yes. Independent witness present: Yes. Total estimated repair and indemnity loss assessed at €17,603.03.",1
CLM-01712,CUST_08151,Private_Accident,1,3,6,3947.39,Slip and Fall,Moderate,2024-12-03,2024-12-05,2,No,Yes,"Insured slipped on wet marble staircase at regional train concourse, sustaining fractured right clavicle and severe wrist sprain. Insured (40-50 years, Dinki's (double income no kids)). Incident occurred on December 03, 2024 under standard operational conditions. Police report filed: No. Independent witness present: Yes. Total estimated repair and indemnity loss assessed at €3,947.39.",5
CLM-01713,CUST_03335,Private_Accident,1,1,8,3020.05,Domestic Fall,Severe,2024-09-15,2024-09-21,6,Yes,Yes,"Fall from ladder while trimming domestic hedgerow; compounded compound ankle fracture requiring surgical pinning and 6-week immobilization. Insured (40-50 years, High Income, expensive child). Incident occurred on September 15, 2024 under standard operational conditions. Police report filed: Yes. Independent witness present: Yes. Total estimated repair and indemnity loss assessed at €3,020.05.",3
CLM-01714,CUST_06077,Private_Accident,1,1,3,5135.87,Slip and Fall,Moderate,2024-11-07,2024-11-14,7,No,No,"Insured slipped on wet marble staircase at regional train concourse, sustaining fractured right clavicle and severe wrist sprain. Insured (50-60 years, Couples with teens 'Married with children'). Incident occurred on November 07, 2024 under standard operational conditions. Police report filed: No. Independent witness present: No. Total estimated repair and indemnity loss assessed at €5,135.87.",4
CLM-01715,CUST_07951,Private_Accident,1,3,6,2094.2,Bicycle Accident,Minor,2024-05-05,2024-05-10,5,Yes,No,"Injured during amateur weekend cycling sportive when struck by crossing dog; sustained fractured collarbone and severe road abrasions. Insured (60-70 years, High status seniors). Incident occurred on May 05, 2024 under standard operational conditions. Police report filed: Yes. Independent witness present: No. Total estimated repair and indemnity loss assessed at €2,094.20.",0
CLM-01716,CUST_04651,Private_Accident,1,2,8,12124.81,Domestic Fall,Severe,2024-03-01,2024-03-04,3,Yes,No,"Fall from ladder while trimming domestic hedgerow; compounded compound ankle fracture requiring surgical pinning and 6-week immobilization. Insured (30-40 years, Career and childcare). Incident occurred on March 01, 2024 under standard operational conditions. Police report filed: Yes. Independent witness present: No. Total estimated repair and indemnity loss assessed at €12,124.81.",0
CLM-01717,CUST_05191,Private_Accident,1,1,5,2650.78,Bicycle Accident,Minor,2024-02-11,2024-02-16,5,Yes,No,"Injured during amateur weekend cycling sportive when struck by crossing dog; sustained fractured collarbone and severe road abrasions. Insured (40-50 years, Village families). Incident occurred on February 11, 2024 under standard operational conditions. Police report filed: Yes. Independent witness present: No. Total estimated repair and indemnity loss assessed at €2,650.78.",1
CLM-01718,CUST_08184,Private_Accident,1,2,2,4264.8,Slip and Fall,Moderate,2024-08-18,2024-08-24,6,Yes,Yes,"Insured slipped on wet marble staircase at regional train concourse, sustaining fractured right clavicle and severe wrist sprain. Insured (30-40 years, Young, low educated). Incident occurred on August 18, 2024 under standard operational conditions. Police report filed: Yes. Independent witness present: Yes. Total estimated repair and indemnity loss assessed at €4,264.80.",0
CLM-01719,CUST_03704,Private_Accident,1,2,2,3102.51,Bicycle Accident,Minor,2024-12-12,2024-12-14,2,No,No,"Injured during amateur weekend cycling sportive when struck by crossing dog; sustained fractured collarbone and severe road abrasions. Insured (40-50 years, Young, low educated). Incident occurred on December 12, 2024 under standard operational conditions. Police report filed: No. Independent witness present: No. Total estimated repair and indemnity loss assessed at €3,102.51.",6
CLM-01720,CUST_00869,Private_Accident,1,2,6,3263.22,Slip and Fall,Moderate,2024-07-29,2024-08-04,6,Yes,No,"Insured slipped on wet marble staircase at regional train concourse, sustaining fractured right clavicle and severe wrist sprain. Insured (60-70 years, High status seniors). Incident occurred on July 29, 2024 under standard operational conditions. Police report filed: Yes. Independent witness present: No. Total estimated repair and indemnity loss assessed at €3,263.22.",0
CLM-01721,CUST_02611,Private_Accident,1,2,4,4780.97,Slip and Fall,Moderate,2024-08-21,2024-08-21,0,Yes,Yes,"Insured slipped on wet marble staircase at regional train concourse, sustaining fractured right clavicle and severe wrist sprain. Insured (40-50 years, Mixed rurals). Incident occurred on August 21, 2024 under standard operational conditions. Police report filed: Yes. Independent witness present: Yes. Total estimated repair and indemnity loss assessed at €4,780.97.",1
CLM-01722,CUST_07605,Private_Accident,1,4,4,12567.86,Domestic Fall,Severe,2024-08-29,2024-08-30,1,Yes,Yes,"Fall from ladder while trimming domestic hedgerow; compounded compound ankle fracture requiring surgical pinning and 6-week immobilization. Insured (40-50 years, Mixed rurals). Incident occurred on August 29, 2024 under standard operational conditions. Police report filed: Yes. Independent witness present: Yes. Total estimated repair and indemnity loss assessed at €12,567.86.",1
CLM-01723,CUST_05447,Private_Accident,1,2,2,5142.1,Slip and Fall,Moderate,2024-03-27,2024-03-28,1,Yes,No,"Insured slipped on wet marble staircase at regional train concourse, sustaining fractured right clavicle and severe wrist sprain. Insured (40-50 years, Young, low educated). Incident occurred on March 27, 2024 under standard operational conditions. Police report filed: Yes. Independent witness present: No. Total estimated repair and indemnity loss assessed at €5,142.10.",0
CLM-01724,CUST_04972,Private_Accident,1,3,4,5124.59,Slip and Fall,Moderate,2024-07-25,2024-07-28,3,No,Yes,"Insured slipped on wet marble staircase at regional train concourse, sustaining fractured right clavicle and severe wrist sprain. Insured (50-60 years, Traditional families). Incident occurred on July 25, 2024 under standard operational conditions. Police report filed: No. Independent witness present: Yes. Total estimated repair and indemnity loss assessed at €5,124.59.",2
CLM-01725,CUST_04787,Private_Accident,1,6,4,10932.7,Domestic Fall,Severe,2024-11-08,2024-11-09,1,Yes,Yes,"Fall from ladder while trimming domestic hedgerow; compounded compound ankle fracture requiring surgical pinning and 6-week immobilization. Insured (40-50 years, Mixed rurals). Incident occurred on November 08, 2024 under standard operational conditions. Police report filed: Yes. Independent witness present: Yes. Total estimated repair and indemnity loss assessed at €10,932.70.",1
CLM-01726,CUST_05523,Private_Accident,1,4,3,3665.38,Bicycle Accident,Minor,2024-08-12,2024-10-16,65,Yes,Yes,"Injured during amateur weekend cycling sportive when struck by crossing dog; sustained fractured collarbone and severe road abrasions. Insured (40-50 years, Lower class large families). Incident occurred on August 12, 2024 under standard operational conditions. Police report filed: Yes. Independent witness present: Yes. Total estimated repair and indemnity loss assessed at €3,665.38.",1
CLM-01727,CUST_08151,Private_Accident,1,3,6,10866.55,Domestic Fall,Severe,2024-02-13,2024-02-15,2,Yes,Yes,"Fall from ladder while trimming domestic hedgerow; compounded compound ankle fracture requiring surgical pinning and 6-week immobilization. Insured (40-50 years, Dinki's (double income no kids)). Incident occurred on February 13, 2024 under standard operational conditions. Police report filed: Yes. Independent witness present: Yes. Total estimated repair and indemnity loss assessed at €10,866.55.",1
CLM-01728,CUST_04999,Private_Accident,1,2,6,15809.04,Domestic Fall,Severe,2024-11-29,2024-12-06,7,Yes,No,"Fall from ladder while trimming domestic hedgerow; compounded compound ankle fracture requiring surgical pinning and 6-week immobilization. Insured (50-60 years, High status seniors). Incident occurred on November 29, 2024 under standard operational conditions. Police report filed: Yes. Independent witness present: No. Total estimated repair and indemnity loss assessed at €15,809.04.",1
CLM-01729,CUST_02896,Third_Party_Private,1,2,1,3396.02,Property Damage Liability,Minor,2024-02-20,2024-02-23,3,No,No,"Accidental spill of caustic chemical solvent onto neighbor's imported hardwood patio decking while conducting fence restoration work. Insured (40-50 years, Students in apartments). Incident occurred on February 20, 2024 under standard operational conditions. Police report filed: No. Independent witness present: No. Total estimated repair and indemnity loss assessed at €3,396.02.",0
CLM-01730,CUST_09243,Third_Party_Private,0,0,6,4742.0,Property Damage Liability,Minor,2024-05-27,2024-06-01,5,No,No,"Accidental spill of caustic chemical solvent onto neighbor's imported hardwood patio decking while conducting fence restoration work. Insured (40-50 years, Family starters). Incident occurred on May 27, 2024 under standard operational conditions. Police report filed: No. Independent witness present: No. Total estimated repair and indemnity loss assessed at €4,742.00.",0
CLM-01731,CUST_02347,Third_Party_Private,0,0,5,1523.57,Third-Party Liability,Minor,2024-04-18,2024-04-24,6,No,No,"Insured's domestic dog bolted from garden gate and caused a passing cyclist to crash, damaging bicycle frame and causing minor injuries. Insured (40-50 years, Large religious families). Incident occurred on April 18, 2024 under standard operational conditions. Police report filed: No. Independent witness present: No. Total estimated repair and indemnity loss assessed at €1,523.57.",0
CLM-01732,CUST_01678,Third_Party_Private,0,0,6,16761.2,Property Damage Liability,Minor,2024-03-28,2024-05-18,51,Yes,Yes,"Accidental spill of caustic chemical solvent onto neighbor's imported hardwood patio decking while conducting fence restoration work. Insured (40-50 years, Large family, employed child). Incident occurred on March 28, 2024 under standard operational conditions. Police report filed: Yes. Independent witness present: Yes. Total estimated repair and indemnity loss assessed at €16,761.20.",0
CLM-01733,CUST_02311,Third_Party_Private,0,0,2,1666.41,Third-Party Liability,Minor,2024-04-16,2024-04-18,2,Yes,Yes,"Insured's domestic dog bolted from garden gate and caused a passing cyclist to crash, damaging bicycle frame and causing minor injuries. Insured (40-50 years, Young, low educated). Incident occurred on April 16, 2024 under standard operational conditions. Police report filed: Yes. Independent witness present: Yes. Total estimated repair and indemnity loss assessed at €1,666.41.",0
CLM-01734,CUST_08845,Third_Party_Private,0,0,6,1467.77,Third-Party Liability,Minor,2024-01-05,2024-01-12,7,Yes,No,"Insured's domestic dog bolted from garden gate and caused a passing cyclist to crash, damaging bicycle frame and causing minor injuries. Insured (30-40 years, Very Important Provincials). Incident occurred on January 05, 2024 under standard operational conditions. Police report filed: Yes. Independent witness present: No. Total estimated repair and indemnity loss assessed at €1,467.77.",0
CLM-01735,CUST_09358,Third_Party_Private,1,2,3,3871.94,Property Damage Liability,Minor,2024-08-16,2024-08-18,2,No,No,"Accidental spill of caustic chemical solvent onto neighbor's imported hardwood patio decking while conducting fence restoration work. Insured (30-40 years, Lower class large families). Incident occurred on August 16, 2024 under standard operational conditions. Police report filed: No. Independent witness present: No. Total estimated repair and indemnity loss assessed at €3,871.94.",0
CLM-01736,CUST_01966,Third_Party_Private,0,0,8,942.06,Property Damage Liability,Minor,2024-08-10,2024-08-17,7,No,Yes,"Accidental spill of caustic chemical solvent onto neighbor's imported hardwood patio decking while conducting fence restoration work. Insured (50-60 years, High Income, expensive child). Incident occurred on August 10, 2024 under standard operational conditions. Police report filed: No. Independent witness present: Yes. Total estimated repair and indemnity loss assessed at €942.06.",0
CLM-01737,CUST_04563,Third_Party_Private,1,2,6,1110.42,Third-Party Liability,Minor,2024-07-01,2024-07-02,1,Yes,Yes,"Insured's domestic dog bolted from garden gate and caused a passing cyclist to crash, damaging bicycle frame and causing minor injuries. Insured (50-60 years, Large family, employed child). Incident occurred on July 01, 2024 under standard operational conditions. Police report filed: Yes. Independent witness present: Yes. Total estimated repair and indemnity loss assessed at €1,110.42.",0
CLM-01738,CUST_08308,Third_Party_Private,1,2,3,1817.42,Property Damage Liability,Minor,2024-05-22,2024-05-29,7,Yes,No,"Accidental spill of caustic chemical solvent onto neighbor's imported hardwood patio decking while conducting fence restoration work. Insured (30-40 years, Large family farms). Incident occurred on May 22, 2024 under standard operational conditions. Police report filed: Yes. Independent witness present: No. Total estimated repair and indemnity loss assessed at €1,817.42.",0
CLM-01739,CUST_00629,Third_Party_Private,0,0,1,3765.34,Property Damage Liability,Minor,2024-02-22,2024-02-27,5,Yes,Yes,"Accidental spill of caustic chemical solvent onto neighbor's imported hardwood patio decking while conducting fence restoration work. Insured (30-40 years, Low income catholics). Incident occurred on February 22, 2024 under standard operational conditions. Police report filed: Yes. Independent witness present: Yes. Total estimated repair and indemnity loss assessed at €3,765.34.",0
CLM-01740,CUST_00131,Third_Party_Private,0,0,7,2877.43,Third-Party Liability,Minor,2024-03-12,2024-03-18,6,Yes,Yes,"Insured's domestic dog bolted from garden gate and caused a passing cyclist to crash, damaging bicycle frame and causing minor injuries. Insured (40-50 years, Middle class families). Incident occurred on March 12, 2024 under standard operational conditions. Police report filed: Yes. Independent witness present: Yes. Total estimated repair and indemnity loss assessed at €2,877.43.",1
CLM-01741,CUST_02482,Third_Party_Private,1,2,2,2877.11,Property Damage Liability,Minor,2024-04-06,2024-04-13,7,No,Yes,"Accidental spill of caustic chemical solvent onto neighbor's imported hardwood patio decking while conducting fence restoration work. Insured (40-50 years, Mixed apartment dwellers). Incident occurred on April 06, 2024 under standard operational conditions. Police report filed: No. Independent witness present: Yes. Total estimated repair and indemnity loss assessed at €2,877.11.",0
CLM-01742,CUST_01454,Third_Party_Private,0,0,6,1561.82,Third-Party Liability,Minor,2024-01-03,2024-01-09,6,Yes,No,"Insured's domestic dog bolted from garden gate and caused a passing cyclist to crash, damaging bicycle frame and causing minor injuries. Insured (30-40 years, Dinki's (double income no kids)). Incident occurred on January 03, 2024 under standard operational conditions. Police report filed: Yes. Independent witness present: No. Total estimated repair and indemnity loss assessed at €1,561.82.",0
CLM-01743,CUST_03417,Third_Party_Private,0,0,4,1729.04,Third-Party Liability,Minor,2024-01-21,2024-01-27,6,No,No,"Insured's domestic dog bolted from garden gate and caused a passing cyclist to crash, damaging bicycle frame and causing minor injuries. Insured (30-40 years, Modern, complete families). Incident occurred on January 21, 2024 under standard operational conditions. Police report filed: No. Independent witness present: No. Total estimated repair and indemnity loss assessed at €1,729.04.",0
CLM-01744,CUST_03846,Third_Party_Private,1,2,2,4270.07,Property Damage Liability,Minor,2024-09-05,2024-09-07,2,No,Yes,"Accidental spill of caustic chemical solvent onto neighbor's imported hardwood patio decking while conducting fence restoration work. Insured (40-50 years, Young, low educated). Incident occurred on September 05, 2024 under standard operational conditions. Police report filed: No. Independent witness present: Yes. Total estimated repair and indemnity loss assessed at €4,270.07.",0
CLM-01745,CUST_07948,Third_Party_Private,0,0,5,1699.91,Property Damage Liability,Minor,2024-11-19,2024-11-25,6,No,No,"Accidental spill of caustic chemical solvent onto neighbor's imported hardwood patio decking while conducting fence restoration work. Insured (50-60 years, Large religious families). Incident occurred on November 19, 2024 under standard operational conditions. Police report filed: No. Independent witness present: No. Total estimated repair and indemnity loss assessed at €1,699.91.",0
CLM-01746,CUST_03587,Third_Party_Private,0,0,3,1846.86,Third-Party Liability,Minor,2024-05-28,2024-06-03,6,No,No,"Insured's domestic dog bolted from garden gate and caused a passing cyclist to crash, damaging bicycle frame and causing minor injuries. Insured (40-50 years, Lower class large families). Incident occurred on May 28, 2024 under standard operational conditions. Police report filed: No. Independent witness present: No. Total estimated repair and indemnity loss assessed at €1,846.86.",0
CLM-01747,CUST_06961,Third_Party_Private,0,0,5,2362.64,Third-Party Liability,Minor,2024-04-01,2024-04-08,7,No,Yes,"Insured's domestic dog bolted from garden gate and caused a passing cyclist to crash, damaging bicycle frame and causing minor injuries. Insured (40-50 years, Village families). Incident occurred on April 01, 2024 under standard operational conditions. Police report filed: No. Independent witness present: Yes. Total estimated repair and indemnity loss assessed at €2,362.64.",0
CLM-01748,CUST_06523,Third_Party_Private,0,0,3,2030.77,Third-Party Liability,Minor,2024-09-05,2024-09-12,7,No,Yes,"Insured's domestic dog bolted from garden gate and caused a passing cyclist to crash, damaging bicycle frame and causing minor injuries. Insured (40-50 years, Porchless seniors: no front yard). Incident occurred on September 05, 2024 under standard operational conditions. Police report filed: No. Independent witness present: Yes. Total estimated repair and indemnity loss assessed at €2,030.77.",0
CLM-01749,CUST_02999,Third_Party_Private,0,0,3,19980.89,Property Damage Liability,Minor,2024-05-14,2024-05-20,6,No,No,"Accidental spill of caustic chemical solvent onto neighbor's imported hardwood patio decking while conducting fence restoration work. Insured (40-50 years, Lower class large families). Incident occurred on May 14, 2024 under standard operational conditions. Police report filed: No. Independent witness present: No. Total estimated repair and indemnity loss assessed at €19,980.89.",0
CLM-01750,CUST_04272,Third_Party_Private,1,2,6,2548.73,Third-Party Liability,Minor,2024-05-18,2024-05-25,7,Yes,No,"Insured's domestic dog bolted from garden gate and caused a passing cyclist to crash, damaging bicycle frame and causing minor injuries. Insured (50-60 years, Family starters). Incident occurred on May 18, 2024 under standard operational conditions. Police report filed: Yes. Independent witness present: No. Total estimated repair and indemnity loss assessed at €2,548.73.",0
CLM-01751,CUST_00748,Third_Party_Private,0,0,6,350.0,Property Damage Liability,Minor,2024-08-18,2024-08-24,6,Yes,Yes,"Accidental spill of caustic chemical solvent onto neighbor's imported hardwood patio decking while conducting fence restoration work. Insured (30-40 years, Very Important Provincials). Incident occurred on August 18, 2024 under standard operational conditions. Police report filed: Yes. Independent witness present: Yes. Total estimated repair and indemnity loss assessed at €350.00.",0
CLM-01752,CUST_01808,Third_Party_Private,1,2,1,3737.66,Property Damage Liability,Minor,2024-03-08,2024-03-08,0,Yes,No,"Accidental spill of caustic chemical solvent onto neighbor's imported hardwood patio decking while conducting fence restoration work. Insured (50-60 years, Mixed seniors). Incident occurred on March 08, 2024 under standard operational conditions. Police report filed: Yes. Independent witness present: No. Total estimated repair and indemnity loss assessed at €3,737.66.",0
CLM-01753,CUST_05779,Third_Party_Private,0,0,3,1222.15,Third-Party Liability,Minor,2024-09-23,2024-12-01,69,Yes,Yes,"Insured's domestic dog bolted from garden gate and caused a passing cyclist to crash, damaging bicycle frame and causing minor injuries. Insured (30-40 years, Lower class large families). Incident occurred on September 23, 2024 under standard operational conditions. Police report filed: Yes. Independent witness present: Yes. Total estimated repair and indemnity loss assessed at €1,222.15.",0
CLM-01754,CUST_06481,Third_Party_Private,1,1,1,482.56,Third-Party Liability,Minor,2024-05-29,2024-05-31,2,No,No,"Insured's domestic dog bolted from garden gate and caused a passing cyclist to crash, damaging bicycle frame and causing minor injuries. Insured (40-50 years, Mixed seniors). Incident occurred on May 29, 2024 under standard operational conditions. Police report filed: No. Independent witness present: No. Total estimated repair and indemnity loss assessed at €482.56.",0
CLM-01755,CUST_09060,Third_Party_Private,0,0,2,2037.84,Third-Party Liability,Minor,2024-01-08,2024-01-08,0,Yes,Yes,"Insured's domestic dog bolted from garden gate and caused a passing cyclist to crash, damaging bicycle frame and causing minor injuries. Insured (40-50 years, Mixed apartment dwellers). Incident occurred on January 08, 2024 under standard operational conditions. Police report filed: Yes. Independent witness present: Yes. Total estimated repair and indemnity loss assessed at €2,037.84.",0
CLM-01756,CUST_07945,Third_Party_Private,1,2,7,2809.56,Third-Party Liability,Minor,2024-03-22,2024-03-26,4,No,Yes,"Insured's domestic dog bolted from garden gate and caused a passing cyclist to crash, damaging bicycle frame and causing minor injuries. Insured (40-50 years, Middle class families). Incident occurred on March 22, 2024 under standard operational conditions. Police report filed: No. Independent witness present: Yes. Total estimated repair and indemnity loss assessed at €2,809.56.",1
CLM-01757,CUST_04052,Third_Party_Private,0,0,8,1583.79,Third-Party Liability,Minor,2024-05-20,2024-05-21,1,No,No,"Insured's domestic dog bolted from garden gate and caused a passing cyclist to crash, damaging bicycle frame and causing minor injuries. Insured (40-50 years, Stable family). Incident occurred on May 20, 2024 under standard operational conditions. Police report filed: No. Independent witness present: No. Total estimated repair and indemnity loss assessed at €1,583.79.",0
CLM-01758,CUST_04424,Third_Party_Private,1,2,5,2515.01,Third-Party Liability,Minor,2024-02-10,2024-02-11,1,No,Yes,"Insured's domestic dog bolted from garden gate and caused a passing cyclist to crash, damaging bicycle frame and causing minor injuries. Insured (40-50 years, Village families). Incident occurred on February 10, 2024 under standard operational conditions. Police report filed: No. Independent witness present: Yes. Total estimated repair and indemnity loss assessed at €2,515.01.",0
CLM-01759,CUST_02488,Third_Party_Private,1,2,3,2976.59,Third-Party Liability,Minor,2024-07-20,2024-10-01,73,No,No,"Insured's domestic dog bolted from garden gate and caused a passing cyclist to crash, damaging bicycle frame and causing minor injuries. Insured (20-30 years, Young and rising). Incident occurred on July 20, 2024 under standard operational conditions. Police report filed: No. Independent witness present: No. Total estimated repair and indemnity loss assessed at €2,976.59.",0
CLM-01760,CUST_00384,Third_Party_Private,0,0,3,4166.41,Property Damage Liability,Minor,2024-05-21,2024-05-28,7,Yes,Yes,"Accidental spill of caustic chemical solvent onto neighbor's imported hardwood patio decking while conducting fence restoration work. Insured (40-50 years, Lower class large families). Incident occurred on May 21, 2024 under standard operational conditions. Police report filed: Yes. Independent witness present: Yes. Total estimated repair and indemnity loss assessed at €4,166.41.",0
CLM-01761,CUST_09441,Third_Party_Private,1,2,7,4795.96,Property Damage Liability,Minor,2024-07-12,2024-07-16,4,No,Yes,"Accidental spill of caustic chemical solvent onto neighbor's imported hardwood patio decking while conducting fence restoration work. Insured (40-50 years, Middle class families). Incident occurred on July 12, 2024 under standard operational conditions. Police report filed: No. Independent witness present: Yes. Total estimated repair and indemnity loss assessed at €4,795.96.",0
CLM-01762,CUST_06658,Third_Party_Private,1,2,6,3808.34,Property Damage Liability,Minor,2024-09-05,2024-09-09,4,Yes,No,"Accidental spill of caustic chemical solvent onto neighbor's imported hardwood patio decking while conducting fence restoration work. Insured (30-40 years, Large family, employed child). Incident occurred on September 05, 2024 under standard operational conditions. Police report filed: Yes. Independent witness present: No. Total estimated repair and indemnity loss assessed at €3,808.34.",0
CLM-01763,CUST_06450,Third_Party_Private,0,0,3,2802.98,Property Damage Liability,Minor,2024-02-26,2024-02-26,0,No,Yes,"Accidental spill of caustic chemical solvent onto neighbor's imported hardwood patio decking while conducting fence restoration work. Insured (40-50 years, Lower class large families). Incident occurred on February 26, 2024 under standard operational conditions. Police report filed: No. Independent witness present: Yes. Total estimated repair and indemnity loss assessed at €2,802.98.",0
CLM-01764,CUST_07812,Third_Party_Private,1,1,3,642.62,Third-Party Liability,Minor,2024-11-26,2024-11-30,4,No,Yes,"Insured's domestic dog bolted from garden gate and caused a passing cyclist to crash, damaging bicycle frame and causing minor injuries. Insured (30-40 years, Young and rising). Incident occurred on November 26, 2024 under standard operational conditions. Police report filed: No. Independent witness present: Yes. Total estimated repair and indemnity loss assessed at €642.62.",0
CLM-01765,CUST_01371,Third_Party_Private,0,0,1,1507.76,Third-Party Liability,Minor,2024-10-15,2024-10-17,2,Yes,No,"Insured's domestic dog bolted from garden gate and caused a passing cyclist to crash, damaging bicycle frame and causing minor injuries. Insured (40-50 years, Mixed seniors). Incident occurred on October 15, 2024 under standard operational conditions. Police report filed: Yes. Independent witness present: No. Total estimated repair and indemnity loss assessed at €1,507.76.",0
CLM-01766,CUST_01375,Third_Party_Private,0,0,8,1089.73,Third-Party Liability,Minor,2024-07-26,2024-08-02,7,Yes,Yes,"Insured's domestic dog bolted from garden gate and caused a passing cyclist to crash, damaging bicycle frame and causing minor injuries. Insured (40-50 years, Career and childcare). Incident occurred on July 26, 2024 under standard operational conditions. Police report filed: Yes. Independent witness present: Yes. Total estimated repair and indemnity loss assessed at €1,089.73.",0
CLM-01767,CUST_04130,Third_Party_Private,1,1,1,5244.04,Property Damage Liability,Minor,2024-06-09,2024-06-14,5,Yes,Yes,"Accidental spill of caustic chemical solvent onto neighbor's imported hardwood patio decking while conducting fence restoration work. Insured (50-60 years, Own home elderly). Incident occurred on June 09, 2024 under standard operational conditions. Police report filed: Yes. Independent witness present: Yes. Total estimated repair and indemnity loss assessed at €5,244.04.",0
CLM-01768,CUST_09263,Third_Party_Private,0,0,3,2526.53,Property Damage Liability,Minor,2024-01-04,2024-01-08,4,Yes,No,"Accidental spill of caustic chemical solvent onto neighbor's imported hardwood patio decking while conducting fence restoration work. Insured (40-50 years, Lower class large families). Incident occurred on January 04, 2024 under standard operational conditions. Police report filed: Yes. Independent witness present: No. Total estimated repair and indemnity loss assessed at €2,526.53.",0
CLM-01769,CUST_05129,Third_Party_Private,0,0,3,1766.24,Third-Party Liability,Minor,2024-06-14,2024-06-21,7,No,Yes,"Insured's domestic dog bolted from garden gate and caused a passing cyclist to crash, damaging bicycle frame and causing minor injuries. Insured (50-60 years, Lower class large families). Incident occurred on June 14, 2024 under standard operational conditions. Police report filed: No. Independent witness present: Yes. Total estimated repair and indemnity loss assessed at €1,766.24.",0
CLM-01770,CUST_06975,Third_Party_Private,0,0,4,2066.04,Third-Party Liability,Minor,2024-07-12,2024-07-14,2,Yes,Yes,"Insured's domestic dog bolted from garden gate and caused a passing cyclist to crash, damaging bicycle frame and causing minor injuries. Insured (40-50 years, Modern, complete families). Incident occurred on July 12, 2024 under standard operational conditions. Police report filed: Yes. Independent witness present: Yes. Total estimated repair and indemnity loss assessed at €2,066.04.",0
CLM-01771,CUST_01991,Third_Party_Private,1,2,4,1878.52,Third-Party Liability,Minor,2024-04-12,2024-04-19,7,Yes,Yes,"Insured's domestic dog bolted from garden gate and caused a passing cyclist to crash, damaging bicycle frame and causing minor injuries. Insured (30-40 years, Modern, complete families). Incident occurred on April 12, 2024 under standard operational conditions. Police report filed: Yes. Independent witness present: Yes. Total estimated repair and indemnity loss assessed at €1,878.52.",0
CLM-01772,CUST_08114,Third_Party_Private,0,0,3,2866.54,Third-Party Liability,Minor,2024-11-17,2024-11-24,7,Yes,No,"Insured's domestic dog bolted from garden gate and caused a passing cyclist to crash, damaging bicycle frame and causing minor injuries. Insured (40-50 years, Porchless seniors: no front yard). Incident occurred on November 17, 2024 under standard operational conditions. Police report filed: Yes. Independent witness present: No. Total estimated repair and indemnity loss assessed at €2,866.54.",1
CLM-01773,CUST_04862,Third_Party_Private,0,0,4,1244.15,Third-Party Liability,Minor,2024-08-11,2024-08-15,4,No,No,"Insured's domestic dog bolted from garden gate and caused a passing cyclist to crash, damaging bicycle frame and causing minor injuries. Insured (40-50 years, Traditional families). Incident occurred on August 11, 2024 under standard operational conditions. Police report filed: No. Independent witness present: No. Total estimated repair and indemnity loss assessed at €1,244.15.",0
CLM-01774,CUST_06089,Third_Party_Private,0,0,5,1816.23,Third-Party Liability,Minor,2024-03-14,2024-03-18,4,Yes,No,"Insured's domestic dog bolted from garden gate and caused a passing cyclist to crash, damaging bicycle frame and causing minor injuries. Insured (40-50 years, Large religious families). Incident occurred on March 14, 2024 under standard operational conditions. Police report filed: Yes. Independent witness present: No. Total estimated repair and indemnity loss assessed at €1,816.23.",0
CLM-01775,CUST_04117,Third_Party_Private,1,2,6,2175.28,Property Damage Liability,Minor,2024-08-25,2024-08-28,3,No,Yes,"Accidental spill of caustic chemical solvent onto neighbor's imported hardwood patio decking while conducting fence restoration work. Insured (30-40 years, Large family, employed child). Incident occurred on August 25, 2024 under standard operational conditions. Police report filed: No. Independent witness present: Yes. Total estimated repair and indemnity loss assessed at €2,175.28.",2
CLM-01776,CUST_07764,Third_Party_Private,1,1,2,839.98,Third-Party Liability,Minor,2024-06-12,2024-06-18,6,Yes,Yes,"Insured's domestic dog bolted from garden gate and caused a passing cyclist to crash, damaging bicycle frame and causing minor injuries. Insured (40-50 years, Young, low educated). Incident occurred on June 12, 2024 under standard operational conditions. Police report filed: Yes. Independent witness present: Yes. Total estimated repair and indemnity loss assessed at €839.98.",0
CLM-01777,CUST_00092,Third_Party_Private,1,2,7,2319.05,Property Damage Liability,Minor,2024-04-07,2024-04-10,3,Yes,No,"Accidental spill of caustic chemical solvent onto neighbor's imported hardwood patio decking while conducting fence restoration work. Insured (40-50 years, Middle class families). Incident occurred on April 07, 2024 under standard operational conditions. Police report filed: Yes. Independent witness present: No. Total estimated repair and indemnity loss assessed at €2,319.05.",0
CLM-01778,CUST_01002,Third_Party_Private,0,0,1,2679.26,Property Damage Liability,Minor,2024-11-01,2024-11-03,2,Yes,No,"Accidental spill of caustic chemical solvent onto neighbor's imported hardwood patio decking while conducting fence restoration work. Insured (60-70 years, Own home elderly). Incident occurred on November 01, 2024 under standard operational conditions. Police report filed: Yes. Independent witness present: No. Total estimated repair and indemnity loss assessed at €2,679.26.",0
CLM-01779,CUST_03704,Third_Party_Private,0,0,2,2247.77,Property Damage Liability,Minor,2024-11-18,2024-11-18,0,Yes,No,"Accidental spill of caustic chemical solvent onto neighbor's imported hardwood patio decking while conducting fence restoration work. Insured (40-50 years, Young, low educated). Incident occurred on November 18, 2024 under standard operational conditions. Police report filed: Yes. Independent witness present: No. Total estimated repair and indemnity loss assessed at €2,247.77.",5
CLM-01780,CUST_06983,Third_Party_Private,0,0,6,1958.34,Property Damage Liability,Minor,2024-07-08,2024-07-14,6,No,Yes,"Accidental spill of caustic chemical solvent onto neighbor's imported hardwood patio decking while conducting fence restoration work. Insured (30-40 years, Large family, employed child). Incident occurred on July 08, 2024 under standard operational conditions. Police report filed: No. Independent witness present: Yes. Total estimated repair and indemnity loss assessed at €1,958.34.",0
CLM-01781,CUST_03014,Third_Party_Private,0,0,8,19196.28,Property Damage Liability,Minor,2024-03-06,2024-03-12,6,No,No,"Accidental spill of caustic chemical solvent onto neighbor's imported hardwood patio decking while conducting fence restoration work. Insured (50-60 years, High Income, expensive child). Incident occurred on March 06, 2024 under standard operational conditions. Police report filed: No. Independent witness present: No. Total estimated repair and indemnity loss assessed at €19,196.28.",0
CLM-01782,CUST_07757,Third_Party_Private,0,0,6,1621.83,Third-Party Liability,Minor,2024-03-28,2024-03-28,0,Yes,Yes,"Insured's domestic dog bolted from garden gate and caused a passing cyclist to crash, damaging bicycle frame and causing minor injuries. Insured (40-50 years, High status seniors). Incident occurred on March 28, 2024 under standard operational conditions. Police report filed: Yes. Independent witness present: Yes. Total estimated repair and indemnity loss assessed at €1,621.83.",0
CLM-01783,CUST_02401,Third_Party_Private,0,0,6,13913.37,Third-Party Liability,Minor,2024-06-15,2024-07-23,38,Yes,No,"Insured's domestic dog bolted from garden gate and caused a passing cyclist to crash, damaging bicycle frame and causing minor injuries. Insured (30-40 years, Young all american family). Incident occurred on June 15, 2024 under standard operational conditions. Police report filed: Yes. Independent witness present: No. Total estimated repair and indemnity loss assessed at €13,913.37.",1
CLM-01784,CUST_07729,Third_Party_Private,1,2,8,3828.06,Property Damage Liability,Minor,2024-06-04,2024-06-05,1,Yes,No,"Accidental spill of caustic chemical solvent onto neighbor's imported hardwood patio decking while conducting fence restoration work. Insured (40-50 years, High Income, expensive child). Incident occurred on June 04, 2024 under standard operational conditions. Police report filed: Yes. Independent witness present: No. Total estimated repair and indemnity loss assessed at €3,828.06.",0
CLM-01785,CUST_06317,Third_Party_Private,0,0,6,2810.68,Property Damage Liability,Minor,2024-07-01,2024-07-05,4,No,Yes,"Accidental spill of caustic chemical solvent onto neighbor's imported hardwood patio decking while conducting fence restoration work. Insured (30-40 years, Large family, employed child). Incident occurred on July 01, 2024 under standard operational conditions. Police report filed: No. Independent witness present: Yes. Total estimated repair and indemnity loss assessed at €2,810.68.",0
CLM-01786,CUST_03505,Third_Party_Private,1,2,3,827.71,Third-Party Liability,Minor,2024-11-21,2024-11-25,4,Yes,No,"Insured's domestic dog bolted from garden gate and caused a passing cyclist to crash, damaging bicycle frame and causing minor injuries. Insured (40-50 years, Lower class large families). Incident occurred on November 21, 2024 under standard operational conditions. Police report filed: Yes. Independent witness present: No. Total estimated repair and indemnity loss assessed at €827.71.",0
CLM-01787,CUST_08030,Third_Party_Private,0,0,1,2379.87,Property Damage Liability,Minor,2024-03-03,2024-03-09,6,No,Yes,"Accidental spill of caustic chemical solvent onto neighbor's imported hardwood patio decking while conducting fence restoration work. Insured (40-50 years, Mixed seniors). Incident occurred on March 03, 2024 under standard operational conditions. Police report filed: No. Independent witness present: Yes. Total estimated repair and indemnity loss assessed at €2,379.87.",0
CLM-01788,CUST_07637,Third_Party_Private,1,2,2,2164.63,Property Damage Liability,Minor,2024-04-20,2024-04-23,3,No,No,"Accidental spill of caustic chemical solvent onto neighbor's imported hardwood patio decking while conducting fence restoration work. Insured (20-30 years, Young, low educated). Incident occurred on April 20, 2024 under standard operational conditions. Police report filed: No. Independent witness present: No. Total estimated repair and indemnity loss assessed at €2,164.63.",1
CLM-01789,CUST_00175,Third_Party_Private,0,0,6,1903.42,Third-Party Liability,Minor,2024-08-15,2024-08-20,5,Yes,Yes,"Insured's domestic dog bolted from garden gate and caused a passing cyclist to crash, damaging bicycle frame and causing minor injuries. Insured (30-40 years, Large family, employed child). Incident occurred on August 15, 2024 under standard operational conditions. Police report filed: Yes. Independent witness present: Yes. Total estimated repair and indemnity loss assessed at €1,903.42.",0
CLM-01790,CUST_05382,Third_Party_Private,1,2,2,2786.32,Third-Party Liability,Minor,2024-07-08,2024-07-12,4,Yes,No,"Insured's domestic dog bolted from garden gate and caused a passing cyclist to crash, damaging bicycle frame and causing minor injuries. Insured (30-40 years, Mixed apartment dwellers). Incident occurred on July 08, 2024 under standard operational conditions. Police report filed: Yes. Independent witness present: No. Total estimated repair and indemnity loss assessed at €2,786.32.",0
CLM-01791,CUST_06550,Third_Party_Private,0,0,3,21056.78,Property Damage Liability,Minor,2024-05-10,2024-06-17,38,Yes,No,"Accidental spill of caustic chemical solvent onto neighbor's imported hardwood patio decking while conducting fence restoration work. Insured (40-50 years, Lower class large families). Incident occurred on May 10, 2024 under standard operational conditions. Police report filed: Yes. Independent witness present: No. Total estimated repair and indemnity loss assessed at €21,056.78.",0
CLM-01792,CUST_07447,Third_Party_Private,0,0,6,2846.53,Property Damage Liability,Minor,2024-03-30,2024-04-06,7,Yes,Yes,"Accidental spill of caustic chemical solvent onto neighbor's imported hardwood patio decking while conducting fence restoration work. Insured (40-50 years, Family starters). Incident occurred on March 30, 2024 under standard operational conditions. Police report filed: Yes. Independent witness present: Yes. Total estimated repair and indemnity loss assessed at €2,846.53.",0
CLM-01793,CUST_02510,Third_Party_Private,0,0,3,1567.91,Third-Party Liability,Minor,2024-03-09,2024-03-10,1,No,Yes,"Insured's domestic dog bolted from garden gate and caused a passing cyclist to crash, damaging bicycle frame and causing minor injuries. Insured (40-50 years, Large family farms). Incident occurred on March 09, 2024 under standard operational conditions. Police report filed: No. Independent witness present: Yes. Total estimated repair and indemnity loss assessed at €1,567.91.",0
CLM-01794,CUST_01022,Third_Party_Private,0,0,5,18188.13,Property Damage Liability,Minor,2024-04-10,2024-04-10,0,No,No,"Accidental spill of caustic chemical solvent onto neighbor's imported hardwood patio decking while conducting fence restoration work. Insured (40-50 years, Large religious families). Incident occurred on April 10, 2024 under standard operational conditions. Police report filed: No. Independent witness present: No. Total estimated repair and indemnity loss assessed at €18,188.13.",0
CLM-01795,CUST_02773,Third_Party_Private,1,2,1,3226.52,Property Damage Liability,Minor,2024-09-22,2024-09-22,0,No,No,"Accidental spill of caustic chemical solvent onto neighbor's imported hardwood patio decking while conducting fence restoration work. Insured (40-50 years, Low income catholics). Incident occurred on September 22, 2024 under standard operational conditions. Police report filed: No. Independent witness present: No. Total estimated repair and indemnity loss assessed at €3,226.52.",0
CLM-01796,CUST_01008,Third_Party_Private,1,2,3,1321.62,Third-Party Liability,Minor,2024-04-09,2024-04-11,2,No,Yes,"Insured's domestic dog bolted from garden gate and caused a passing cyclist to crash, damaging bicycle frame and causing minor injuries. Insured (40-50 years, Lower class large families). Incident occurred on April 09, 2024 under standard operational conditions. Police report filed: No. Independent witness present: Yes. Total estimated repair and indemnity loss assessed at €1,321.62.",0
CLM-01797,CUST_00730,Third_Party_Private,0,0,3,2369.04,Property Damage Liability,Minor,2024-11-08,2024-11-11,3,No,Yes,"Accidental spill of caustic chemical solvent onto neighbor's imported hardwood patio decking while conducting fence restoration work. Insured (50-60 years, Porchless seniors: no front yard). Incident occurred on November 08, 2024 under standard operational conditions. Police report filed: No. Independent witness present: Yes. Total estimated repair and indemnity loss assessed at €2,369.04.",0
CLM-01798,CUST_00053,Third_Party_Private,0,0,2,1844.37,Property Damage Liability,Minor,2024-05-21,2024-05-26,5,Yes,No,"Accidental spill of caustic chemical solvent onto neighbor's imported hardwood patio decking while conducting fence restoration work. Insured (40-50 years, Ethnically diverse). Incident occurred on May 21, 2024 under standard operational conditions. Police report filed: Yes. Independent witness present: No. Total estimated repair and indemnity loss assessed at €1,844.37.",0
CLM-01799,CUST_01411,Third_Party_Private,0,0,2,3903.61,Property Damage Liability,Minor,2024-02-16,2024-02-17,1,Yes,Yes,"Accidental spill of caustic chemical solvent onto neighbor's imported hardwood patio decking while conducting fence restoration work. Insured (30-40 years, Young, low educated). Incident occurred on February 16, 2024 under standard operational conditions. Police report filed: Yes. Independent witness present: Yes. Total estimated repair and indemnity loss assessed at €3,903.61.",0
CLM-01800,CUST_03042,Third_Party_Private,1,2,6,3015.44,Property Damage Liability,Minor,2024-10-30,2024-10-30,0,Yes,Yes,"Accidental spill of caustic chemical solvent onto neighbor's imported hardwood patio decking while conducting fence restoration work. Insured (30-40 years, Young all american family). Incident occurred on October 30, 2024 under standard operational conditions. Police report filed: Yes. Independent witness present: Yes. Total estimated repair and indemnity loss assessed at €3,015.44.",0
