claim_id,ground_truth_is_anomaly,ground_truth_anomaly_type,ground_truth_anomaly_reason,reference_risk_tier
CLM-00001,0,Standard,Legitimate claim; consistent with coverage and demographics,Low
CLM-00002,0,Standard,Legitimate claim; consistent with coverage and demographics,Low
CLM-00003,1,Delayed Reporting,Zero active policies on record for claimed insurance line | Incident reported 69 days post-occurrence without valid explanation,High
CLM-00004,0,Standard,Legitimate claim; consistent with coverage and demographics,Low
CLM-00005,0,Standard,Legitimate claim; consistent with coverage and demographics,Low
CLM-00006,0,Standard,Legitimate claim; consistent with coverage and demographics,Low
CLM-00007,0,Standard,Legitimate claim; consistent with coverage and demographics,Low
CLM-00008,0,Standard,Legitimate claim; consistent with coverage and demographics,Low
CLM-00009,0,Standard,Legitimate claim; consistent with coverage and demographics,Low
CLM-00010,0,Standard,Legitimate claim; consistent with coverage and demographics,Low
CLM-00011,0,Standard,Legitimate claim; consistent with coverage and demographics,Low
CLM-00012,0,Standard,Legitimate claim; consistent with coverage and demographics,Low
CLM-00013,0,Standard,Legitimate claim; consistent with coverage and demographics,Low
CLM-00014,0,Standard,Legitimate claim; consistent with coverage and demographics,Low
CLM-00015,0,Standard,Legitimate claim; consistent with coverage and demographics,Low
CLM-00016,0,Standard,Legitimate claim; consistent with coverage and demographics,Low
CLM-00017,0,Standard,Legitimate claim; consistent with coverage and demographics,Low
CLM-00018,0,Standard,Legitimate claim; consistent with coverage and demographics,Low
CLM-00019,0,Standard,Legitimate claim; consistent with coverage and demographics,Low
CLM-00020,0,Standard,Legitimate claim; consistent with coverage and demographics,Low
CLM-00021,1,Standard,Legitimate claim; consistent with coverage and demographics,High
CLM-00022,0,Standard,Legitimate claim; consistent with coverage and demographics,Low
CLM-00023,0,Standard,Legitimate claim; consistent with coverage and demographics,Low
CLM-00024,0,Standard,Legitimate claim; consistent with coverage and demographics,Low
CLM-00025,0,Standard,Legitimate claim; consistent with coverage and demographics,Low
CLM-00026,0,Standard,Legitimate claim; consistent with coverage and demographics,Low
CLM-00027,0,Standard,Legitimate claim; consistent with coverage and demographics,Low
CLM-00028,0,Standard,Legitimate claim; consistent with coverage and demographics,Low
CLM-00029,0,Standard,Legitimate claim; consistent with coverage and demographics,Low
CLM-00030,1,Delayed Reporting,Zero active policies on record for claimed insurance line | Incident reported 75 days post-occurrence without valid explanation,High
CLM-00031,0,Standard,Legitimate claim; consistent with coverage and demographics,Low
CLM-00032,0,Standard,Legitimate claim; consistent with coverage and demographics,Low
CLM-00033,0,Standard,Legitimate claim; consistent with coverage and demographics,Low
CLM-00034,1,Standard,Legitimate claim; consistent with coverage and demographics,High
CLM-00035,0,Standard,Legitimate claim; consistent with coverage and demographics,Low
CLM-00036,0,Standard,Legitimate claim; consistent with coverage and demographics,Low
CLM-00037,0,Standard,Legitimate claim; consistent with coverage and demographics,Low
CLM-00038,0,Standard,Legitimate claim; consistent with coverage and demographics,Low
CLM-00039,0,Standard,Legitimate claim; consistent with coverage and demographics,Low
CLM-00040,0,Standard,Legitimate claim; consistent with coverage and demographics,Low
CLM-00041,0,Standard,Legitimate claim; consistent with coverage and demographics,Low
CLM-00042,0,Standard,Legitimate claim; consistent with coverage and demographics,Low
CLM-00043,1,Unverified Major Loss,Major catastrophic damage reported with neither police report nor independent witnesses,High
CLM-00044,1,Delayed Reporting,Incident reported 73 days post-occurrence without valid explanation,High
CLM-00045,0,Standard,Legitimate claim; consistent with coverage and demographics,Low
CLM-00046,0,Standard,Legitimate claim; consistent with coverage and demographics,Low
CLM-00047,0,Standard,Legitimate claim; consistent with coverage and demographics,Low
CLM-00048,0,Standard,Legitimate claim; consistent with coverage and demographics,Low
CLM-00049,0,Standard,Legitimate claim; consistent with coverage and demographics,Low
CLM-00050,0,Standard,Legitimate claim; consistent with coverage and demographics,Low
CLM-00051,0,Standard,Legitimate claim; consistent with coverage and demographics,Low
CLM-00052,0,Standard,Legitimate claim; consistent with coverage and demographics,Low
CLM-00053,0,Standard,Legitimate claim; consistent with coverage and demographics,Low
CLM-00054,1,Amount Outlier,"Claim amount (€19,336.76) significantly exceeds typical policy band and purchasing power class (2/8)",High
CLM-00055,0,Standard,Legitimate claim; consistent with coverage and demographics,Low
CLM-00056,0,Standard,Legitimate claim; consistent with coverage and demographics,Low
CLM-00057,0,Standard,Legitimate claim; consistent with coverage and demographics,Low
CLM-00058,0,Standard,Legitimate claim; consistent with coverage and demographics,Low
CLM-00059,0,Standard,Legitimate claim; consistent with coverage and demographics,Low
CLM-00060,1,Unverified Major Loss,Major catastrophic damage reported with neither police report nor independent witnesses,High
CLM-00061,0,Standard,Legitimate claim; consistent with coverage and demographics,Low
CLM-00062,0,Standard,Legitimate claim; consistent with coverage and demographics,Low
CLM-00063,1,Coverage Mismatch,Zero active policies on record for claimed insurance line,High
CLM-00064,0,Standard,Legitimate claim; consistent with coverage and demographics,Low
CLM-00065,1,Unverified Major Loss,Incident reported 71 days post-occurrence without valid explanation | Major catastrophic damage reported with neither police report nor independent witnesses,High
CLM-00066,0,Standard,Legitimate claim; consistent with coverage and demographics,Low
CLM-00067,0,Standard,Legitimate claim; consistent with coverage and demographics,Low
CLM-00068,0,Standard,Legitimate claim; consistent with coverage and demographics,Low
CLM-00069,0,Standard,Legitimate claim; consistent with coverage and demographics,Low
CLM-00070,0,Standard,Legitimate claim; consistent with coverage and demographics,Low
CLM-00071,0,Standard,Legitimate claim; consistent with coverage and demographics,Low
CLM-00072,0,Standard,Legitimate claim; consistent with coverage and demographics,Low
CLM-00073,0,Standard,Legitimate claim; consistent with coverage and demographics,Low
CLM-00074,0,Standard,Legitimate claim; consistent with coverage and demographics,Low
CLM-00075,0,Standard,Legitimate claim; consistent with coverage and demographics,Low
CLM-00076,0,Standard,Legitimate claim; consistent with coverage and demographics,Low
CLM-00077,0,Standard,Legitimate claim; consistent with coverage and demographics,Low
CLM-00078,0,Standard,Legitimate claim; consistent with coverage and demographics,Low
CLM-00079,0,Standard,Legitimate claim; consistent with coverage and demographics,Low
CLM-00080,0,Standard,Legitimate claim; consistent with coverage and demographics,Low
CLM-00081,0,Standard,Legitimate claim; consistent with coverage and demographics,Low
CLM-00082,0,Standard,Legitimate claim; consistent with coverage and demographics,Low
CLM-00083,0,Standard,Legitimate claim; consistent with coverage and demographics,Low
CLM-00084,0,Standard,Legitimate claim; consistent with coverage and demographics,Low
CLM-00085,0,Standard,Legitimate claim; consistent with coverage and demographics,Low
CLM-00086,0,Standard,Legitimate claim; consistent with coverage and demographics,Low
CLM-00087,1,Unverified Major Loss,Major catastrophic damage reported with neither police report nor independent witnesses,High
CLM-00088,0,Standard,Legitimate claim; consistent with coverage and demographics,Low
CLM-00089,0,Standard,Legitimate claim; consistent with coverage and demographics,Low
CLM-00090,0,Standard,Legitimate claim; consistent with coverage and demographics,Low
CLM-00091,0,Standard,Legitimate claim; consistent with coverage and demographics,Low
CLM-00092,0,Standard,Legitimate claim; consistent with coverage and demographics,Low
CLM-00093,0,Standard,Legitimate claim; consistent with coverage and demographics,Low
CLM-00094,0,Standard,Legitimate claim; consistent with coverage and demographics,Low
CLM-00095,0,Standard,Legitimate claim; consistent with coverage and demographics,Low
CLM-00096,0,Standard,Legitimate claim; consistent with coverage and demographics,Low
CLM-00097,0,Standard,Legitimate claim; consistent with coverage and demographics,Low
CLM-00098,0,Standard,Legitimate claim; consistent with coverage and demographics,Low
CLM-00099,0,Standard,Legitimate claim; consistent with coverage and demographics,Low
CLM-00100,0,Standard,Legitimate claim; consistent with coverage and demographics,Low
CLM-00101,0,Standard,Legitimate claim; consistent with coverage and demographics,Low
CLM-00102,1,Standard,Legitimate claim; consistent with coverage and demographics,High
CLM-00103,0,Standard,Legitimate claim; consistent with coverage and demographics,Low
CLM-00104,0,Standard,Legitimate claim; consistent with coverage and demographics,Low
CLM-00105,0,Standard,Legitimate claim; consistent with coverage and demographics,Low
CLM-00106,1,Delayed Reporting,"Claim amount (€111,454.00) significantly exceeds typical policy band and purchasing power class (7/8) | Incident reported 73 days post-occurrence without valid explanation",High
CLM-00107,0,Standard,Legitimate claim; consistent with coverage and demographics,Low
CLM-00108,0,Standard,Legitimate claim; consistent with coverage and demographics,Low
CLM-00109,0,Standard,Legitimate claim; consistent with coverage and demographics,Low
CLM-00110,0,Standard,Legitimate claim; consistent with coverage and demographics,Low
CLM-00111,0,Standard,Legitimate claim; consistent with coverage and demographics,Low
CLM-00112,0,Standard,Legitimate claim; consistent with coverage and demographics,Low
CLM-00113,0,Standard,Legitimate claim; consistent with coverage and demographics,Low
CLM-00114,0,Standard,Legitimate claim; consistent with coverage and demographics,Low
CLM-00115,0,Standard,Legitimate claim; consistent with coverage and demographics,Low
CLM-00116,0,Standard,Legitimate claim; consistent with coverage and demographics,Low
CLM-00117,1,Delayed Reporting,Zero active policies on record for claimed insurance line | Incident reported 38 days post-occurrence without valid explanation,High
CLM-00118,0,Standard,Legitimate claim; consistent with coverage and demographics,Low
CLM-00119,0,Standard,Legitimate claim; consistent with coverage and demographics,Low
CLM-00120,0,Standard,Legitimate claim; consistent with coverage and demographics,Low
CLM-00121,0,Standard,Legitimate claim; consistent with coverage and demographics,Low
CLM-00122,0,Standard,Legitimate claim; consistent with coverage and demographics,Low
CLM-00123,0,Standard,Legitimate claim; consistent with coverage and demographics,Low
CLM-00124,0,Standard,Legitimate claim; consistent with coverage and demographics,Low
CLM-00125,1,Coverage Mismatch,Zero active policies on record for claimed insurance line,High
CLM-00126,0,Standard,Legitimate claim; consistent with coverage and demographics,Low
CLM-00127,0,Standard,Legitimate claim; consistent with coverage and demographics,Low
CLM-00128,0,Standard,Legitimate claim; consistent with coverage and demographics,Low
CLM-00129,0,Standard,Legitimate claim; consistent with coverage and demographics,Low
CLM-00130,1,Coverage Mismatch,Zero active policies on record for claimed insurance line,High
CLM-00131,0,Standard,Legitimate claim; consistent with coverage and demographics,Low
CLM-00132,0,Standard,Legitimate claim; consistent with coverage and demographics,Low
CLM-00133,0,Standard,Legitimate claim; consistent with coverage and demographics,Low
CLM-00134,0,Standard,Legitimate claim; consistent with coverage and demographics,Low
CLM-00135,1,Coverage Mismatch,Zero active policies on record for claimed insurance line,High
CLM-00136,0,Standard,Legitimate claim; consistent with coverage and demographics,Low
CLM-00137,0,Standard,Legitimate claim; consistent with coverage and demographics,Low
CLM-00138,0,Standard,Legitimate claim; consistent with coverage and demographics,Low
CLM-00139,0,Standard,Legitimate claim; consistent with coverage and demographics,Low
CLM-00140,0,Standard,Legitimate claim; consistent with coverage and demographics,Low
CLM-00141,0,Standard,Legitimate claim; consistent with coverage and demographics,Low
CLM-00142,0,Standard,Legitimate claim; consistent with coverage and demographics,Low
CLM-00143,0,Standard,Legitimate claim; consistent with coverage and demographics,Low
CLM-00144,0,Standard,Legitimate claim; consistent with coverage and demographics,Low
CLM-00145,0,Standard,Legitimate claim; consistent with coverage and demographics,Low
CLM-00146,0,Standard,Legitimate claim; consistent with coverage and demographics,Low
CLM-00147,0,Standard,Legitimate claim; consistent with coverage and demographics,Low
CLM-00148,0,Standard,Legitimate claim; consistent with coverage and demographics,Low
CLM-00149,0,Standard,Legitimate claim; consistent with coverage and demographics,Low
CLM-00150,0,Standard,Legitimate claim; consistent with coverage and demographics,Low
CLM-00151,0,Standard,Legitimate claim; consistent with coverage and demographics,Low
CLM-00152,0,Standard,Legitimate claim; consistent with coverage and demographics,Low
CLM-00153,0,Standard,Legitimate claim; consistent with coverage and demographics,Low
CLM-00154,0,Standard,Legitimate claim; consistent with coverage and demographics,Low
CLM-00155,0,Standard,Legitimate claim; consistent with coverage and demographics,Low
CLM-00156,0,Standard,Legitimate claim; consistent with coverage and demographics,Low
CLM-00157,0,Standard,Legitimate claim; consistent with coverage and demographics,Low
CLM-00158,0,Standard,Legitimate claim; consistent with coverage and demographics,Low
CLM-00159,0,Standard,Legitimate claim; consistent with coverage and demographics,Low
CLM-00160,0,Standard,Legitimate claim; consistent with coverage and demographics,Low
CLM-00161,0,Standard,Legitimate claim; consistent with coverage and demographics,Low
CLM-00162,0,Standard,Legitimate claim; consistent with coverage and demographics,Low
CLM-00163,0,Standard,Legitimate claim; consistent with coverage and demographics,Low
CLM-00164,0,Standard,Legitimate claim; consistent with coverage and demographics,Low
CLM-00165,0,Standard,Legitimate claim; consistent with coverage and demographics,Low
CLM-00166,0,Standard,Legitimate claim; consistent with coverage and demographics,Low
CLM-00167,0,Standard,Legitimate claim; consistent with coverage and demographics,Low
CLM-00168,0,Standard,Legitimate claim; consistent with coverage and demographics,Low
CLM-00169,0,Standard,Legitimate claim; consistent with coverage and demographics,Low
CLM-00170,0,Standard,Legitimate claim; consistent with coverage and demographics,Low
CLM-00171,0,Standard,Legitimate claim; consistent with coverage and demographics,Low
CLM-00172,1,Delayed Reporting,"Claim amount (€23,249.77) significantly exceeds typical policy band and purchasing power class (6/8) | Incident reported 59 days post-occurrence without valid explanation",High
CLM-00173,1,Coverage Mismatch,Zero active policies on record for claimed insurance line,High
CLM-00174,0,Standard,Legitimate claim; consistent with coverage and demographics,Low
CLM-00175,0,Standard,Legitimate claim; consistent with coverage and demographics,Low
CLM-00176,0,Standard,Legitimate claim; consistent with coverage and demographics,Low
CLM-00177,0,Standard,Legitimate claim; consistent with coverage and demographics,Low
CLM-00178,0,Standard,Legitimate claim; consistent with coverage and demographics,Low
CLM-00179,0,Standard,Legitimate claim; consistent with coverage and demographics,Low
CLM-00180,1,Amount Outlier,"Claim amount (€151,845.00) significantly exceeds typical policy band and purchasing power class (5/8)",High
CLM-00181,0,Standard,Legitimate claim; consistent with coverage and demographics,Low
CLM-00182,0,Standard,Legitimate claim; consistent with coverage and demographics,Low
CLM-00183,0,Standard,Legitimate claim; consistent with coverage and demographics,Low
CLM-00184,0,Standard,Legitimate claim; consistent with coverage and demographics,Low
CLM-00185,1,Amount Outlier,"Claim amount (€19,037.10) significantly exceeds typical policy band and purchasing power class (3/8)",High
CLM-00186,1,Standard,Legitimate claim; consistent with coverage and demographics,High
CLM-00187,0,Standard,Legitimate claim; consistent with coverage and demographics,Low
CLM-00188,0,Standard,Legitimate claim; consistent with coverage and demographics,Low
CLM-00189,0,Standard,Legitimate claim; consistent with coverage and demographics,Low
CLM-00190,0,Standard,Legitimate claim; consistent with coverage and demographics,Low
CLM-00191,0,Standard,Legitimate claim; consistent with coverage and demographics,Low
CLM-00192,1,Unverified Major Loss,Major catastrophic damage reported with neither police report nor independent witnesses,High
CLM-00193,0,Standard,Legitimate claim; consistent with coverage and demographics,Low
CLM-00194,0,Standard,Legitimate claim; consistent with coverage and demographics,Low
CLM-00195,1,Coverage Mismatch,Zero active policies on record for claimed insurance line,High
CLM-00196,0,Standard,Legitimate claim; consistent with coverage and demographics,Low
CLM-00197,0,Standard,Legitimate claim; consistent with coverage and demographics,Low
CLM-00198,0,Standard,Legitimate claim; consistent with coverage and demographics,Low
CLM-00199,1,Unverified Major Loss,Zero active policies on record for claimed insurance line | Major catastrophic damage reported with neither police report nor independent witnesses,High
CLM-00200,0,Standard,Legitimate claim; consistent with coverage and demographics,Low
CLM-00201,0,Standard,Legitimate claim; consistent with coverage and demographics,Low
CLM-00202,0,Standard,Legitimate claim; consistent with coverage and demographics,Low
CLM-00203,0,Standard,Legitimate claim; consistent with coverage and demographics,Low
CLM-00204,0,Standard,Legitimate claim; consistent with coverage and demographics,Low
CLM-00205,0,Standard,Legitimate claim; consistent with coverage and demographics,Low
CLM-00206,0,Standard,Legitimate claim; consistent with coverage and demographics,Low
CLM-00207,0,Standard,Legitimate claim; consistent with coverage and demographics,Low
CLM-00208,0,Standard,Legitimate claim; consistent with coverage and demographics,Low
CLM-00209,0,Standard,Legitimate claim; consistent with coverage and demographics,Low
CLM-00210,0,Standard,Legitimate claim; consistent with coverage and demographics,Low
CLM-00211,1,Amount Outlier,"Claim amount (€21,757.10) significantly exceeds typical policy band and purchasing power class (7/8)",High
CLM-00212,0,Standard,Legitimate claim; consistent with coverage and demographics,Low
CLM-00213,0,Standard,Legitimate claim; consistent with coverage and demographics,Low
CLM-00214,0,Standard,Legitimate claim; consistent with coverage and demographics,Low
CLM-00215,0,Standard,Legitimate claim; consistent with coverage and demographics,Low
CLM-00216,0,Standard,Legitimate claim; consistent with coverage and demographics,Low
CLM-00217,0,Standard,Legitimate claim; consistent with coverage and demographics,Low
CLM-00218,0,Standard,Legitimate claim; consistent with coverage and demographics,Low
CLM-00219,0,Standard,Legitimate claim; consistent with coverage and demographics,Low
CLM-00220,0,Standard,Legitimate claim; consistent with coverage and demographics,Low
CLM-00221,0,Standard,Legitimate claim; consistent with coverage and demographics,Low
CLM-00222,0,Standard,Legitimate claim; consistent with coverage and demographics,Low
CLM-00223,0,Standard,Legitimate claim; consistent with coverage and demographics,Low
CLM-00224,0,Standard,Legitimate claim; consistent with coverage and demographics,Low
CLM-00225,0,Standard,Legitimate claim; consistent with coverage and demographics,Low
CLM-00226,0,Standard,Legitimate claim; consistent with coverage and demographics,Low
CLM-00227,0,Standard,Legitimate claim; consistent with coverage and demographics,Low
CLM-00228,0,Standard,Legitimate claim; consistent with coverage and demographics,Low
CLM-00229,0,Standard,Legitimate claim; consistent with coverage and demographics,Low
CLM-00230,0,Standard,Legitimate claim; consistent with coverage and demographics,Low
CLM-00231,1,Amount Outlier,"Zero active policies on record for claimed insurance line | Claim amount (€12,244.88) significantly exceeds typical policy band and purchasing power class (7/8)",High
CLM-00232,0,Standard,Legitimate claim; consistent with coverage and demographics,Low
CLM-00233,0,Standard,Legitimate claim; consistent with coverage and demographics,Low
CLM-00234,0,Standard,Legitimate claim; consistent with coverage and demographics,Low
CLM-00235,1,Delayed Reporting,Zero active policies on record for claimed insurance line | Incident reported 43 days post-occurrence without valid explanation,High
CLM-00236,1,Delayed Reporting,Incident reported 56 days post-occurrence without valid explanation,High
CLM-00237,0,Standard,Legitimate claim; consistent with coverage and demographics,Low
CLM-00238,1,Delayed Reporting,Incident reported 50 days post-occurrence without valid explanation,High
CLM-00239,0,Standard,Legitimate claim; consistent with coverage and demographics,Low
CLM-00240,0,Standard,Legitimate claim; consistent with coverage and demographics,Low
CLM-00241,0,Standard,Legitimate claim; consistent with coverage and demographics,Low
CLM-00242,0,Standard,Legitimate claim; consistent with coverage and demographics,Low
CLM-00243,1,Amount Outlier,"Zero active policies on record for claimed insurance line | Claim amount (€23,806.59) significantly exceeds typical policy band and purchasing power class (3/8)",High
CLM-00244,0,Standard,Legitimate claim; consistent with coverage and demographics,Low
CLM-00245,0,Standard,Legitimate claim; consistent with coverage and demographics,Low
CLM-00246,0,Standard,Legitimate claim; consistent with coverage and demographics,Low
CLM-00247,0,Standard,Legitimate claim; consistent with coverage and demographics,Low
CLM-00248,0,Standard,Legitimate claim; consistent with coverage and demographics,Low
CLM-00249,0,Standard,Legitimate claim; consistent with coverage and demographics,Low
CLM-00250,0,Standard,Legitimate claim; consistent with coverage and demographics,Low
CLM-00251,1,Standard,Legitimate claim; consistent with coverage and demographics,High
CLM-00252,0,Standard,Legitimate claim; consistent with coverage and demographics,Low
CLM-00253,0,Standard,Legitimate claim; consistent with coverage and demographics,Low
CLM-00254,0,Standard,Legitimate claim; consistent with coverage and demographics,Low
CLM-00255,0,Standard,Legitimate claim; consistent with coverage and demographics,Low
CLM-00256,0,Standard,Legitimate claim; consistent with coverage and demographics,Low
CLM-00257,1,Standard,Legitimate claim; consistent with coverage and demographics,High
CLM-00258,1,Amount Outlier,"Claim amount (€12,469.74) significantly exceeds typical policy band and purchasing power class (3/8)",High
CLM-00259,0,Standard,Legitimate claim; consistent with coverage and demographics,Low
CLM-00260,0,Standard,Legitimate claim; consistent with coverage and demographics,Low
CLM-00261,0,Standard,Legitimate claim; consistent with coverage and demographics,Low
CLM-00262,0,Standard,Legitimate claim; consistent with coverage and demographics,Low
CLM-00263,0,Standard,Legitimate claim; consistent with coverage and demographics,Low
CLM-00264,0,Standard,Legitimate claim; consistent with coverage and demographics,Low
CLM-00265,0,Standard,Legitimate claim; consistent with coverage and demographics,Low
CLM-00266,1,Standard,Legitimate claim; consistent with coverage and demographics,High
CLM-00267,0,Standard,Legitimate claim; consistent with coverage and demographics,Low
CLM-00268,0,Standard,Legitimate claim; consistent with coverage and demographics,Low
CLM-00269,1,Delayed Reporting,"Claim amount (€10,407.41) significantly exceeds typical policy band and purchasing power class (6/8) | Incident reported 63 days post-occurrence without valid explanation",High
CLM-00270,0,Standard,Legitimate claim; consistent with coverage and demographics,Low
CLM-00271,0,Standard,Legitimate claim; consistent with coverage and demographics,Low
CLM-00272,0,Standard,Legitimate claim; consistent with coverage and demographics,Low
CLM-00273,0,Standard,Legitimate claim; consistent with coverage and demographics,Low
CLM-00274,0,Standard,Legitimate claim; consistent with coverage and demographics,Low
CLM-00275,0,Standard,Legitimate claim; consistent with coverage and demographics,Low
CLM-00276,0,Standard,Legitimate claim; consistent with coverage and demographics,Low
CLM-00277,0,Standard,Legitimate claim; consistent with coverage and demographics,Low
CLM-00278,1,Unverified Major Loss,Incident reported 40 days post-occurrence without valid explanation | Major catastrophic damage reported with neither police report nor independent witnesses,High
CLM-00279,0,Standard,Legitimate claim; consistent with coverage and demographics,Low
CLM-00280,0,Standard,Legitimate claim; consistent with coverage and demographics,Low
CLM-00281,0,Standard,Legitimate claim; consistent with coverage and demographics,Low
CLM-00282,0,Standard,Legitimate claim; consistent with coverage and demographics,Low
CLM-00283,0,Standard,Legitimate claim; consistent with coverage and demographics,Low
CLM-00284,0,Standard,Legitimate claim; consistent with coverage and demographics,Low
CLM-00285,0,Standard,Legitimate claim; consistent with coverage and demographics,Low
CLM-00286,0,Standard,Legitimate claim; consistent with coverage and demographics,Low
CLM-00287,1,Standard,Legitimate claim; consistent with coverage and demographics,High
CLM-00288,0,Standard,Legitimate claim; consistent with coverage and demographics,Low
CLM-00289,0,Standard,Legitimate claim; consistent with coverage and demographics,Low
CLM-00290,0,Standard,Legitimate claim; consistent with coverage and demographics,Low
CLM-00291,0,Standard,Legitimate claim; consistent with coverage and demographics,Low
CLM-00292,0,Standard,Legitimate claim; consistent with coverage and demographics,Low
CLM-00293,0,Standard,Legitimate claim; consistent with coverage and demographics,Low
CLM-00294,1,Coverage Mismatch,Zero active policies on record for claimed insurance line,High
CLM-00295,0,Standard,Legitimate claim; consistent with coverage and demographics,Low
CLM-00296,0,Standard,Legitimate claim; consistent with coverage and demographics,Low
CLM-00297,0,Standard,Legitimate claim; consistent with coverage and demographics,Low
CLM-00298,1,Standard,Legitimate claim; consistent with coverage and demographics,High
CLM-00299,0,Standard,Legitimate claim; consistent with coverage and demographics,Low
CLM-00300,0,Standard,Legitimate claim; consistent with coverage and demographics,Low
CLM-00301,0,Standard,Legitimate claim; consistent with coverage and demographics,Low
CLM-00302,0,Standard,Legitimate claim; consistent with coverage and demographics,Low
CLM-00303,0,Standard,Legitimate claim; consistent with coverage and demographics,Low
CLM-00304,0,Standard,Legitimate claim; consistent with coverage and demographics,Low
CLM-00305,0,Standard,Legitimate claim; consistent with coverage and demographics,Low
CLM-00306,0,Standard,Legitimate claim; consistent with coverage and demographics,Low
CLM-00307,0,Standard,Legitimate claim; consistent with coverage and demographics,Low
CLM-00308,0,Standard,Legitimate claim; consistent with coverage and demographics,Low
CLM-00309,0,Standard,Legitimate claim; consistent with coverage and demographics,Low
CLM-00310,0,Standard,Legitimate claim; consistent with coverage and demographics,Low
CLM-00311,1,Coverage Mismatch,Zero active policies on record for claimed insurance line,High
CLM-00312,0,Standard,Legitimate claim; consistent with coverage and demographics,Low
CLM-00313,0,Standard,Legitimate claim; consistent with coverage and demographics,Low
CLM-00314,0,Standard,Legitimate claim; consistent with coverage and demographics,Low
CLM-00315,0,Standard,Legitimate claim; consistent with coverage and demographics,Low
CLM-00316,0,Standard,Legitimate claim; consistent with coverage and demographics,Low
CLM-00317,0,Standard,Legitimate claim; consistent with coverage and demographics,Low
CLM-00318,0,Standard,Legitimate claim; consistent with coverage and demographics,Low
CLM-00319,0,Standard,Legitimate claim; consistent with coverage and demographics,Low
CLM-00320,0,Standard,Legitimate claim; consistent with coverage and demographics,Low
CLM-00321,1,Amount Outlier,"Claim amount (€25,629.26) significantly exceeds typical policy band and purchasing power class (6/8)",High
CLM-00322,0,Standard,Legitimate claim; consistent with coverage and demographics,Low
CLM-00323,0,Standard,Legitimate claim; consistent with coverage and demographics,Low
CLM-00324,0,Standard,Legitimate claim; consistent with coverage and demographics,Low
CLM-00325,0,Standard,Legitimate claim; consistent with coverage and demographics,Low
CLM-00326,0,Standard,Legitimate claim; consistent with coverage and demographics,Low
CLM-00327,0,Standard,Legitimate claim; consistent with coverage and demographics,Low
CLM-00328,0,Standard,Legitimate claim; consistent with coverage and demographics,Low
CLM-00329,0,Standard,Legitimate claim; consistent with coverage and demographics,Low
CLM-00330,0,Standard,Legitimate claim; consistent with coverage and demographics,Low
CLM-00331,0,Standard,Legitimate claim; consistent with coverage and demographics,Low
CLM-00332,0,Standard,Legitimate claim; consistent with coverage and demographics,Low
CLM-00333,0,Standard,Legitimate claim; consistent with coverage and demographics,Low
CLM-00334,0,Standard,Legitimate claim; consistent with coverage and demographics,Low
CLM-00335,0,Standard,Legitimate claim; consistent with coverage and demographics,Low
CLM-00336,0,Standard,Legitimate claim; consistent with coverage and demographics,Low
CLM-00337,0,Standard,Legitimate claim; consistent with coverage and demographics,Low
CLM-00338,0,Standard,Legitimate claim; consistent with coverage and demographics,Low
CLM-00339,0,Standard,Legitimate claim; consistent with coverage and demographics,Low
CLM-00340,0,Standard,Legitimate claim; consistent with coverage and demographics,Low
CLM-00341,0,Standard,Legitimate claim; consistent with coverage and demographics,Low
CLM-00342,1,Unverified Major Loss,Incident reported 69 days post-occurrence without valid explanation | Major catastrophic damage reported with neither police report nor independent witnesses,High
CLM-00343,0,Standard,Legitimate claim; consistent with coverage and demographics,Low
CLM-00344,1,Delayed Reporting,"Claim amount (€90,847.72) significantly exceeds typical policy band and purchasing power class (3/8) | Incident reported 64 days post-occurrence without valid explanation",High
CLM-00345,0,Standard,Legitimate claim; consistent with coverage and demographics,Low
CLM-00346,0,Standard,Legitimate claim; consistent with coverage and demographics,Low
CLM-00347,1,Standard,Legitimate claim; consistent with coverage and demographics,High
CLM-00348,0,Standard,Legitimate claim; consistent with coverage and demographics,Low
CLM-00349,1,Amount Outlier,"Claim amount (€31,899.45) significantly exceeds typical policy band and purchasing power class (6/8)",High
CLM-00350,0,Standard,Legitimate claim; consistent with coverage and demographics,Low
CLM-00351,0,Standard,Legitimate claim; consistent with coverage and demographics,Low
CLM-00352,1,Amount Outlier,"Claim amount (€17,804.06) significantly exceeds typical policy band and purchasing power class (4/8)",High
CLM-00353,0,Standard,Legitimate claim; consistent with coverage and demographics,Low
CLM-00354,0,Standard,Legitimate claim; consistent with coverage and demographics,Low
CLM-00355,0,Standard,Legitimate claim; consistent with coverage and demographics,Low
CLM-00356,0,Standard,Legitimate claim; consistent with coverage and demographics,Low
CLM-00357,0,Standard,Legitimate claim; consistent with coverage and demographics,Low
CLM-00358,0,Standard,Legitimate claim; consistent with coverage and demographics,Low
CLM-00359,0,Standard,Legitimate claim; consistent with coverage and demographics,Low
CLM-00360,0,Standard,Legitimate claim; consistent with coverage and demographics,Low
CLM-00361,0,Standard,Legitimate claim; consistent with coverage and demographics,Low
CLM-00362,0,Standard,Legitimate claim; consistent with coverage and demographics,Low
CLM-00363,0,Standard,Legitimate claim; consistent with coverage and demographics,Low
CLM-00364,0,Standard,Legitimate claim; consistent with coverage and demographics,Low
CLM-00365,0,Standard,Legitimate claim; consistent with coverage and demographics,Low
CLM-00366,0,Standard,Legitimate claim; consistent with coverage and demographics,Low
CLM-00367,0,Standard,Legitimate claim; consistent with coverage and demographics,Low
CLM-00368,0,Standard,Legitimate claim; consistent with coverage and demographics,Low
CLM-00369,0,Standard,Legitimate claim; consistent with coverage and demographics,Low
CLM-00370,0,Standard,Legitimate claim; consistent with coverage and demographics,Low
CLM-00371,0,Standard,Legitimate claim; consistent with coverage and demographics,Low
CLM-00372,0,Standard,Legitimate claim; consistent with coverage and demographics,Low
CLM-00373,0,Standard,Legitimate claim; consistent with coverage and demographics,Low
CLM-00374,0,Standard,Legitimate claim; consistent with coverage and demographics,Low
CLM-00375,0,Standard,Legitimate claim; consistent with coverage and demographics,Low
CLM-00376,0,Standard,Legitimate claim; consistent with coverage and demographics,Low
CLM-00377,0,Standard,Legitimate claim; consistent with coverage and demographics,Low
CLM-00378,0,Standard,Legitimate claim; consistent with coverage and demographics,Low
CLM-00379,1,Amount Outlier,"Claim amount (€20,760.81) significantly exceeds typical policy band and purchasing power class (7/8)",High
CLM-00380,0,Standard,Legitimate claim; consistent with coverage and demographics,Low
CLM-00381,0,Standard,Legitimate claim; consistent with coverage and demographics,Low
CLM-00382,1,Amount Outlier,"Claim amount (€27,679.35) significantly exceeds typical policy band and purchasing power class (3/8)",High
CLM-00383,1,Delayed Reporting,"Claim amount (€78,017.86) significantly exceeds typical policy band and purchasing power class (6/8) | Incident reported 62 days post-occurrence without valid explanation",High
CLM-00384,0,Standard,Legitimate claim; consistent with coverage and demographics,Low
CLM-00385,0,Standard,Legitimate claim; consistent with coverage and demographics,Low
CLM-00386,0,Standard,Legitimate claim; consistent with coverage and demographics,Low
CLM-00387,0,Standard,Legitimate claim; consistent with coverage and demographics,Low
CLM-00388,0,Standard,Legitimate claim; consistent with coverage and demographics,Low
CLM-00389,0,Standard,Legitimate claim; consistent with coverage and demographics,Low
CLM-00390,0,Standard,Legitimate claim; consistent with coverage and demographics,Low
CLM-00391,0,Standard,Legitimate claim; consistent with coverage and demographics,Low
CLM-00392,1,Amount Outlier,"Zero active policies on record for claimed insurance line | Claim amount (€98,395.11) significantly exceeds typical policy band and purchasing power class (6/8)",High
CLM-00393,0,Standard,Legitimate claim; consistent with coverage and demographics,Low
CLM-00394,0,Standard,Legitimate claim; consistent with coverage and demographics,Low
CLM-00395,1,Delayed Reporting,"Zero active policies on record for claimed insurance line | Claim amount (€86,798.68) significantly exceeds typical policy band and purchasing power class (8/8) | Incident reported 62 days post-occurrence without valid explanation",High
CLM-00396,0,Standard,Legitimate claim; consistent with coverage and demographics,Low
CLM-00397,0,Standard,Legitimate claim; consistent with coverage and demographics,Low
CLM-00398,0,Standard,Legitimate claim; consistent with coverage and demographics,Low
CLM-00399,0,Standard,Legitimate claim; consistent with coverage and demographics,Low
CLM-00400,0,Standard,Legitimate claim; consistent with coverage and demographics,Low
CLM-00401,0,Standard,Legitimate claim; consistent with coverage and demographics,Low
CLM-00402,0,Standard,Legitimate claim; consistent with coverage and demographics,Low
CLM-00403,1,Unverified Major Loss,Major catastrophic damage reported with neither police report nor independent witnesses,High
CLM-00404,0,Standard,Legitimate claim; consistent with coverage and demographics,Low
CLM-00405,0,Standard,Legitimate claim; consistent with coverage and demographics,Low
CLM-00406,0,Standard,Legitimate claim; consistent with coverage and demographics,Low
CLM-00407,0,Standard,Legitimate claim; consistent with coverage and demographics,Low
CLM-00408,0,Standard,Legitimate claim; consistent with coverage and demographics,Low
CLM-00409,0,Standard,Legitimate claim; consistent with coverage and demographics,Low
CLM-00410,0,Standard,Legitimate claim; consistent with coverage and demographics,Low
CLM-00411,0,Standard,Legitimate claim; consistent with coverage and demographics,Low
CLM-00412,0,Standard,Legitimate claim; consistent with coverage and demographics,Low
CLM-00413,1,Coverage Mismatch,Zero active policies on record for claimed insurance line,High
CLM-00414,0,Standard,Legitimate claim; consistent with coverage and demographics,Low
CLM-00415,0,Standard,Legitimate claim; consistent with coverage and demographics,Low
CLM-00416,0,Standard,Legitimate claim; consistent with coverage and demographics,Low
CLM-00417,0,Standard,Legitimate claim; consistent with coverage and demographics,Low
CLM-00418,1,Amount Outlier,"Claim amount (€9,558.10) significantly exceeds typical policy band and purchasing power class (3/8)",High
CLM-00419,1,Delayed Reporting,"Claim amount (€7,793.97) significantly exceeds typical policy band and purchasing power class (3/8) | Incident reported 56 days post-occurrence without valid explanation",High
CLM-00420,0,Standard,Legitimate claim; consistent with coverage and demographics,Low
CLM-00421,0,Standard,Legitimate claim; consistent with coverage and demographics,Low
CLM-00422,0,Standard,Legitimate claim; consistent with coverage and demographics,Low
CLM-00423,0,Standard,Legitimate claim; consistent with coverage and demographics,Low
CLM-00424,0,Standard,Legitimate claim; consistent with coverage and demographics,Low
CLM-00425,0,Standard,Legitimate claim; consistent with coverage and demographics,Low
CLM-00426,0,Standard,Legitimate claim; consistent with coverage and demographics,Low
CLM-00427,0,Standard,Legitimate claim; consistent with coverage and demographics,Low
CLM-00428,0,Standard,Legitimate claim; consistent with coverage and demographics,Low
CLM-00429,0,Standard,Legitimate claim; consistent with coverage and demographics,Low
CLM-00430,0,Standard,Legitimate claim; consistent with coverage and demographics,Low
CLM-00431,0,Standard,Legitimate claim; consistent with coverage and demographics,Low
CLM-00432,0,Standard,Legitimate claim; consistent with coverage and demographics,Low
CLM-00433,0,Standard,Legitimate claim; consistent with coverage and demographics,Low
CLM-00434,0,Standard,Legitimate claim; consistent with coverage and demographics,Low
CLM-00435,0,Standard,Legitimate claim; consistent with coverage and demographics,Low
CLM-00436,0,Standard,Legitimate claim; consistent with coverage and demographics,Low
CLM-00437,0,Standard,Legitimate claim; consistent with coverage and demographics,Low
CLM-00438,0,Standard,Legitimate claim; consistent with coverage and demographics,Low
CLM-00439,0,Standard,Legitimate claim; consistent with coverage and demographics,Low
CLM-00440,0,Standard,Legitimate claim; consistent with coverage and demographics,Low
CLM-00441,0,Standard,Legitimate claim; consistent with coverage and demographics,Low
CLM-00442,0,Standard,Legitimate claim; consistent with coverage and demographics,Low
CLM-00443,0,Standard,Legitimate claim; consistent with coverage and demographics,Low
CLM-00444,0,Standard,Legitimate claim; consistent with coverage and demographics,Low
CLM-00445,0,Standard,Legitimate claim; consistent with coverage and demographics,Low
CLM-00446,0,Standard,Legitimate claim; consistent with coverage and demographics,Low
CLM-00447,0,Standard,Legitimate claim; consistent with coverage and demographics,Low
CLM-00448,1,Standard,Legitimate claim; consistent with coverage and demographics,High
CLM-00449,0,Standard,Legitimate claim; consistent with coverage and demographics,Low
CLM-00450,0,Standard,Legitimate claim; consistent with coverage and demographics,Low
CLM-00451,0,Standard,Legitimate claim; consistent with coverage and demographics,Low
CLM-00452,0,Standard,Legitimate claim; consistent with coverage and demographics,Low
CLM-00453,1,Amount Outlier,"Claim amount (€20,616.33) significantly exceeds typical policy band and purchasing power class (2/8)",High
CLM-00454,0,Standard,Legitimate claim; consistent with coverage and demographics,Low
CLM-00455,1,Delayed Reporting,Incident reported 60 days post-occurrence without valid explanation,High
CLM-00456,0,Standard,Legitimate claim; consistent with coverage and demographics,Low
CLM-00457,1,Delayed Reporting,"Claim amount (€26,741.59) significantly exceeds typical policy band and purchasing power class (8/8) | Incident reported 56 days post-occurrence without valid explanation",High
CLM-00458,0,Standard,Legitimate claim; consistent with coverage and demographics,Low
CLM-00459,0,Standard,Legitimate claim; consistent with coverage and demographics,Low
CLM-00460,0,Standard,Legitimate claim; consistent with coverage and demographics,Low
CLM-00461,1,Unverified Major Loss,"Claim amount (€88,362.93) significantly exceeds typical policy band and purchasing power class (3/8) | Major catastrophic damage reported with neither police report nor independent witnesses",High
CLM-00462,1,Amount Outlier,"Claim amount (€179,177.37) significantly exceeds typical policy band and purchasing power class (3/8)",High
CLM-00463,0,Standard,Legitimate claim; consistent with coverage and demographics,Low
CLM-00464,0,Standard,Legitimate claim; consistent with coverage and demographics,Low
CLM-00465,0,Standard,Legitimate claim; consistent with coverage and demographics,Low
CLM-00466,1,Standard,Legitimate claim; consistent with coverage and demographics,High
CLM-00467,0,Standard,Legitimate claim; consistent with coverage and demographics,Low
CLM-00468,0,Standard,Legitimate claim; consistent with coverage and demographics,Low
CLM-00469,0,Standard,Legitimate claim; consistent with coverage and demographics,Low
CLM-00470,0,Standard,Legitimate claim; consistent with coverage and demographics,Low
CLM-00471,1,Amount Outlier,"Zero active policies on record for claimed insurance line | Claim amount (€66,118.86) significantly exceeds typical policy band and purchasing power class (7/8)",High
CLM-00472,0,Standard,Legitimate claim; consistent with coverage and demographics,Low
CLM-00473,1,Standard,Legitimate claim; consistent with coverage and demographics,High
CLM-00474,0,Standard,Legitimate claim; consistent with coverage and demographics,Low
CLM-00475,0,Standard,Legitimate claim; consistent with coverage and demographics,Low
CLM-00476,0,Standard,Legitimate claim; consistent with coverage and demographics,Low
CLM-00477,0,Standard,Legitimate claim; consistent with coverage and demographics,Low
CLM-00478,0,Standard,Legitimate claim; consistent with coverage and demographics,Low
CLM-00479,0,Standard,Legitimate claim; consistent with coverage and demographics,Low
CLM-00480,0,Standard,Legitimate claim; consistent with coverage and demographics,Low
CLM-00481,0,Standard,Legitimate claim; consistent with coverage and demographics,Low
CLM-00482,0,Standard,Legitimate claim; consistent with coverage and demographics,Low
CLM-00483,0,Standard,Legitimate claim; consistent with coverage and demographics,Low
CLM-00484,0,Standard,Legitimate claim; consistent with coverage and demographics,Low
CLM-00485,0,Standard,Legitimate claim; consistent with coverage and demographics,Low
CLM-00486,0,Standard,Legitimate claim; consistent with coverage and demographics,Low
CLM-00487,0,Standard,Legitimate claim; consistent with coverage and demographics,Low
CLM-00488,1,Amount Outlier,"Claim amount (€30,404.03) significantly exceeds typical policy band and purchasing power class (3/8)",High
CLM-00489,0,Standard,Legitimate claim; consistent with coverage and demographics,Low
CLM-00490,0,Standard,Legitimate claim; consistent with coverage and demographics,Low
CLM-00491,0,Standard,Legitimate claim; consistent with coverage and demographics,Low
CLM-00492,0,Standard,Legitimate claim; consistent with coverage and demographics,Low
CLM-00493,0,Standard,Legitimate claim; consistent with coverage and demographics,Low
CLM-00494,0,Standard,Legitimate claim; consistent with coverage and demographics,Low
CLM-00495,0,Standard,Legitimate claim; consistent with coverage and demographics,Low
CLM-00496,0,Standard,Legitimate claim; consistent with coverage and demographics,Low
CLM-00497,0,Standard,Legitimate claim; consistent with coverage and demographics,Low
CLM-00498,0,Standard,Legitimate claim; consistent with coverage and demographics,Low
CLM-00499,0,Standard,Legitimate claim; consistent with coverage and demographics,Low
CLM-00500,0,Standard,Legitimate claim; consistent with coverage and demographics,Low
CLM-00501,1,Delayed Reporting,Incident reported 41 days post-occurrence without valid explanation,High
CLM-00502,0,Standard,Legitimate claim; consistent with coverage and demographics,Low
CLM-00503,0,Standard,Legitimate claim; consistent with coverage and demographics,Low
CLM-00504,0,Standard,Legitimate claim; consistent with coverage and demographics,Low
CLM-00505,0,Standard,Legitimate claim; consistent with coverage and demographics,Low
CLM-00506,0,Standard,Legitimate claim; consistent with coverage and demographics,Low
CLM-00507,0,Standard,Legitimate claim; consistent with coverage and demographics,Low
CLM-00508,0,Standard,Legitimate claim; consistent with coverage and demographics,Low
CLM-00509,1,Amount Outlier,"Claim amount (€132,971.26) significantly exceeds typical policy band and purchasing power class (1/8)",High
CLM-00510,0,Standard,Legitimate claim; consistent with coverage and demographics,Low
CLM-00511,0,Standard,Legitimate claim; consistent with coverage and demographics,Low
CLM-00512,0,Standard,Legitimate claim; consistent with coverage and demographics,Low
CLM-00513,1,Standard,Legitimate claim; consistent with coverage and demographics,High
CLM-00514,0,Standard,Legitimate claim; consistent with coverage and demographics,Low
CLM-00515,0,Standard,Legitimate claim; consistent with coverage and demographics,Low
CLM-00516,0,Standard,Legitimate claim; consistent with coverage and demographics,Low
CLM-00517,0,Standard,Legitimate claim; consistent with coverage and demographics,Low
CLM-00518,0,Standard,Legitimate claim; consistent with coverage and demographics,Low
CLM-00519,1,Coverage Mismatch,Zero active policies on record for claimed insurance line,High
CLM-00520,0,Standard,Legitimate claim; consistent with coverage and demographics,Low
CLM-00521,0,Standard,Legitimate claim; consistent with coverage and demographics,Low
CLM-00522,0,Standard,Legitimate claim; consistent with coverage and demographics,Low
CLM-00523,0,Standard,Legitimate claim; consistent with coverage and demographics,Low
CLM-00524,0,Standard,Legitimate claim; consistent with coverage and demographics,Low
CLM-00525,0,Standard,Legitimate claim; consistent with coverage and demographics,Low
CLM-00526,0,Standard,Legitimate claim; consistent with coverage and demographics,Low
CLM-00527,0,Standard,Legitimate claim; consistent with coverage and demographics,Low
CLM-00528,0,Standard,Legitimate claim; consistent with coverage and demographics,Low
CLM-00529,0,Standard,Legitimate claim; consistent with coverage and demographics,Low
CLM-00530,1,Delayed Reporting,"Zero active policies on record for claimed insurance line | Claim amount (€7,999.59) significantly exceeds typical policy band and purchasing power class (6/8) | Incident reported 63 days post-occurrence without valid explanation",High
CLM-00531,0,Standard,Legitimate claim; consistent with coverage and demographics,Low
CLM-00532,1,Unverified Major Loss,Incident reported 39 days post-occurrence without valid explanation | Major catastrophic damage reported with neither police report nor independent witnesses,High
CLM-00533,0,Standard,Legitimate claim; consistent with coverage and demographics,Low
CLM-00534,0,Standard,Legitimate claim; consistent with coverage and demographics,Low
CLM-00535,0,Standard,Legitimate claim; consistent with coverage and demographics,Low
CLM-00536,1,Unverified Major Loss,Zero active policies on record for claimed insurance line | Incident reported 53 days post-occurrence without valid explanation | Major catastrophic damage reported with neither police report nor independent witnesses,High
CLM-00537,1,Delayed Reporting,"Claim amount (€15,687.55) significantly exceeds typical policy band and purchasing power class (7/8) | Incident reported 75 days post-occurrence without valid explanation",High
CLM-00538,0,Standard,Legitimate claim; consistent with coverage and demographics,Low
CLM-00539,0,Standard,Legitimate claim; consistent with coverage and demographics,Low
CLM-00540,0,Standard,Legitimate claim; consistent with coverage and demographics,Low
CLM-00541,0,Standard,Legitimate claim; consistent with coverage and demographics,Low
CLM-00542,0,Standard,Legitimate claim; consistent with coverage and demographics,Low
CLM-00543,0,Standard,Legitimate claim; consistent with coverage and demographics,Low
CLM-00544,0,Standard,Legitimate claim; consistent with coverage and demographics,Low
CLM-00545,0,Standard,Legitimate claim; consistent with coverage and demographics,Low
CLM-00546,0,Standard,Legitimate claim; consistent with coverage and demographics,Low
CLM-00547,0,Standard,Legitimate claim; consistent with coverage and demographics,Low
CLM-00548,0,Standard,Legitimate claim; consistent with coverage and demographics,Low
CLM-00549,0,Standard,Legitimate claim; consistent with coverage and demographics,Low
CLM-00550,0,Standard,Legitimate claim; consistent with coverage and demographics,Low
CLM-00551,0,Standard,Legitimate claim; consistent with coverage and demographics,Low
CLM-00552,0,Standard,Legitimate claim; consistent with coverage and demographics,Low
CLM-00553,0,Standard,Legitimate claim; consistent with coverage and demographics,Low
CLM-00554,0,Standard,Legitimate claim; consistent with coverage and demographics,Low
CLM-00555,0,Standard,Legitimate claim; consistent with coverage and demographics,Low
CLM-00556,0,Standard,Legitimate claim; consistent with coverage and demographics,Low
CLM-00557,0,Standard,Legitimate claim; consistent with coverage and demographics,Low
CLM-00558,0,Standard,Legitimate claim; consistent with coverage and demographics,Low
CLM-00559,0,Standard,Legitimate claim; consistent with coverage and demographics,Low
CLM-00560,0,Standard,Legitimate claim; consistent with coverage and demographics,Low
CLM-00561,0,Standard,Legitimate claim; consistent with coverage and demographics,Low
CLM-00562,1,Standard,Legitimate claim; consistent with coverage and demographics,High
CLM-00563,0,Standard,Legitimate claim; consistent with coverage and demographics,Low
CLM-00564,0,Standard,Legitimate claim; consistent with coverage and demographics,Low
CLM-00565,0,Standard,Legitimate claim; consistent with coverage and demographics,Low
CLM-00566,0,Standard,Legitimate claim; consistent with coverage and demographics,Low
CLM-00567,0,Standard,Legitimate claim; consistent with coverage and demographics,Low
CLM-00568,0,Standard,Legitimate claim; consistent with coverage and demographics,Low
CLM-00569,0,Standard,Legitimate claim; consistent with coverage and demographics,Low
CLM-00570,0,Standard,Legitimate claim; consistent with coverage and demographics,Low
CLM-00571,0,Standard,Legitimate claim; consistent with coverage and demographics,Low
CLM-00572,0,Standard,Legitimate claim; consistent with coverage and demographics,Low
CLM-00573,0,Standard,Legitimate claim; consistent with coverage and demographics,Low
CLM-00574,1,Delayed Reporting,Incident reported 41 days post-occurrence without valid explanation,High
CLM-00575,1,Delayed Reporting,"Claim amount (€82,774.71) significantly exceeds typical policy band and purchasing power class (3/8) | Incident reported 44 days post-occurrence without valid explanation",High
CLM-00576,0,Standard,Legitimate claim; consistent with coverage and demographics,Low
CLM-00577,0,Standard,Legitimate claim; consistent with coverage and demographics,Low
CLM-00578,0,Standard,Legitimate claim; consistent with coverage and demographics,Low
CLM-00579,0,Standard,Legitimate claim; consistent with coverage and demographics,Low
CLM-00580,0,Standard,Legitimate claim; consistent with coverage and demographics,Low
CLM-00581,1,Unverified Major Loss,Zero active policies on record for claimed insurance line | Major catastrophic damage reported with neither police report nor independent witnesses,High
CLM-00582,0,Standard,Legitimate claim; consistent with coverage and demographics,Low
CLM-00583,0,Standard,Legitimate claim; consistent with coverage and demographics,Low
CLM-00584,0,Standard,Legitimate claim; consistent with coverage and demographics,Low
CLM-00585,0,Standard,Legitimate claim; consistent with coverage and demographics,Low
CLM-00586,0,Standard,Legitimate claim; consistent with coverage and demographics,Low
CLM-00587,0,Standard,Legitimate claim; consistent with coverage and demographics,Low
CLM-00588,0,Standard,Legitimate claim; consistent with coverage and demographics,Low
CLM-00589,0,Standard,Legitimate claim; consistent with coverage and demographics,Low
CLM-00590,0,Standard,Legitimate claim; consistent with coverage and demographics,Low
CLM-00591,0,Standard,Legitimate claim; consistent with coverage and demographics,Low
CLM-00592,0,Standard,Legitimate claim; consistent with coverage and demographics,Low
CLM-00593,0,Standard,Legitimate claim; consistent with coverage and demographics,Low
CLM-00594,1,Amount Outlier,"Claim amount (€15,412.83) significantly exceeds typical policy band and purchasing power class (2/8)",High
CLM-00595,0,Standard,Legitimate claim; consistent with coverage and demographics,Low
CLM-00596,0,Standard,Legitimate claim; consistent with coverage and demographics,Low
CLM-00597,0,Standard,Legitimate claim; consistent with coverage and demographics,Low
CLM-00598,0,Standard,Legitimate claim; consistent with coverage and demographics,Low
CLM-00599,0,Standard,Legitimate claim; consistent with coverage and demographics,Low
CLM-00600,0,Standard,Legitimate claim; consistent with coverage and demographics,Low
CLM-00601,0,Standard,Legitimate claim; consistent with coverage and demographics,Low
CLM-00602,0,Standard,Legitimate claim; consistent with coverage and demographics,Low
CLM-00603,0,Standard,Legitimate claim; consistent with coverage and demographics,Low
CLM-00604,1,Amount Outlier,"Zero active policies on record for claimed insurance line | Claim amount (€22,485.01) significantly exceeds typical policy band and purchasing power class (3/8)",High
CLM-00605,0,Standard,Legitimate claim; consistent with coverage and demographics,Low
CLM-00606,0,Standard,Legitimate claim; consistent with coverage and demographics,Low
CLM-00607,0,Standard,Legitimate claim; consistent with coverage and demographics,Low
CLM-00608,0,Standard,Legitimate claim; consistent with coverage and demographics,Low
CLM-00609,1,Amount Outlier,"Claim amount (€93,090.06) significantly exceeds typical policy band and purchasing power class (8/8)",High
CLM-00610,0,Standard,Legitimate claim; consistent with coverage and demographics,Low
CLM-00611,0,Standard,Legitimate claim; consistent with coverage and demographics,Low
CLM-00612,0,Standard,Legitimate claim; consistent with coverage and demographics,Low
CLM-00613,0,Standard,Legitimate claim; consistent with coverage and demographics,Low
CLM-00614,1,Amount Outlier,"Claim amount (€73,574.26) significantly exceeds typical policy band and purchasing power class (8/8)",High
CLM-00615,0,Standard,Legitimate claim; consistent with coverage and demographics,Low
CLM-00616,1,Amount Outlier,"Claim amount (€14,371.75) significantly exceeds typical policy band and purchasing power class (3/8)",High
CLM-00617,0,Standard,Legitimate claim; consistent with coverage and demographics,Low
CLM-00618,0,Standard,Legitimate claim; consistent with coverage and demographics,Low
CLM-00619,0,Standard,Legitimate claim; consistent with coverage and demographics,Low
CLM-00620,1,Standard,Legitimate claim; consistent with coverage and demographics,High
CLM-00621,0,Standard,Legitimate claim; consistent with coverage and demographics,Low
CLM-00622,0,Standard,Legitimate claim; consistent with coverage and demographics,Low
CLM-00623,1,Amount Outlier,"Claim amount (€20,743.73) significantly exceeds typical policy band and purchasing power class (6/8)",High
CLM-00624,0,Standard,Legitimate claim; consistent with coverage and demographics,Low
CLM-00625,0,Standard,Legitimate claim; consistent with coverage and demographics,Low
CLM-00626,0,Standard,Legitimate claim; consistent with coverage and demographics,Low
CLM-00627,0,Standard,Legitimate claim; consistent with coverage and demographics,Low
CLM-00628,1,Unverified Major Loss,Zero active policies on record for claimed insurance line | Incident reported 74 days post-occurrence without valid explanation | Major catastrophic damage reported with neither police report nor independent witnesses,High
CLM-00629,0,Standard,Legitimate claim; consistent with coverage and demographics,Low
CLM-00630,1,Standard,Legitimate claim; consistent with coverage and demographics,High
CLM-00631,1,Standard,Legitimate claim; consistent with coverage and demographics,High
CLM-00632,0,Standard,Legitimate claim; consistent with coverage and demographics,Low
CLM-00633,0,Standard,Legitimate claim; consistent with coverage and demographics,Low
CLM-00634,0,Standard,Legitimate claim; consistent with coverage and demographics,Low
CLM-00635,0,Standard,Legitimate claim; consistent with coverage and demographics,Low
CLM-00636,0,Standard,Legitimate claim; consistent with coverage and demographics,Low
CLM-00637,0,Standard,Legitimate claim; consistent with coverage and demographics,Low
CLM-00638,0,Standard,Legitimate claim; consistent with coverage and demographics,Low
CLM-00639,0,Standard,Legitimate claim; consistent with coverage and demographics,Low
CLM-00640,1,Coverage Mismatch,Zero active policies on record for claimed insurance line,High
CLM-00641,0,Standard,Legitimate claim; consistent with coverage and demographics,Low
CLM-00642,0,Standard,Legitimate claim; consistent with coverage and demographics,Low
CLM-00643,0,Standard,Legitimate claim; consistent with coverage and demographics,Low
CLM-00644,0,Standard,Legitimate claim; consistent with coverage and demographics,Low
CLM-00645,0,Standard,Legitimate claim; consistent with coverage and demographics,Low
CLM-00646,0,Standard,Legitimate claim; consistent with coverage and demographics,Low
CLM-00647,0,Standard,Legitimate claim; consistent with coverage and demographics,Low
CLM-00648,1,Amount Outlier,"Zero active policies on record for claimed insurance line | Claim amount (€24,837.42) significantly exceeds typical policy band and purchasing power class (3/8)",High
CLM-00649,0,Standard,Legitimate claim; consistent with coverage and demographics,Low
CLM-00650,0,Standard,Legitimate claim; consistent with coverage and demographics,Low
CLM-00651,0,Standard,Legitimate claim; consistent with coverage and demographics,Low
CLM-00652,0,Standard,Legitimate claim; consistent with coverage and demographics,Low
CLM-00653,0,Standard,Legitimate claim; consistent with coverage and demographics,Low
CLM-00654,0,Standard,Legitimate claim; consistent with coverage and demographics,Low
CLM-00655,0,Standard,Legitimate claim; consistent with coverage and demographics,Low
CLM-00656,0,Standard,Legitimate claim; consistent with coverage and demographics,Low
CLM-00657,0,Standard,Legitimate claim; consistent with coverage and demographics,Low
CLM-00658,1,Delayed Reporting,Incident reported 69 days post-occurrence without valid explanation,High
CLM-00659,0,Standard,Legitimate claim; consistent with coverage and demographics,Low
CLM-00660,0,Standard,Legitimate claim; consistent with coverage and demographics,Low
CLM-00661,1,Amount Outlier,"Claim amount (€13,597.12) significantly exceeds typical policy band and purchasing power class (3/8)",High
CLM-00662,0,Standard,Legitimate claim; consistent with coverage and demographics,Low
CLM-00663,1,Delayed Reporting,Incident reported 72 days post-occurrence without valid explanation,High
CLM-00664,0,Standard,Legitimate claim; consistent with coverage and demographics,Low
CLM-00665,0,Standard,Legitimate claim; consistent with coverage and demographics,Low
CLM-00666,0,Standard,Legitimate claim; consistent with coverage and demographics,Low
CLM-00667,0,Standard,Legitimate claim; consistent with coverage and demographics,Low
CLM-00668,0,Standard,Legitimate claim; consistent with coverage and demographics,Low
CLM-00669,1,Standard,Legitimate claim; consistent with coverage and demographics,High
CLM-00670,0,Standard,Legitimate claim; consistent with coverage and demographics,Low
CLM-00671,0,Standard,Legitimate claim; consistent with coverage and demographics,Low
CLM-00672,0,Standard,Legitimate claim; consistent with coverage and demographics,Low
CLM-00673,0,Standard,Legitimate claim; consistent with coverage and demographics,Low
CLM-00674,0,Standard,Legitimate claim; consistent with coverage and demographics,Low
CLM-00675,0,Standard,Legitimate claim; consistent with coverage and demographics,Low
CLM-00676,0,Standard,Legitimate claim; consistent with coverage and demographics,Low
CLM-00677,1,Delayed Reporting,Zero active policies on record for claimed insurance line | Incident reported 58 days post-occurrence without valid explanation,High
CLM-00678,0,Standard,Legitimate claim; consistent with coverage and demographics,Low
CLM-00679,0,Standard,Legitimate claim; consistent with coverage and demographics,Low
CLM-00680,0,Standard,Legitimate claim; consistent with coverage and demographics,Low
CLM-00681,0,Standard,Legitimate claim; consistent with coverage and demographics,Low
CLM-00682,0,Standard,Legitimate claim; consistent with coverage and demographics,Low
CLM-00683,0,Standard,Legitimate claim; consistent with coverage and demographics,Low
CLM-00684,0,Standard,Legitimate claim; consistent with coverage and demographics,Low
CLM-00685,0,Standard,Legitimate claim; consistent with coverage and demographics,Low
CLM-00686,0,Standard,Legitimate claim; consistent with coverage and demographics,Low
CLM-00687,0,Standard,Legitimate claim; consistent with coverage and demographics,Low
CLM-00688,0,Standard,Legitimate claim; consistent with coverage and demographics,Low
CLM-00689,0,Standard,Legitimate claim; consistent with coverage and demographics,Low
CLM-00690,0,Standard,Legitimate claim; consistent with coverage and demographics,Low
CLM-00691,0,Standard,Legitimate claim; consistent with coverage and demographics,Low
CLM-00692,0,Standard,Legitimate claim; consistent with coverage and demographics,Low
CLM-00693,0,Standard,Legitimate claim; consistent with coverage and demographics,Low
CLM-00694,0,Standard,Legitimate claim; consistent with coverage and demographics,Low
CLM-00695,0,Standard,Legitimate claim; consistent with coverage and demographics,Low
CLM-00696,0,Standard,Legitimate claim; consistent with coverage and demographics,Low
CLM-00697,0,Standard,Legitimate claim; consistent with coverage and demographics,Low
CLM-00698,0,Standard,Legitimate claim; consistent with coverage and demographics,Low
CLM-00699,0,Standard,Legitimate claim; consistent with coverage and demographics,Low
CLM-00700,0,Standard,Legitimate claim; consistent with coverage and demographics,Low
CLM-00701,0,Standard,Legitimate claim; consistent with coverage and demographics,Low
CLM-00702,0,Standard,Legitimate claim; consistent with coverage and demographics,Low
CLM-00703,0,Standard,Legitimate claim; consistent with coverage and demographics,Low
CLM-00704,0,Standard,Legitimate claim; consistent with coverage and demographics,Low
CLM-00705,0,Standard,Legitimate claim; consistent with coverage and demographics,Low
CLM-00706,0,Standard,Legitimate claim; consistent with coverage and demographics,Low
CLM-00707,0,Standard,Legitimate claim; consistent with coverage and demographics,Low
CLM-00708,0,Standard,Legitimate claim; consistent with coverage and demographics,Low
CLM-00709,0,Standard,Legitimate claim; consistent with coverage and demographics,Low
CLM-00710,0,Standard,Legitimate claim; consistent with coverage and demographics,Low
CLM-00711,0,Standard,Legitimate claim; consistent with coverage and demographics,Low
CLM-00712,0,Standard,Legitimate claim; consistent with coverage and demographics,Low
CLM-00713,0,Standard,Legitimate claim; consistent with coverage and demographics,Low
CLM-00714,1,Amount Outlier,"Claim amount (€10,200.70) significantly exceeds typical policy band and purchasing power class (6/8)",High
CLM-00715,0,Standard,Legitimate claim; consistent with coverage and demographics,Low
CLM-00716,0,Standard,Legitimate claim; consistent with coverage and demographics,Low
CLM-00717,0,Standard,Legitimate claim; consistent with coverage and demographics,Low
CLM-00718,0,Standard,Legitimate claim; consistent with coverage and demographics,Low
CLM-00719,0,Standard,Legitimate claim; consistent with coverage and demographics,Low
CLM-00720,0,Standard,Legitimate claim; consistent with coverage and demographics,Low
CLM-00721,0,Standard,Legitimate claim; consistent with coverage and demographics,Low
CLM-00722,0,Standard,Legitimate claim; consistent with coverage and demographics,Low
CLM-00723,0,Standard,Legitimate claim; consistent with coverage and demographics,Low
CLM-00724,0,Standard,Legitimate claim; consistent with coverage and demographics,Low
CLM-00725,0,Standard,Legitimate claim; consistent with coverage and demographics,Low
CLM-00726,1,Coverage Mismatch,Zero active policies on record for claimed insurance line,High
CLM-00727,0,Standard,Legitimate claim; consistent with coverage and demographics,Low
CLM-00728,0,Standard,Legitimate claim; consistent with coverage and demographics,Low
CLM-00729,0,Standard,Legitimate claim; consistent with coverage and demographics,Low
CLM-00730,0,Standard,Legitimate claim; consistent with coverage and demographics,Low
CLM-00731,0,Standard,Legitimate claim; consistent with coverage and demographics,Low
CLM-00732,0,Standard,Legitimate claim; consistent with coverage and demographics,Low
CLM-00733,0,Standard,Legitimate claim; consistent with coverage and demographics,Low
CLM-00734,0,Standard,Legitimate claim; consistent with coverage and demographics,Low
CLM-00735,0,Standard,Legitimate claim; consistent with coverage and demographics,Low
CLM-00736,0,Standard,Legitimate claim; consistent with coverage and demographics,Low
CLM-00737,0,Standard,Legitimate claim; consistent with coverage and demographics,Low
CLM-00738,0,Standard,Legitimate claim; consistent with coverage and demographics,Low
CLM-00739,0,Standard,Legitimate claim; consistent with coverage and demographics,Low
CLM-00740,0,Standard,Legitimate claim; consistent with coverage and demographics,Low
CLM-00741,0,Standard,Legitimate claim; consistent with coverage and demographics,Low
CLM-00742,0,Standard,Legitimate claim; consistent with coverage and demographics,Low
CLM-00743,0,Standard,Legitimate claim; consistent with coverage and demographics,Low
CLM-00744,0,Standard,Legitimate claim; consistent with coverage and demographics,Low
CLM-00745,1,Amount Outlier,"Claim amount (€22,525.68) significantly exceeds typical policy band and purchasing power class (8/8)",High
CLM-00746,0,Standard,Legitimate claim; consistent with coverage and demographics,Low
CLM-00747,0,Standard,Legitimate claim; consistent with coverage and demographics,Low
CLM-00748,0,Standard,Legitimate claim; consistent with coverage and demographics,Low
CLM-00749,0,Standard,Legitimate claim; consistent with coverage and demographics,Low
CLM-00750,0,Standard,Legitimate claim; consistent with coverage and demographics,Low
CLM-00751,0,Standard,Legitimate claim; consistent with coverage and demographics,Low
CLM-00752,0,Standard,Legitimate claim; consistent with coverage and demographics,Low
CLM-00753,0,Standard,Legitimate claim; consistent with coverage and demographics,Low
CLM-00754,0,Standard,Legitimate claim; consistent with coverage and demographics,Low
CLM-00755,1,Standard,Legitimate claim; consistent with coverage and demographics,High
CLM-00756,0,Standard,Legitimate claim; consistent with coverage and demographics,Low
CLM-00757,0,Standard,Legitimate claim; consistent with coverage and demographics,Low
CLM-00758,0,Standard,Legitimate claim; consistent with coverage and demographics,Low
CLM-00759,0,Standard,Legitimate claim; consistent with coverage and demographics,Low
CLM-00760,0,Standard,Legitimate claim; consistent with coverage and demographics,Low
CLM-00761,0,Standard,Legitimate claim; consistent with coverage and demographics,Low
CLM-00762,0,Standard,Legitimate claim; consistent with coverage and demographics,Low
CLM-00763,0,Standard,Legitimate claim; consistent with coverage and demographics,Low
CLM-00764,0,Standard,Legitimate claim; consistent with coverage and demographics,Low
CLM-00765,1,Amount Outlier,"Claim amount (€29,510.43) significantly exceeds typical policy band and purchasing power class (5/8)",High
CLM-00766,0,Standard,Legitimate claim; consistent with coverage and demographics,Low
CLM-00767,0,Standard,Legitimate claim; consistent with coverage and demographics,Low
CLM-00768,0,Standard,Legitimate claim; consistent with coverage and demographics,Low
CLM-00769,0,Standard,Legitimate claim; consistent with coverage and demographics,Low
CLM-00770,0,Standard,Legitimate claim; consistent with coverage and demographics,Low
CLM-00771,0,Standard,Legitimate claim; consistent with coverage and demographics,Low
CLM-00772,0,Standard,Legitimate claim; consistent with coverage and demographics,Low
CLM-00773,0,Standard,Legitimate claim; consistent with coverage and demographics,Low
CLM-00774,0,Standard,Legitimate claim; consistent with coverage and demographics,Low
CLM-00775,1,Delayed Reporting,"Claim amount (€17,774.47) significantly exceeds typical policy band and purchasing power class (6/8) | Incident reported 70 days post-occurrence without valid explanation",High
CLM-00776,0,Standard,Legitimate claim; consistent with coverage and demographics,Low
CLM-00777,0,Standard,Legitimate claim; consistent with coverage and demographics,Low
CLM-00778,0,Standard,Legitimate claim; consistent with coverage and demographics,Low
CLM-00779,0,Standard,Legitimate claim; consistent with coverage and demographics,Low
CLM-00780,0,Standard,Legitimate claim; consistent with coverage and demographics,Low
CLM-00781,0,Standard,Legitimate claim; consistent with coverage and demographics,Low
CLM-00782,0,Standard,Legitimate claim; consistent with coverage and demographics,Low
CLM-00783,0,Standard,Legitimate claim; consistent with coverage and demographics,Low
CLM-00784,0,Standard,Legitimate claim; consistent with coverage and demographics,Low
CLM-00785,1,Amount Outlier,"Claim amount (€15,639.00) significantly exceeds typical policy band and purchasing power class (3/8)",High
CLM-00786,0,Standard,Legitimate claim; consistent with coverage and demographics,Low
CLM-00787,0,Standard,Legitimate claim; consistent with coverage and demographics,Low
CLM-00788,0,Standard,Legitimate claim; consistent with coverage and demographics,Low
CLM-00789,0,Standard,Legitimate claim; consistent with coverage and demographics,Low
CLM-00790,0,Standard,Legitimate claim; consistent with coverage and demographics,Low
CLM-00791,0,Standard,Legitimate claim; consistent with coverage and demographics,Low
CLM-00792,1,Coverage Mismatch,Zero active policies on record for claimed insurance line,High
CLM-00793,0,Standard,Legitimate claim; consistent with coverage and demographics,Low
CLM-00794,0,Standard,Legitimate claim; consistent with coverage and demographics,Low
CLM-00795,0,Standard,Legitimate claim; consistent with coverage and demographics,Low
CLM-00796,0,Standard,Legitimate claim; consistent with coverage and demographics,Low
CLM-00797,0,Standard,Legitimate claim; consistent with coverage and demographics,Low
CLM-00798,0,Standard,Legitimate claim; consistent with coverage and demographics,Low
CLM-00799,0,Standard,Legitimate claim; consistent with coverage and demographics,Low
CLM-00800,0,Standard,Legitimate claim; consistent with coverage and demographics,Low
CLM-00801,1,Amount Outlier,"Claim amount (€106,609.60) significantly exceeds typical policy band and purchasing power class (3/8)",High
CLM-00802,0,Standard,Legitimate claim; consistent with coverage and demographics,Low
CLM-00803,0,Standard,Legitimate claim; consistent with coverage and demographics,Low
CLM-00804,0,Standard,Legitimate claim; consistent with coverage and demographics,Low
CLM-00805,0,Standard,Legitimate claim; consistent with coverage and demographics,Low
CLM-00806,0,Standard,Legitimate claim; consistent with coverage and demographics,Low
CLM-00807,0,Standard,Legitimate claim; consistent with coverage and demographics,Low
CLM-00808,0,Standard,Legitimate claim; consistent with coverage and demographics,Low
CLM-00809,0,Standard,Legitimate claim; consistent with coverage and demographics,Low
CLM-00810,0,Standard,Legitimate claim; consistent with coverage and demographics,Low
CLM-00811,0,Standard,Legitimate claim; consistent with coverage and demographics,Low
CLM-00812,0,Standard,Legitimate claim; consistent with coverage and demographics,Low
CLM-00813,0,Standard,Legitimate claim; consistent with coverage and demographics,Low
CLM-00814,0,Standard,Legitimate claim; consistent with coverage and demographics,Low
CLM-00815,0,Standard,Legitimate claim; consistent with coverage and demographics,Low
CLM-00816,0,Standard,Legitimate claim; consistent with coverage and demographics,Low
CLM-00817,0,Standard,Legitimate claim; consistent with coverage and demographics,Low
CLM-00818,0,Standard,Legitimate claim; consistent with coverage and demographics,Low
CLM-00819,0,Standard,Legitimate claim; consistent with coverage and demographics,Low
CLM-00820,1,Delayed Reporting,"Zero active policies on record for claimed insurance line | Claim amount (€20,236.91) significantly exceeds typical policy band and purchasing power class (2/8) | Incident reported 49 days post-occurrence without valid explanation",High
CLM-00821,0,Standard,Legitimate claim; consistent with coverage and demographics,Low
CLM-00822,1,Delayed Reporting,"Claim amount (€11,076.22) significantly exceeds typical policy band and purchasing power class (6/8) | Incident reported 54 days post-occurrence without valid explanation",High
CLM-00823,0,Standard,Legitimate claim; consistent with coverage and demographics,Low
CLM-00824,0,Standard,Legitimate claim; consistent with coverage and demographics,Low
CLM-00825,0,Standard,Legitimate claim; consistent with coverage and demographics,Low
CLM-00826,0,Standard,Legitimate claim; consistent with coverage and demographics,Low
CLM-00827,0,Standard,Legitimate claim; consistent with coverage and demographics,Low
CLM-00828,0,Standard,Legitimate claim; consistent with coverage and demographics,Low
CLM-00829,1,Unverified Major Loss,Major catastrophic damage reported with neither police report nor independent witnesses,High
CLM-00830,0,Standard,Legitimate claim; consistent with coverage and demographics,Low
CLM-00831,0,Standard,Legitimate claim; consistent with coverage and demographics,Low
CLM-00832,0,Standard,Legitimate claim; consistent with coverage and demographics,Low
CLM-00833,0,Standard,Legitimate claim; consistent with coverage and demographics,Low
CLM-00834,1,Delayed Reporting,Incident reported 61 days post-occurrence without valid explanation,High
CLM-00835,0,Standard,Legitimate claim; consistent with coverage and demographics,Low
CLM-00836,0,Standard,Legitimate claim; consistent with coverage and demographics,Low
CLM-00837,1,Delayed Reporting,"Claim amount (€173,278.39) significantly exceeds typical policy band and purchasing power class (4/8) | Incident reported 38 days post-occurrence without valid explanation",High
CLM-00838,0,Standard,Legitimate claim; consistent with coverage and demographics,Low
CLM-00839,0,Standard,Legitimate claim; consistent with coverage and demographics,Low
CLM-00840,0,Standard,Legitimate claim; consistent with coverage and demographics,Low
CLM-00841,0,Standard,Legitimate claim; consistent with coverage and demographics,Low
CLM-00842,0,Standard,Legitimate claim; consistent with coverage and demographics,Low
CLM-00843,0,Standard,Legitimate claim; consistent with coverage and demographics,Low
CLM-00844,1,Standard,Legitimate claim; consistent with coverage and demographics,High
CLM-00845,0,Standard,Legitimate claim; consistent with coverage and demographics,Low
CLM-00846,0,Standard,Legitimate claim; consistent with coverage and demographics,Low
CLM-00847,0,Standard,Legitimate claim; consistent with coverage and demographics,Low
CLM-00848,1,Delayed Reporting,"Claim amount (€200,078.28) significantly exceeds typical policy band and purchasing power class (6/8) | Incident reported 38 days post-occurrence without valid explanation",High
CLM-00849,0,Standard,Legitimate claim; consistent with coverage and demographics,Low
CLM-00850,0,Standard,Legitimate claim; consistent with coverage and demographics,Low
CLM-00851,0,Standard,Legitimate claim; consistent with coverage and demographics,Low
CLM-00852,0,Standard,Legitimate claim; consistent with coverage and demographics,Low
CLM-00853,0,Standard,Legitimate claim; consistent with coverage and demographics,Low
CLM-00854,0,Standard,Legitimate claim; consistent with coverage and demographics,Low
CLM-00855,0,Standard,Legitimate claim; consistent with coverage and demographics,Low
CLM-00856,0,Standard,Legitimate claim; consistent with coverage and demographics,Low
CLM-00857,0,Standard,Legitimate claim; consistent with coverage and demographics,Low
CLM-00858,0,Standard,Legitimate claim; consistent with coverage and demographics,Low
CLM-00859,0,Standard,Legitimate claim; consistent with coverage and demographics,Low
CLM-00860,0,Standard,Legitimate claim; consistent with coverage and demographics,Low
CLM-00861,0,Standard,Legitimate claim; consistent with coverage and demographics,Low
CLM-00862,0,Standard,Legitimate claim; consistent with coverage and demographics,Low
CLM-00863,0,Standard,Legitimate claim; consistent with coverage and demographics,Low
CLM-00864,0,Standard,Legitimate claim; consistent with coverage and demographics,Low
CLM-00865,0,Standard,Legitimate claim; consistent with coverage and demographics,Low
CLM-00866,0,Standard,Legitimate claim; consistent with coverage and demographics,Low
CLM-00867,0,Standard,Legitimate claim; consistent with coverage and demographics,Low
CLM-00868,0,Standard,Legitimate claim; consistent with coverage and demographics,Low
CLM-00869,0,Standard,Legitimate claim; consistent with coverage and demographics,Low
CLM-00870,0,Standard,Legitimate claim; consistent with coverage and demographics,Low
CLM-00871,0,Standard,Legitimate claim; consistent with coverage and demographics,Low
CLM-00872,0,Standard,Legitimate claim; consistent with coverage and demographics,Low
CLM-00873,0,Standard,Legitimate claim; consistent with coverage and demographics,Low
CLM-00874,1,Unverified Major Loss,Zero active policies on record for claimed insurance line | Incident reported 63 days post-occurrence without valid explanation | Major catastrophic damage reported with neither police report nor independent witnesses,High
CLM-00875,0,Standard,Legitimate claim; consistent with coverage and demographics,Low
CLM-00876,1,Delayed Reporting,Zero active policies on record for claimed insurance line | Incident reported 44 days post-occurrence without valid explanation,High
CLM-00877,0,Standard,Legitimate claim; consistent with coverage and demographics,Low
CLM-00878,0,Standard,Legitimate claim; consistent with coverage and demographics,Low
CLM-00879,0,Standard,Legitimate claim; consistent with coverage and demographics,Low
CLM-00880,0,Standard,Legitimate claim; consistent with coverage and demographics,Low
CLM-00881,0,Standard,Legitimate claim; consistent with coverage and demographics,Low
CLM-00882,0,Standard,Legitimate claim; consistent with coverage and demographics,Low
CLM-00883,1,Amount Outlier,"Zero active policies on record for claimed insurance line | Claim amount (€12,098.68) significantly exceeds typical policy band and purchasing power class (2/8)",High
CLM-00884,0,Standard,Legitimate claim; consistent with coverage and demographics,Low
CLM-00885,0,Standard,Legitimate claim; consistent with coverage and demographics,Low
CLM-00886,0,Standard,Legitimate claim; consistent with coverage and demographics,Low
CLM-00887,0,Standard,Legitimate claim; consistent with coverage and demographics,Low
CLM-00888,0,Standard,Legitimate claim; consistent with coverage and demographics,Low
CLM-00889,0,Standard,Legitimate claim; consistent with coverage and demographics,Low
CLM-00890,0,Standard,Legitimate claim; consistent with coverage and demographics,Low
CLM-00891,0,Standard,Legitimate claim; consistent with coverage and demographics,Low
CLM-00892,0,Standard,Legitimate claim; consistent with coverage and demographics,Low
CLM-00893,0,Standard,Legitimate claim; consistent with coverage and demographics,Low
CLM-00894,0,Standard,Legitimate claim; consistent with coverage and demographics,Low
CLM-00895,1,Delayed Reporting,Zero active policies on record for claimed insurance line | Incident reported 39 days post-occurrence without valid explanation,High
CLM-00896,0,Standard,Legitimate claim; consistent with coverage and demographics,Low
CLM-00897,0,Standard,Legitimate claim; consistent with coverage and demographics,Low
CLM-00898,0,Standard,Legitimate claim; consistent with coverage and demographics,Low
CLM-00899,0,Standard,Legitimate claim; consistent with coverage and demographics,Low
CLM-00900,0,Standard,Legitimate claim; consistent with coverage and demographics,Low
CLM-00901,0,Standard,Legitimate claim; consistent with coverage and demographics,Low
CLM-00902,1,Coverage Mismatch,Zero active policies on record for claimed insurance line,High
CLM-00903,0,Standard,Legitimate claim; consistent with coverage and demographics,Low
CLM-00904,0,Standard,Legitimate claim; consistent with coverage and demographics,Low
CLM-00905,0,Standard,Legitimate claim; consistent with coverage and demographics,Low
CLM-00906,1,Standard,Legitimate claim; consistent with coverage and demographics,High
CLM-00907,0,Standard,Legitimate claim; consistent with coverage and demographics,Low
CLM-00908,0,Standard,Legitimate claim; consistent with coverage and demographics,Low
CLM-00909,0,Standard,Legitimate claim; consistent with coverage and demographics,Low
CLM-00910,0,Standard,Legitimate claim; consistent with coverage and demographics,Low
CLM-00911,0,Standard,Legitimate claim; consistent with coverage and demographics,Low
CLM-00912,0,Standard,Legitimate claim; consistent with coverage and demographics,Low
CLM-00913,0,Standard,Legitimate claim; consistent with coverage and demographics,Low
CLM-00914,0,Standard,Legitimate claim; consistent with coverage and demographics,Low
CLM-00915,0,Standard,Legitimate claim; consistent with coverage and demographics,Low
CLM-00916,0,Standard,Legitimate claim; consistent with coverage and demographics,Low
CLM-00917,0,Standard,Legitimate claim; consistent with coverage and demographics,Low
CLM-00918,1,Delayed Reporting,"Claim amount (€12,250.68) significantly exceeds typical policy band and purchasing power class (4/8) | Incident reported 73 days post-occurrence without valid explanation",High
CLM-00919,0,Standard,Legitimate claim; consistent with coverage and demographics,Low
CLM-00920,0,Standard,Legitimate claim; consistent with coverage and demographics,Low
CLM-00921,0,Standard,Legitimate claim; consistent with coverage and demographics,Low
CLM-00922,0,Standard,Legitimate claim; consistent with coverage and demographics,Low
CLM-00923,0,Standard,Legitimate claim; consistent with coverage and demographics,Low
CLM-00924,0,Standard,Legitimate claim; consistent with coverage and demographics,Low
CLM-00925,0,Standard,Legitimate claim; consistent with coverage and demographics,Low
CLM-00926,0,Standard,Legitimate claim; consistent with coverage and demographics,Low
CLM-00927,0,Standard,Legitimate claim; consistent with coverage and demographics,Low
CLM-00928,0,Standard,Legitimate claim; consistent with coverage and demographics,Low
CLM-00929,0,Standard,Legitimate claim; consistent with coverage and demographics,Low
CLM-00930,0,Standard,Legitimate claim; consistent with coverage and demographics,Low
CLM-00931,0,Standard,Legitimate claim; consistent with coverage and demographics,Low
CLM-00932,0,Standard,Legitimate claim; consistent with coverage and demographics,Low
CLM-00933,0,Standard,Legitimate claim; consistent with coverage and demographics,Low
CLM-00934,0,Standard,Legitimate claim; consistent with coverage and demographics,Low
CLM-00935,0,Standard,Legitimate claim; consistent with coverage and demographics,Low
CLM-00936,0,Standard,Legitimate claim; consistent with coverage and demographics,Low
CLM-00937,0,Standard,Legitimate claim; consistent with coverage and demographics,Low
CLM-00938,0,Standard,Legitimate claim; consistent with coverage and demographics,Low
CLM-00939,0,Standard,Legitimate claim; consistent with coverage and demographics,Low
CLM-00940,0,Standard,Legitimate claim; consistent with coverage and demographics,Low
CLM-00941,0,Standard,Legitimate claim; consistent with coverage and demographics,Low
CLM-00942,0,Standard,Legitimate claim; consistent with coverage and demographics,Low
CLM-00943,0,Standard,Legitimate claim; consistent with coverage and demographics,Low
CLM-00944,0,Standard,Legitimate claim; consistent with coverage and demographics,Low
CLM-00945,0,Standard,Legitimate claim; consistent with coverage and demographics,Low
CLM-00946,0,Standard,Legitimate claim; consistent with coverage and demographics,Low
CLM-00947,1,Delayed Reporting,"Zero active policies on record for claimed insurance line | Claim amount (€130,874.57) significantly exceeds typical policy band and purchasing power class (8/8) | Incident reported 68 days post-occurrence without valid explanation",High
CLM-00948,1,Standard,Legitimate claim; consistent with coverage and demographics,High
CLM-00949,0,Standard,Legitimate claim; consistent with coverage and demographics,Low
CLM-00950,0,Standard,Legitimate claim; consistent with coverage and demographics,Low
CLM-00951,0,Standard,Legitimate claim; consistent with coverage and demographics,Low
CLM-00952,0,Standard,Legitimate claim; consistent with coverage and demographics,Low
CLM-00953,0,Standard,Legitimate claim; consistent with coverage and demographics,Low
CLM-00954,0,Standard,Legitimate claim; consistent with coverage and demographics,Low
CLM-00955,0,Standard,Legitimate claim; consistent with coverage and demographics,Low
CLM-00956,0,Standard,Legitimate claim; consistent with coverage and demographics,Low
CLM-00957,0,Standard,Legitimate claim; consistent with coverage and demographics,Low
CLM-00958,0,Standard,Legitimate claim; consistent with coverage and demographics,Low
CLM-00959,0,Standard,Legitimate claim; consistent with coverage and demographics,Low
CLM-00960,0,Standard,Legitimate claim; consistent with coverage and demographics,Low
CLM-00961,0,Standard,Legitimate claim; consistent with coverage and demographics,Low
CLM-00962,0,Standard,Legitimate claim; consistent with coverage and demographics,Low
CLM-00963,0,Standard,Legitimate claim; consistent with coverage and demographics,Low
CLM-00964,0,Standard,Legitimate claim; consistent with coverage and demographics,Low
CLM-00965,0,Standard,Legitimate claim; consistent with coverage and demographics,Low
CLM-00966,0,Standard,Legitimate claim; consistent with coverage and demographics,Low
CLM-00967,1,Standard,Legitimate claim; consistent with coverage and demographics,High
CLM-00968,0,Standard,Legitimate claim; consistent with coverage and demographics,Low
CLM-00969,0,Standard,Legitimate claim; consistent with coverage and demographics,Low
CLM-00970,0,Standard,Legitimate claim; consistent with coverage and demographics,Low
CLM-00971,0,Standard,Legitimate claim; consistent with coverage and demographics,Low
CLM-00972,0,Standard,Legitimate claim; consistent with coverage and demographics,Low
CLM-00973,1,Unverified Major Loss,Major catastrophic damage reported with neither police report nor independent witnesses,High
CLM-00974,1,Standard,Legitimate claim; consistent with coverage and demographics,High
CLM-00975,0,Standard,Legitimate claim; consistent with coverage and demographics,Low
CLM-00976,0,Standard,Legitimate claim; consistent with coverage and demographics,Low
CLM-00977,0,Standard,Legitimate claim; consistent with coverage and demographics,Low
CLM-00978,1,Delayed Reporting,"Claim amount (€86,657.78) significantly exceeds typical policy band and purchasing power class (2/8) | Incident reported 64 days post-occurrence without valid explanation",High
CLM-00979,0,Standard,Legitimate claim; consistent with coverage and demographics,Low
CLM-00980,0,Standard,Legitimate claim; consistent with coverage and demographics,Low
CLM-00981,0,Standard,Legitimate claim; consistent with coverage and demographics,Low
CLM-00982,0,Standard,Legitimate claim; consistent with coverage and demographics,Low
CLM-00983,1,Amount Outlier,"Zero active policies on record for claimed insurance line | Claim amount (€19,866.82) significantly exceeds typical policy band and purchasing power class (5/8)",High
CLM-00984,1,Delayed Reporting,Zero active policies on record for claimed insurance line | Incident reported 43 days post-occurrence without valid explanation,High
CLM-00985,0,Standard,Legitimate claim; consistent with coverage and demographics,Low
CLM-00986,1,Unverified Major Loss,"Claim amount (€168,843.10) significantly exceeds typical policy band and purchasing power class (1/8) | Major catastrophic damage reported with neither police report nor independent witnesses",High
CLM-00987,0,Standard,Legitimate claim; consistent with coverage and demographics,Low
CLM-00988,0,Standard,Legitimate claim; consistent with coverage and demographics,Low
CLM-00989,0,Standard,Legitimate claim; consistent with coverage and demographics,Low
CLM-00990,0,Standard,Legitimate claim; consistent with coverage and demographics,Low
CLM-00991,1,Coverage Mismatch,Zero active policies on record for claimed insurance line,High
CLM-00992,0,Standard,Legitimate claim; consistent with coverage and demographics,Low
CLM-00993,0,Standard,Legitimate claim; consistent with coverage and demographics,Low
CLM-00994,0,Standard,Legitimate claim; consistent with coverage and demographics,Low
CLM-00995,0,Standard,Legitimate claim; consistent with coverage and demographics,Low
CLM-00996,1,Coverage Mismatch,Zero active policies on record for claimed insurance line,High
CLM-00997,0,Standard,Legitimate claim; consistent with coverage and demographics,Low
CLM-00998,1,Delayed Reporting,"Zero active policies on record for claimed insurance line | Claim amount (€143,362.71) significantly exceeds typical policy band and purchasing power class (6/8) | Incident reported 50 days post-occurrence without valid explanation",High
CLM-00999,0,Standard,Legitimate claim; consistent with coverage and demographics,Low
CLM-01000,0,Standard,Legitimate claim; consistent with coverage and demographics,Low
CLM-01001,0,Standard,Legitimate claim; consistent with coverage and demographics,Low
CLM-01002,0,Standard,Legitimate claim; consistent with coverage and demographics,Low
CLM-01003,0,Standard,Legitimate claim; consistent with coverage and demographics,Low
CLM-01004,0,Standard,Legitimate claim; consistent with coverage and demographics,Low
CLM-01005,0,Standard,Legitimate claim; consistent with coverage and demographics,Low
CLM-01006,0,Standard,Legitimate claim; consistent with coverage and demographics,Low
CLM-01007,1,Amount Outlier,"Claim amount (€208,906.37) significantly exceeds typical policy band and purchasing power class (6/8)",High
CLM-01008,1,Standard,Legitimate claim; consistent with coverage and demographics,High
CLM-01009,0,Standard,Legitimate claim; consistent with coverage and demographics,Low
CLM-01010,0,Standard,Legitimate claim; consistent with coverage and demographics,Low
CLM-01011,0,Standard,Legitimate claim; consistent with coverage and demographics,Low
CLM-01012,0,Standard,Legitimate claim; consistent with coverage and demographics,Low
CLM-01013,0,Standard,Legitimate claim; consistent with coverage and demographics,Low
CLM-01014,0,Standard,Legitimate claim; consistent with coverage and demographics,Low
CLM-01015,0,Standard,Legitimate claim; consistent with coverage and demographics,Low
CLM-01016,0,Standard,Legitimate claim; consistent with coverage and demographics,Low
CLM-01017,0,Standard,Legitimate claim; consistent with coverage and demographics,Low
CLM-01018,0,Standard,Legitimate claim; consistent with coverage and demographics,Low
CLM-01019,0,Standard,Legitimate claim; consistent with coverage and demographics,Low
CLM-01020,1,Coverage Mismatch,Zero active policies on record for claimed insurance line,High
CLM-01021,0,Standard,Legitimate claim; consistent with coverage and demographics,Low
CLM-01022,0,Standard,Legitimate claim; consistent with coverage and demographics,Low
CLM-01023,0,Standard,Legitimate claim; consistent with coverage and demographics,Low
CLM-01024,0,Standard,Legitimate claim; consistent with coverage and demographics,Low
CLM-01025,0,Standard,Legitimate claim; consistent with coverage and demographics,Low
CLM-01026,0,Standard,Legitimate claim; consistent with coverage and demographics,Low
CLM-01027,0,Standard,Legitimate claim; consistent with coverage and demographics,Low
CLM-01028,0,Standard,Legitimate claim; consistent with coverage and demographics,Low
CLM-01029,0,Standard,Legitimate claim; consistent with coverage and demographics,Low
CLM-01030,0,Standard,Legitimate claim; consistent with coverage and demographics,Low
CLM-01031,0,Standard,Legitimate claim; consistent with coverage and demographics,Low
CLM-01032,0,Standard,Legitimate claim; consistent with coverage and demographics,Low
CLM-01033,0,Standard,Legitimate claim; consistent with coverage and demographics,Low
CLM-01034,0,Standard,Legitimate claim; consistent with coverage and demographics,Low
CLM-01035,0,Standard,Legitimate claim; consistent with coverage and demographics,Low
CLM-01036,1,Standard,Legitimate claim; consistent with coverage and demographics,High
CLM-01037,0,Standard,Legitimate claim; consistent with coverage and demographics,Low
CLM-01038,0,Standard,Legitimate claim; consistent with coverage and demographics,Low
CLM-01039,0,Standard,Legitimate claim; consistent with coverage and demographics,Low
CLM-01040,0,Standard,Legitimate claim; consistent with coverage and demographics,Low
CLM-01041,0,Standard,Legitimate claim; consistent with coverage and demographics,Low
CLM-01042,0,Standard,Legitimate claim; consistent with coverage and demographics,Low
CLM-01043,0,Standard,Legitimate claim; consistent with coverage and demographics,Low
CLM-01044,0,Standard,Legitimate claim; consistent with coverage and demographics,Low
CLM-01045,0,Standard,Legitimate claim; consistent with coverage and demographics,Low
CLM-01046,0,Standard,Legitimate claim; consistent with coverage and demographics,Low
CLM-01047,0,Standard,Legitimate claim; consistent with coverage and demographics,Low
CLM-01048,1,Amount Outlier,"Claim amount (€17,133.92) significantly exceeds typical policy band and purchasing power class (5/8)",High
CLM-01049,0,Standard,Legitimate claim; consistent with coverage and demographics,Low
CLM-01050,0,Standard,Legitimate claim; consistent with coverage and demographics,Low
CLM-01051,0,Standard,Legitimate claim; consistent with coverage and demographics,Low
CLM-01052,0,Standard,Legitimate claim; consistent with coverage and demographics,Low
CLM-01053,0,Standard,Legitimate claim; consistent with coverage and demographics,Low
CLM-01054,0,Standard,Legitimate claim; consistent with coverage and demographics,Low
CLM-01055,0,Standard,Legitimate claim; consistent with coverage and demographics,Low
CLM-01056,0,Standard,Legitimate claim; consistent with coverage and demographics,Low
CLM-01057,0,Standard,Legitimate claim; consistent with coverage and demographics,Low
CLM-01058,0,Standard,Legitimate claim; consistent with coverage and demographics,Low
CLM-01059,0,Standard,Legitimate claim; consistent with coverage and demographics,Low
CLM-01060,0,Standard,Legitimate claim; consistent with coverage and demographics,Low
CLM-01061,0,Standard,Legitimate claim; consistent with coverage and demographics,Low
CLM-01062,0,Standard,Legitimate claim; consistent with coverage and demographics,Low
CLM-01063,0,Standard,Legitimate claim; consistent with coverage and demographics,Low
CLM-01064,0,Standard,Legitimate claim; consistent with coverage and demographics,Low
CLM-01065,0,Standard,Legitimate claim; consistent with coverage and demographics,Low
CLM-01066,0,Standard,Legitimate claim; consistent with coverage and demographics,Low
CLM-01067,1,Amount Outlier,"Claim amount (€50,805.79) significantly exceeds typical policy band and purchasing power class (1/8)",High
CLM-01068,0,Standard,Legitimate claim; consistent with coverage and demographics,Low
CLM-01069,0,Standard,Legitimate claim; consistent with coverage and demographics,Low
CLM-01070,1,Amount Outlier,"Claim amount (€36,407.09) significantly exceeds typical policy band and purchasing power class (3/8)",High
CLM-01071,0,Standard,Legitimate claim; consistent with coverage and demographics,Low
CLM-01072,0,Standard,Legitimate claim; consistent with coverage and demographics,Low
CLM-01073,0,Standard,Legitimate claim; consistent with coverage and demographics,Low
CLM-01074,0,Standard,Legitimate claim; consistent with coverage and demographics,Low
CLM-01075,1,Amount Outlier,"Claim amount (€13,451.21) significantly exceeds typical policy band and purchasing power class (5/8)",High
CLM-01076,0,Standard,Legitimate claim; consistent with coverage and demographics,Low
CLM-01077,0,Standard,Legitimate claim; consistent with coverage and demographics,Low
CLM-01078,0,Standard,Legitimate claim; consistent with coverage and demographics,Low
CLM-01079,0,Standard,Legitimate claim; consistent with coverage and demographics,Low
CLM-01080,0,Standard,Legitimate claim; consistent with coverage and demographics,Low
CLM-01081,0,Standard,Legitimate claim; consistent with coverage and demographics,Low
CLM-01082,0,Standard,Legitimate claim; consistent with coverage and demographics,Low
CLM-01083,0,Standard,Legitimate claim; consistent with coverage and demographics,Low
CLM-01084,1,Delayed Reporting,Zero active policies on record for claimed insurance line | Incident reported 38 days post-occurrence without valid explanation,High
CLM-01085,1,Unverified Major Loss,"Zero active policies on record for claimed insurance line | Claim amount (€208,249.81) significantly exceeds typical policy band and purchasing power class (4/8) | Major catastrophic damage reported with neither police report nor independent witnesses",High
CLM-01086,0,Standard,Legitimate claim; consistent with coverage and demographics,Low
CLM-01087,0,Standard,Legitimate claim; consistent with coverage and demographics,Low
CLM-01088,0,Standard,Legitimate claim; consistent with coverage and demographics,Low
CLM-01089,0,Standard,Legitimate claim; consistent with coverage and demographics,Low
CLM-01090,0,Standard,Legitimate claim; consistent with coverage and demographics,Low
CLM-01091,0,Standard,Legitimate claim; consistent with coverage and demographics,Low
CLM-01092,0,Standard,Legitimate claim; consistent with coverage and demographics,Low
CLM-01093,0,Standard,Legitimate claim; consistent with coverage and demographics,Low
CLM-01094,0,Standard,Legitimate claim; consistent with coverage and demographics,Low
CLM-01095,1,Unverified Major Loss,Zero active policies on record for claimed insurance line | Major catastrophic damage reported with neither police report nor independent witnesses,High
CLM-01096,0,Standard,Legitimate claim; consistent with coverage and demographics,Low
CLM-01097,1,Delayed Reporting,"Claim amount (€112,730.74) significantly exceeds typical policy band and purchasing power class (2/8) | Incident reported 66 days post-occurrence without valid explanation",High
CLM-01098,0,Standard,Legitimate claim; consistent with coverage and demographics,Low
CLM-01099,0,Standard,Legitimate claim; consistent with coverage and demographics,Low
CLM-01100,0,Standard,Legitimate claim; consistent with coverage and demographics,Low
CLM-01101,0,Standard,Legitimate claim; consistent with coverage and demographics,Low
CLM-01102,0,Standard,Legitimate claim; consistent with coverage and demographics,Low
CLM-01103,0,Standard,Legitimate claim; consistent with coverage and demographics,Low
CLM-01104,0,Standard,Legitimate claim; consistent with coverage and demographics,Low
CLM-01105,0,Standard,Legitimate claim; consistent with coverage and demographics,Low
CLM-01106,0,Standard,Legitimate claim; consistent with coverage and demographics,Low
CLM-01107,0,Standard,Legitimate claim; consistent with coverage and demographics,Low
CLM-01108,0,Standard,Legitimate claim; consistent with coverage and demographics,Low
CLM-01109,0,Standard,Legitimate claim; consistent with coverage and demographics,Low
CLM-01110,0,Standard,Legitimate claim; consistent with coverage and demographics,Low
CLM-01111,0,Standard,Legitimate claim; consistent with coverage and demographics,Low
CLM-01112,0,Standard,Legitimate claim; consistent with coverage and demographics,Low
CLM-01113,0,Standard,Legitimate claim; consistent with coverage and demographics,Low
CLM-01114,0,Standard,Legitimate claim; consistent with coverage and demographics,Low
CLM-01115,0,Standard,Legitimate claim; consistent with coverage and demographics,Low
CLM-01116,0,Standard,Legitimate claim; consistent with coverage and demographics,Low
CLM-01117,0,Standard,Legitimate claim; consistent with coverage and demographics,Low
CLM-01118,1,Delayed Reporting,Zero active policies on record for claimed insurance line | Incident reported 69 days post-occurrence without valid explanation,High
CLM-01119,0,Standard,Legitimate claim; consistent with coverage and demographics,Low
CLM-01120,0,Standard,Legitimate claim; consistent with coverage and demographics,Low
CLM-01121,0,Standard,Legitimate claim; consistent with coverage and demographics,Low
CLM-01122,0,Standard,Legitimate claim; consistent with coverage and demographics,Low
CLM-01123,1,Delayed Reporting,"Claim amount (€148,344.80) significantly exceeds typical policy band and purchasing power class (1/8) | Incident reported 45 days post-occurrence without valid explanation",High
CLM-01124,0,Standard,Legitimate claim; consistent with coverage and demographics,Low
CLM-01125,0,Standard,Legitimate claim; consistent with coverage and demographics,Low
CLM-01126,0,Standard,Legitimate claim; consistent with coverage and demographics,Low
CLM-01127,0,Standard,Legitimate claim; consistent with coverage and demographics,Low
CLM-01128,1,Delayed Reporting,Zero active policies on record for claimed insurance line | Incident reported 68 days post-occurrence without valid explanation,High
CLM-01129,0,Standard,Legitimate claim; consistent with coverage and demographics,Low
CLM-01130,0,Standard,Legitimate claim; consistent with coverage and demographics,Low
CLM-01131,0,Standard,Legitimate claim; consistent with coverage and demographics,Low
CLM-01132,0,Standard,Legitimate claim; consistent with coverage and demographics,Low
CLM-01133,0,Standard,Legitimate claim; consistent with coverage and demographics,Low
CLM-01134,1,Amount Outlier,"Claim amount (€65,509.82) significantly exceeds typical policy band and purchasing power class (2/8)",High
CLM-01135,0,Standard,Legitimate claim; consistent with coverage and demographics,Low
CLM-01136,0,Standard,Legitimate claim; consistent with coverage and demographics,Low
CLM-01137,0,Standard,Legitimate claim; consistent with coverage and demographics,Low
CLM-01138,0,Standard,Legitimate claim; consistent with coverage and demographics,Low
CLM-01139,0,Standard,Legitimate claim; consistent with coverage and demographics,Low
CLM-01140,1,Unverified Major Loss,Major catastrophic damage reported with neither police report nor independent witnesses,High
CLM-01141,0,Standard,Legitimate claim; consistent with coverage and demographics,Low
CLM-01142,0,Standard,Legitimate claim; consistent with coverage and demographics,Low
CLM-01143,0,Standard,Legitimate claim; consistent with coverage and demographics,Low
CLM-01144,1,Coverage Mismatch,Zero active policies on record for claimed insurance line,High
CLM-01145,0,Standard,Legitimate claim; consistent with coverage and demographics,Low
CLM-01146,0,Standard,Legitimate claim; consistent with coverage and demographics,Low
CLM-01147,0,Standard,Legitimate claim; consistent with coverage and demographics,Low
CLM-01148,0,Standard,Legitimate claim; consistent with coverage and demographics,Low
CLM-01149,0,Standard,Legitimate claim; consistent with coverage and demographics,Low
CLM-01150,0,Standard,Legitimate claim; consistent with coverage and demographics,Low
CLM-01151,0,Standard,Legitimate claim; consistent with coverage and demographics,Low
CLM-01152,0,Standard,Legitimate claim; consistent with coverage and demographics,Low
CLM-01153,1,Amount Outlier,"Claim amount (€20,726.84) significantly exceeds typical policy band and purchasing power class (3/8)",High
CLM-01154,0,Standard,Legitimate claim; consistent with coverage and demographics,Low
CLM-01155,0,Standard,Legitimate claim; consistent with coverage and demographics,Low
CLM-01156,0,Standard,Legitimate claim; consistent with coverage and demographics,Low
CLM-01157,1,Amount Outlier,"Zero active policies on record for claimed insurance line | Claim amount (€20,036.26) significantly exceeds typical policy band and purchasing power class (4/8)",High
CLM-01158,0,Standard,Legitimate claim; consistent with coverage and demographics,Low
CLM-01159,0,Standard,Legitimate claim; consistent with coverage and demographics,Low
CLM-01160,0,Standard,Legitimate claim; consistent with coverage and demographics,Low
CLM-01161,0,Standard,Legitimate claim; consistent with coverage and demographics,Low
CLM-01162,0,Standard,Legitimate claim; consistent with coverage and demographics,Low
CLM-01163,0,Standard,Legitimate claim; consistent with coverage and demographics,Low
CLM-01164,0,Standard,Legitimate claim; consistent with coverage and demographics,Low
CLM-01165,0,Standard,Legitimate claim; consistent with coverage and demographics,Low
CLM-01166,0,Standard,Legitimate claim; consistent with coverage and demographics,Low
CLM-01167,0,Standard,Legitimate claim; consistent with coverage and demographics,Low
CLM-01168,0,Standard,Legitimate claim; consistent with coverage and demographics,Low
CLM-01169,0,Standard,Legitimate claim; consistent with coverage and demographics,Low
CLM-01170,1,Coverage Mismatch,Zero active policies on record for claimed insurance line,High
CLM-01171,0,Standard,Legitimate claim; consistent with coverage and demographics,Low
CLM-01172,1,Coverage Mismatch,Zero active policies on record for claimed insurance line,High
CLM-01173,0,Standard,Legitimate claim; consistent with coverage and demographics,Low
CLM-01174,0,Standard,Legitimate claim; consistent with coverage and demographics,Low
CLM-01175,0,Standard,Legitimate claim; consistent with coverage and demographics,Low
CLM-01176,0,Standard,Legitimate claim; consistent with coverage and demographics,Low
CLM-01177,0,Standard,Legitimate claim; consistent with coverage and demographics,Low
CLM-01178,0,Standard,Legitimate claim; consistent with coverage and demographics,Low
CLM-01179,0,Standard,Legitimate claim; consistent with coverage and demographics,Low
CLM-01180,0,Standard,Legitimate claim; consistent with coverage and demographics,Low
CLM-01181,1,Amount Outlier,"Zero active policies on record for claimed insurance line | Claim amount (€13,599.09) significantly exceeds typical policy band and purchasing power class (4/8)",High
CLM-01182,0,Standard,Legitimate claim; consistent with coverage and demographics,Low
CLM-01183,0,Standard,Legitimate claim; consistent with coverage and demographics,Low
CLM-01184,0,Standard,Legitimate claim; consistent with coverage and demographics,Low
CLM-01185,0,Standard,Legitimate claim; consistent with coverage and demographics,Low
CLM-01186,0,Standard,Legitimate claim; consistent with coverage and demographics,Low
CLM-01187,1,Amount Outlier,"Zero active policies on record for claimed insurance line | Claim amount (€15,400.48) significantly exceeds typical policy band and purchasing power class (3/8)",High
CLM-01188,0,Standard,Legitimate claim; consistent with coverage and demographics,Low
CLM-01189,0,Standard,Legitimate claim; consistent with coverage and demographics,Low
CLM-01190,0,Standard,Legitimate claim; consistent with coverage and demographics,Low
CLM-01191,0,Standard,Legitimate claim; consistent with coverage and demographics,Low
CLM-01192,0,Standard,Legitimate claim; consistent with coverage and demographics,Low
CLM-01193,0,Standard,Legitimate claim; consistent with coverage and demographics,Low
CLM-01194,0,Standard,Legitimate claim; consistent with coverage and demographics,Low
CLM-01195,0,Standard,Legitimate claim; consistent with coverage and demographics,Low
CLM-01196,0,Standard,Legitimate claim; consistent with coverage and demographics,Low
CLM-01197,0,Standard,Legitimate claim; consistent with coverage and demographics,Low
CLM-01198,0,Standard,Legitimate claim; consistent with coverage and demographics,Low
CLM-01199,0,Standard,Legitimate claim; consistent with coverage and demographics,Low
CLM-01200,0,Standard,Legitimate claim; consistent with coverage and demographics,Low
CLM-01201,0,Standard,Legitimate claim; consistent with coverage and demographics,Low
CLM-01202,0,Standard,Legitimate claim; consistent with coverage and demographics,Low
CLM-01203,1,Unverified Major Loss,Incident reported 69 days post-occurrence without valid explanation | Major catastrophic damage reported with neither police report nor independent witnesses,High
CLM-01204,0,Standard,Legitimate claim; consistent with coverage and demographics,Low
CLM-01205,0,Standard,Legitimate claim; consistent with coverage and demographics,Low
CLM-01206,0,Standard,Legitimate claim; consistent with coverage and demographics,Low
CLM-01207,0,Standard,Legitimate claim; consistent with coverage and demographics,Low
CLM-01208,0,Standard,Legitimate claim; consistent with coverage and demographics,Low
CLM-01209,0,Standard,Legitimate claim; consistent with coverage and demographics,Low
CLM-01210,0,Standard,Legitimate claim; consistent with coverage and demographics,Low
CLM-01211,0,Standard,Legitimate claim; consistent with coverage and demographics,Low
CLM-01212,0,Standard,Legitimate claim; consistent with coverage and demographics,Low
CLM-01213,0,Standard,Legitimate claim; consistent with coverage and demographics,Low
CLM-01214,0,Standard,Legitimate claim; consistent with coverage and demographics,Low
CLM-01215,0,Standard,Legitimate claim; consistent with coverage and demographics,Low
CLM-01216,0,Standard,Legitimate claim; consistent with coverage and demographics,Low
CLM-01217,0,Standard,Legitimate claim; consistent with coverage and demographics,Low
CLM-01218,0,Standard,Legitimate claim; consistent with coverage and demographics,Low
CLM-01219,1,Standard,Legitimate claim; consistent with coverage and demographics,High
CLM-01220,0,Standard,Legitimate claim; consistent with coverage and demographics,Low
CLM-01221,0,Standard,Legitimate claim; consistent with coverage and demographics,Low
CLM-01222,0,Standard,Legitimate claim; consistent with coverage and demographics,Low
CLM-01223,0,Standard,Legitimate claim; consistent with coverage and demographics,Low
CLM-01224,0,Standard,Legitimate claim; consistent with coverage and demographics,Low
CLM-01225,0,Standard,Legitimate claim; consistent with coverage and demographics,Low
CLM-01226,0,Standard,Legitimate claim; consistent with coverage and demographics,Low
CLM-01227,0,Standard,Legitimate claim; consistent with coverage and demographics,Low
CLM-01228,1,Unverified Major Loss,"Claim amount (€155,720.62) significantly exceeds typical policy band and purchasing power class (7/8) | Incident reported 44 days post-occurrence without valid explanation | Major catastrophic damage reported with neither police report nor independent witnesses",High
CLM-01229,1,Delayed Reporting,"Zero active policies on record for claimed insurance line | Claim amount (€253,170.73) significantly exceeds typical policy band and purchasing power class (4/8) | Incident reported 38 days post-occurrence without valid explanation",High
CLM-01230,0,Standard,Legitimate claim; consistent with coverage and demographics,Low
CLM-01231,1,Coverage Mismatch,Zero active policies on record for claimed insurance line,High
CLM-01232,0,Standard,Legitimate claim; consistent with coverage and demographics,Low
CLM-01233,0,Standard,Legitimate claim; consistent with coverage and demographics,Low
CLM-01234,0,Standard,Legitimate claim; consistent with coverage and demographics,Low
CLM-01235,1,Unverified Major Loss,"Claim amount (€254,165.61) significantly exceeds typical policy band and purchasing power class (3/8) | Major catastrophic damage reported with neither police report nor independent witnesses",High
CLM-01236,0,Standard,Legitimate claim; consistent with coverage and demographics,Low
CLM-01237,1,Amount Outlier,"Claim amount (€54,003.50) significantly exceeds typical policy band and purchasing power class (3/8)",High
CLM-01238,0,Standard,Legitimate claim; consistent with coverage and demographics,Low
CLM-01239,0,Standard,Legitimate claim; consistent with coverage and demographics,Low
CLM-01240,0,Standard,Legitimate claim; consistent with coverage and demographics,Low
CLM-01241,0,Standard,Legitimate claim; consistent with coverage and demographics,Low
CLM-01242,1,Standard,Legitimate claim; consistent with coverage and demographics,High
CLM-01243,0,Standard,Legitimate claim; consistent with coverage and demographics,Low
CLM-01244,0,Standard,Legitimate claim; consistent with coverage and demographics,Low
CLM-01245,0,Standard,Legitimate claim; consistent with coverage and demographics,Low
CLM-01246,1,Amount Outlier,"Claim amount (€152,563.74) significantly exceeds typical policy band and purchasing power class (8/8)",High
CLM-01247,0,Standard,Legitimate claim; consistent with coverage and demographics,Low
CLM-01248,0,Standard,Legitimate claim; consistent with coverage and demographics,Low
CLM-01249,0,Standard,Legitimate claim; consistent with coverage and demographics,Low
CLM-01250,0,Standard,Legitimate claim; consistent with coverage and demographics,Low
CLM-01251,0,Standard,Legitimate claim; consistent with coverage and demographics,Low
CLM-01252,0,Standard,Legitimate claim; consistent with coverage and demographics,Low
CLM-01253,0,Standard,Legitimate claim; consistent with coverage and demographics,Low
CLM-01254,1,Delayed Reporting,"Claim amount (€15,317.20) significantly exceeds typical policy band and purchasing power class (3/8) | Incident reported 71 days post-occurrence without valid explanation",High
CLM-01255,0,Standard,Legitimate claim; consistent with coverage and demographics,Low
CLM-01256,0,Standard,Legitimate claim; consistent with coverage and demographics,Low
CLM-01257,0,Standard,Legitimate claim; consistent with coverage and demographics,Low
CLM-01258,0,Standard,Legitimate claim; consistent with coverage and demographics,Low
CLM-01259,0,Standard,Legitimate claim; consistent with coverage and demographics,Low
CLM-01260,0,Standard,Legitimate claim; consistent with coverage and demographics,Low
CLM-01261,0,Standard,Legitimate claim; consistent with coverage and demographics,Low
CLM-01262,0,Standard,Legitimate claim; consistent with coverage and demographics,Low
CLM-01263,0,Standard,Legitimate claim; consistent with coverage and demographics,Low
CLM-01264,0,Standard,Legitimate claim; consistent with coverage and demographics,Low
CLM-01265,0,Standard,Legitimate claim; consistent with coverage and demographics,Low
CLM-01266,0,Standard,Legitimate claim; consistent with coverage and demographics,Low
CLM-01267,0,Standard,Legitimate claim; consistent with coverage and demographics,Low
CLM-01268,1,Coverage Mismatch,Zero active policies on record for claimed insurance line,High
CLM-01269,0,Standard,Legitimate claim; consistent with coverage and demographics,Low
CLM-01270,1,Standard,Legitimate claim; consistent with coverage and demographics,High
CLM-01271,0,Standard,Legitimate claim; consistent with coverage and demographics,Low
CLM-01272,0,Standard,Legitimate claim; consistent with coverage and demographics,Low
CLM-01273,0,Standard,Legitimate claim; consistent with coverage and demographics,Low
CLM-01274,0,Standard,Legitimate claim; consistent with coverage and demographics,Low
CLM-01275,0,Standard,Legitimate claim; consistent with coverage and demographics,Low
CLM-01276,0,Standard,Legitimate claim; consistent with coverage and demographics,Low
CLM-01277,0,Standard,Legitimate claim; consistent with coverage and demographics,Low
CLM-01278,0,Standard,Legitimate claim; consistent with coverage and demographics,Low
CLM-01279,0,Standard,Legitimate claim; consistent with coverage and demographics,Low
CLM-01280,0,Standard,Legitimate claim; consistent with coverage and demographics,Low
CLM-01281,0,Standard,Legitimate claim; consistent with coverage and demographics,Low
CLM-01282,0,Standard,Legitimate claim; consistent with coverage and demographics,Low
CLM-01283,0,Standard,Legitimate claim; consistent with coverage and demographics,Low
CLM-01284,0,Standard,Legitimate claim; consistent with coverage and demographics,Low
CLM-01285,0,Standard,Legitimate claim; consistent with coverage and demographics,Low
CLM-01286,0,Standard,Legitimate claim; consistent with coverage and demographics,Low
CLM-01287,0,Standard,Legitimate claim; consistent with coverage and demographics,Low
CLM-01288,0,Standard,Legitimate claim; consistent with coverage and demographics,Low
CLM-01289,0,Standard,Legitimate claim; consistent with coverage and demographics,Low
CLM-01290,0,Standard,Legitimate claim; consistent with coverage and demographics,Low
CLM-01291,0,Standard,Legitimate claim; consistent with coverage and demographics,Low
CLM-01292,0,Standard,Legitimate claim; consistent with coverage and demographics,Low
CLM-01293,0,Standard,Legitimate claim; consistent with coverage and demographics,Low
CLM-01294,0,Standard,Legitimate claim; consistent with coverage and demographics,Low
CLM-01295,0,Standard,Legitimate claim; consistent with coverage and demographics,Low
CLM-01296,1,Delayed Reporting,"Zero active policies on record for claimed insurance line | Claim amount (€36,677.35) significantly exceeds typical policy band and purchasing power class (3/8) | Incident reported 52 days post-occurrence without valid explanation",High
CLM-01297,0,Standard,Legitimate claim; consistent with coverage and demographics,Low
CLM-01298,0,Standard,Legitimate claim; consistent with coverage and demographics,Low
CLM-01299,0,Standard,Legitimate claim; consistent with coverage and demographics,Low
CLM-01300,0,Standard,Legitimate claim; consistent with coverage and demographics,Low
CLM-01301,0,Standard,Legitimate claim; consistent with coverage and demographics,Low
CLM-01302,0,Standard,Legitimate claim; consistent with coverage and demographics,Low
CLM-01303,0,Standard,Legitimate claim; consistent with coverage and demographics,Low
CLM-01304,0,Standard,Legitimate claim; consistent with coverage and demographics,Low
CLM-01305,0,Standard,Legitimate claim; consistent with coverage and demographics,Low
CLM-01306,0,Standard,Legitimate claim; consistent with coverage and demographics,Low
CLM-01307,1,Unverified Major Loss,"Claim amount (€91,736.00) significantly exceeds typical policy band and purchasing power class (3/8) | Incident reported 73 days post-occurrence without valid explanation | Major catastrophic damage reported with neither police report nor independent witnesses",High
CLM-01308,0,Standard,Legitimate claim; consistent with coverage and demographics,Low
CLM-01309,0,Standard,Legitimate claim; consistent with coverage and demographics,Low
CLM-01310,0,Standard,Legitimate claim; consistent with coverage and demographics,Low
CLM-01311,0,Standard,Legitimate claim; consistent with coverage and demographics,Low
CLM-01312,0,Standard,Legitimate claim; consistent with coverage and demographics,Low
CLM-01313,0,Standard,Legitimate claim; consistent with coverage and demographics,Low
CLM-01314,0,Standard,Legitimate claim; consistent with coverage and demographics,Low
CLM-01315,0,Standard,Legitimate claim; consistent with coverage and demographics,Low
CLM-01316,0,Standard,Legitimate claim; consistent with coverage and demographics,Low
CLM-01317,0,Standard,Legitimate claim; consistent with coverage and demographics,Low
CLM-01318,0,Standard,Legitimate claim; consistent with coverage and demographics,Low
CLM-01319,0,Standard,Legitimate claim; consistent with coverage and demographics,Low
CLM-01320,0,Standard,Legitimate claim; consistent with coverage and demographics,Low
CLM-01321,0,Standard,Legitimate claim; consistent with coverage and demographics,Low
CLM-01322,0,Standard,Legitimate claim; consistent with coverage and demographics,Low
CLM-01323,0,Standard,Legitimate claim; consistent with coverage and demographics,Low
CLM-01324,0,Standard,Legitimate claim; consistent with coverage and demographics,Low
CLM-01325,0,Standard,Legitimate claim; consistent with coverage and demographics,Low
CLM-01326,0,Standard,Legitimate claim; consistent with coverage and demographics,Low
CLM-01327,0,Standard,Legitimate claim; consistent with coverage and demographics,Low
CLM-01328,0,Standard,Legitimate claim; consistent with coverage and demographics,Low
CLM-01329,0,Standard,Legitimate claim; consistent with coverage and demographics,Low
CLM-01330,0,Standard,Legitimate claim; consistent with coverage and demographics,Low
CLM-01331,1,Coverage Mismatch,Zero active policies on record for claimed insurance line,High
CLM-01332,0,Standard,Legitimate claim; consistent with coverage and demographics,Low
CLM-01333,0,Standard,Legitimate claim; consistent with coverage and demographics,Low
CLM-01334,0,Standard,Legitimate claim; consistent with coverage and demographics,Low
CLM-01335,0,Standard,Legitimate claim; consistent with coverage and demographics,Low
CLM-01336,0,Standard,Legitimate claim; consistent with coverage and demographics,Low
CLM-01337,1,Coverage Mismatch,Zero active policies on record for claimed insurance line,High
CLM-01338,0,Standard,Legitimate claim; consistent with coverage and demographics,Low
CLM-01339,0,Standard,Legitimate claim; consistent with coverage and demographics,Low
CLM-01340,0,Standard,Legitimate claim; consistent with coverage and demographics,Low
CLM-01341,1,Amount Outlier,"Claim amount (€116,136.44) significantly exceeds typical policy band and purchasing power class (6/8)",High
CLM-01342,0,Standard,Legitimate claim; consistent with coverage and demographics,Low
CLM-01343,0,Standard,Legitimate claim; consistent with coverage and demographics,Low
CLM-01344,0,Standard,Legitimate claim; consistent with coverage and demographics,Low
CLM-01345,0,Standard,Legitimate claim; consistent with coverage and demographics,Low
CLM-01346,0,Standard,Legitimate claim; consistent with coverage and demographics,Low
CLM-01347,1,Amount Outlier,"Zero active policies on record for claimed insurance line | Claim amount (€180,892.18) significantly exceeds typical policy band and purchasing power class (3/8)",High
CLM-01348,0,Standard,Legitimate claim; consistent with coverage and demographics,Low
CLM-01349,0,Standard,Legitimate claim; consistent with coverage and demographics,Low
CLM-01350,0,Standard,Legitimate claim; consistent with coverage and demographics,Low
CLM-01351,0,Standard,Legitimate claim; consistent with coverage and demographics,Low
CLM-01352,0,Standard,Legitimate claim; consistent with coverage and demographics,Low
CLM-01353,0,Standard,Legitimate claim; consistent with coverage and demographics,Low
CLM-01354,0,Standard,Legitimate claim; consistent with coverage and demographics,Low
CLM-01355,0,Standard,Legitimate claim; consistent with coverage and demographics,Low
CLM-01356,1,Standard,Legitimate claim; consistent with coverage and demographics,High
CLM-01357,0,Standard,Legitimate claim; consistent with coverage and demographics,Low
CLM-01358,0,Standard,Legitimate claim; consistent with coverage and demographics,Low
CLM-01359,0,Standard,Legitimate claim; consistent with coverage and demographics,Low
CLM-01360,0,Standard,Legitimate claim; consistent with coverage and demographics,Low
CLM-01361,0,Standard,Legitimate claim; consistent with coverage and demographics,Low
CLM-01362,1,Amount Outlier,"Claim amount (€17,377.47) significantly exceeds typical policy band and purchasing power class (2/8)",High
CLM-01363,0,Standard,Legitimate claim; consistent with coverage and demographics,Low
CLM-01364,0,Standard,Legitimate claim; consistent with coverage and demographics,Low
CLM-01365,0,Standard,Legitimate claim; consistent with coverage and demographics,Low
CLM-01366,1,Coverage Mismatch,Zero active policies on record for claimed insurance line,High
CLM-01367,0,Standard,Legitimate claim; consistent with coverage and demographics,Low
CLM-01368,0,Standard,Legitimate claim; consistent with coverage and demographics,Low
CLM-01369,0,Standard,Legitimate claim; consistent with coverage and demographics,Low
CLM-01370,0,Standard,Legitimate claim; consistent with coverage and demographics,Low
CLM-01371,0,Standard,Legitimate claim; consistent with coverage and demographics,Low
CLM-01372,0,Standard,Legitimate claim; consistent with coverage and demographics,Low
CLM-01373,1,Standard,Legitimate claim; consistent with coverage and demographics,High
CLM-01374,0,Standard,Legitimate claim; consistent with coverage and demographics,Low
CLM-01375,0,Standard,Legitimate claim; consistent with coverage and demographics,Low
CLM-01376,0,Standard,Legitimate claim; consistent with coverage and demographics,Low
CLM-01377,0,Standard,Legitimate claim; consistent with coverage and demographics,Low
CLM-01378,0,Standard,Legitimate claim; consistent with coverage and demographics,Low
CLM-01379,0,Standard,Legitimate claim; consistent with coverage and demographics,Low
CLM-01380,0,Standard,Legitimate claim; consistent with coverage and demographics,Low
CLM-01381,0,Standard,Legitimate claim; consistent with coverage and demographics,Low
CLM-01382,0,Standard,Legitimate claim; consistent with coverage and demographics,Low
CLM-01383,0,Standard,Legitimate claim; consistent with coverage and demographics,Low
CLM-01384,1,Standard,Legitimate claim; consistent with coverage and demographics,High
CLM-01385,0,Standard,Legitimate claim; consistent with coverage and demographics,Low
CLM-01386,0,Standard,Legitimate claim; consistent with coverage and demographics,Low
CLM-01387,0,Standard,Legitimate claim; consistent with coverage and demographics,Low
CLM-01388,1,Unverified Major Loss,Zero active policies on record for claimed insurance line | Major catastrophic damage reported with neither police report nor independent witnesses,High
CLM-01389,0,Standard,Legitimate claim; consistent with coverage and demographics,Low
CLM-01390,0,Standard,Legitimate claim; consistent with coverage and demographics,Low
CLM-01391,1,Amount Outlier,"Zero active policies on record for claimed insurance line | Claim amount (€155,567.85) significantly exceeds typical policy band and purchasing power class (1/8)",High
CLM-01392,0,Standard,Legitimate claim; consistent with coverage and demographics,Low
CLM-01393,0,Standard,Legitimate claim; consistent with coverage and demographics,Low
CLM-01394,0,Standard,Legitimate claim; consistent with coverage and demographics,Low
CLM-01395,0,Standard,Legitimate claim; consistent with coverage and demographics,Low
CLM-01396,0,Standard,Legitimate claim; consistent with coverage and demographics,Low
CLM-01397,0,Standard,Legitimate claim; consistent with coverage and demographics,Low
CLM-01398,0,Standard,Legitimate claim; consistent with coverage and demographics,Low
CLM-01399,0,Standard,Legitimate claim; consistent with coverage and demographics,Low
CLM-01400,0,Standard,Legitimate claim; consistent with coverage and demographics,Low
CLM-01401,0,Standard,Legitimate claim; consistent with coverage and demographics,Low
CLM-01402,0,Standard,Legitimate claim; consistent with coverage and demographics,Low
CLM-01403,0,Standard,Legitimate claim; consistent with coverage and demographics,Low
CLM-01404,0,Standard,Legitimate claim; consistent with coverage and demographics,Low
CLM-01405,0,Standard,Legitimate claim; consistent with coverage and demographics,Low
CLM-01406,0,Standard,Legitimate claim; consistent with coverage and demographics,Low
CLM-01407,0,Standard,Legitimate claim; consistent with coverage and demographics,Low
CLM-01408,0,Standard,Legitimate claim; consistent with coverage and demographics,Low
CLM-01409,0,Standard,Legitimate claim; consistent with coverage and demographics,Low
CLM-01410,0,Standard,Legitimate claim; consistent with coverage and demographics,Low
CLM-01411,0,Standard,Legitimate claim; consistent with coverage and demographics,Low
CLM-01412,0,Standard,Legitimate claim; consistent with coverage and demographics,Low
CLM-01413,0,Standard,Legitimate claim; consistent with coverage and demographics,Low
CLM-01414,0,Standard,Legitimate claim; consistent with coverage and demographics,Low
CLM-01415,0,Standard,Legitimate claim; consistent with coverage and demographics,Low
CLM-01416,0,Standard,Legitimate claim; consistent with coverage and demographics,Low
CLM-01417,0,Standard,Legitimate claim; consistent with coverage and demographics,Low
CLM-01418,0,Standard,Legitimate claim; consistent with coverage and demographics,Low
CLM-01419,1,Coverage Mismatch,Zero active policies on record for claimed insurance line,High
CLM-01420,1,Standard,Legitimate claim; consistent with coverage and demographics,High
CLM-01421,0,Standard,Legitimate claim; consistent with coverage and demographics,Low
CLM-01422,0,Standard,Legitimate claim; consistent with coverage and demographics,Low
CLM-01423,0,Standard,Legitimate claim; consistent with coverage and demographics,Low
CLM-01424,1,Delayed Reporting,Incident reported 54 days post-occurrence without valid explanation,High
CLM-01425,0,Standard,Legitimate claim; consistent with coverage and demographics,Low
CLM-01426,0,Standard,Legitimate claim; consistent with coverage and demographics,Low
CLM-01427,0,Standard,Legitimate claim; consistent with coverage and demographics,Low
CLM-01428,0,Standard,Legitimate claim; consistent with coverage and demographics,Low
CLM-01429,0,Standard,Legitimate claim; consistent with coverage and demographics,Low
CLM-01430,0,Standard,Legitimate claim; consistent with coverage and demographics,Low
CLM-01431,0,Standard,Legitimate claim; consistent with coverage and demographics,Low
CLM-01432,0,Standard,Legitimate claim; consistent with coverage and demographics,Low
CLM-01433,0,Standard,Legitimate claim; consistent with coverage and demographics,Low
CLM-01434,0,Standard,Legitimate claim; consistent with coverage and demographics,Low
CLM-01435,0,Standard,Legitimate claim; consistent with coverage and demographics,Low
CLM-01436,0,Standard,Legitimate claim; consistent with coverage and demographics,Low
CLM-01437,0,Standard,Legitimate claim; consistent with coverage and demographics,Low
CLM-01438,0,Standard,Legitimate claim; consistent with coverage and demographics,Low
CLM-01439,0,Standard,Legitimate claim; consistent with coverage and demographics,Low
CLM-01440,0,Standard,Legitimate claim; consistent with coverage and demographics,Low
CLM-01441,0,Standard,Legitimate claim; consistent with coverage and demographics,Low
CLM-01442,0,Standard,Legitimate claim; consistent with coverage and demographics,Low
CLM-01443,1,Delayed Reporting,"Claim amount (€16,175.98) significantly exceeds typical policy band and purchasing power class (6/8) | Incident reported 68 days post-occurrence without valid explanation",High
CLM-01444,0,Standard,Legitimate claim; consistent with coverage and demographics,Low
CLM-01445,0,Standard,Legitimate claim; consistent with coverage and demographics,Low
CLM-01446,0,Standard,Legitimate claim; consistent with coverage and demographics,Low
CLM-01447,0,Standard,Legitimate claim; consistent with coverage and demographics,Low
CLM-01448,0,Standard,Legitimate claim; consistent with coverage and demographics,Low
CLM-01449,0,Standard,Legitimate claim; consistent with coverage and demographics,Low
CLM-01450,0,Standard,Legitimate claim; consistent with coverage and demographics,Low
CLM-01451,1,Delayed Reporting,"Zero active policies on record for claimed insurance line | Claim amount (€39,741.22) significantly exceeds typical policy band and purchasing power class (5/8) | Incident reported 56 days post-occurrence without valid explanation",High
CLM-01452,0,Standard,Legitimate claim; consistent with coverage and demographics,Low
CLM-01453,0,Standard,Legitimate claim; consistent with coverage and demographics,Low
CLM-01454,0,Standard,Legitimate claim; consistent with coverage and demographics,Low
CLM-01455,0,Standard,Legitimate claim; consistent with coverage and demographics,Low
CLM-01456,1,Amount Outlier,"Claim amount (€19,152.35) significantly exceeds typical policy band and purchasing power class (4/8)",High
CLM-01457,0,Standard,Legitimate claim; consistent with coverage and demographics,Low
CLM-01458,0,Standard,Legitimate claim; consistent with coverage and demographics,Low
CLM-01459,0,Standard,Legitimate claim; consistent with coverage and demographics,Low
CLM-01460,0,Standard,Legitimate claim; consistent with coverage and demographics,Low
CLM-01461,0,Standard,Legitimate claim; consistent with coverage and demographics,Low
CLM-01462,1,Amount Outlier,"Zero active policies on record for claimed insurance line | Claim amount (€47,584.55) significantly exceeds typical policy band and purchasing power class (4/8)",High
CLM-01463,0,Standard,Legitimate claim; consistent with coverage and demographics,Low
CLM-01464,1,Delayed Reporting,"Claim amount (€39,772.26) significantly exceeds typical policy band and purchasing power class (4/8) | Incident reported 69 days post-occurrence without valid explanation",High
CLM-01465,0,Standard,Legitimate claim; consistent with coverage and demographics,Low
CLM-01466,0,Standard,Legitimate claim; consistent with coverage and demographics,Low
CLM-01467,0,Standard,Legitimate claim; consistent with coverage and demographics,Low
CLM-01468,0,Standard,Legitimate claim; consistent with coverage and demographics,Low
CLM-01469,0,Standard,Legitimate claim; consistent with coverage and demographics,Low
CLM-01470,0,Standard,Legitimate claim; consistent with coverage and demographics,Low
CLM-01471,1,Standard,Legitimate claim; consistent with coverage and demographics,High
CLM-01472,0,Standard,Legitimate claim; consistent with coverage and demographics,Low
CLM-01473,0,Standard,Legitimate claim; consistent with coverage and demographics,Low
CLM-01474,0,Standard,Legitimate claim; consistent with coverage and demographics,Low
CLM-01475,0,Standard,Legitimate claim; consistent with coverage and demographics,Low
CLM-01476,1,Standard,Legitimate claim; consistent with coverage and demographics,High
CLM-01477,0,Standard,Legitimate claim; consistent with coverage and demographics,Low
CLM-01478,0,Standard,Legitimate claim; consistent with coverage and demographics,Low
CLM-01479,0,Standard,Legitimate claim; consistent with coverage and demographics,Low
CLM-01480,0,Standard,Legitimate claim; consistent with coverage and demographics,Low
CLM-01481,0,Standard,Legitimate claim; consistent with coverage and demographics,Low
CLM-01482,0,Standard,Legitimate claim; consistent with coverage and demographics,Low
CLM-01483,0,Standard,Legitimate claim; consistent with coverage and demographics,Low
CLM-01484,0,Standard,Legitimate claim; consistent with coverage and demographics,Low
CLM-01485,0,Standard,Legitimate claim; consistent with coverage and demographics,Low
CLM-01486,0,Standard,Legitimate claim; consistent with coverage and demographics,Low
CLM-01487,0,Standard,Legitimate claim; consistent with coverage and demographics,Low
CLM-01488,0,Standard,Legitimate claim; consistent with coverage and demographics,Low
CLM-01489,0,Standard,Legitimate claim; consistent with coverage and demographics,Low
CLM-01490,0,Standard,Legitimate claim; consistent with coverage and demographics,Low
CLM-01491,1,Delayed Reporting,"Zero active policies on record for claimed insurance line | Claim amount (€19,758.75) significantly exceeds typical policy band and purchasing power class (2/8) | Incident reported 59 days post-occurrence without valid explanation",High
CLM-01492,0,Standard,Legitimate claim; consistent with coverage and demographics,Low
CLM-01493,0,Standard,Legitimate claim; consistent with coverage and demographics,Low
CLM-01494,0,Standard,Legitimate claim; consistent with coverage and demographics,Low
CLM-01495,0,Standard,Legitimate claim; consistent with coverage and demographics,Low
CLM-01496,0,Standard,Legitimate claim; consistent with coverage and demographics,Low
CLM-01497,0,Standard,Legitimate claim; consistent with coverage and demographics,Low
CLM-01498,0,Standard,Legitimate claim; consistent with coverage and demographics,Low
CLM-01499,0,Standard,Legitimate claim; consistent with coverage and demographics,Low
CLM-01500,0,Standard,Legitimate claim; consistent with coverage and demographics,Low
CLM-01501,0,Standard,Legitimate claim; consistent with coverage and demographics,Low
CLM-01502,1,Standard,Legitimate claim; consistent with coverage and demographics,High
CLM-01503,0,Standard,Legitimate claim; consistent with coverage and demographics,Low
CLM-01504,0,Standard,Legitimate claim; consistent with coverage and demographics,Low
CLM-01505,0,Standard,Legitimate claim; consistent with coverage and demographics,Low
CLM-01506,0,Standard,Legitimate claim; consistent with coverage and demographics,Low
CLM-01507,0,Standard,Legitimate claim; consistent with coverage and demographics,Low
CLM-01508,1,Amount Outlier,"Zero active policies on record for claimed insurance line | Claim amount (€18,049.38) significantly exceeds typical policy band and purchasing power class (1/8)",High
CLM-01509,0,Standard,Legitimate claim; consistent with coverage and demographics,Low
CLM-01510,1,Standard,Legitimate claim; consistent with coverage and demographics,High
CLM-01511,0,Standard,Legitimate claim; consistent with coverage and demographics,Low
CLM-01512,0,Standard,Legitimate claim; consistent with coverage and demographics,Low
CLM-01513,0,Standard,Legitimate claim; consistent with coverage and demographics,Low
CLM-01514,0,Standard,Legitimate claim; consistent with coverage and demographics,Low
CLM-01515,0,Standard,Legitimate claim; consistent with coverage and demographics,Low
CLM-01516,1,Unverified Major Loss,"Zero active policies on record for claimed insurance line | Claim amount (€87,940.07) significantly exceeds typical policy band and purchasing power class (5/8) | Incident reported 47 days post-occurrence without valid explanation | Major catastrophic damage reported with neither police report nor independent witnesses",High
CLM-01517,1,Delayed Reporting,"Claim amount (€20,328.51) significantly exceeds typical policy band and purchasing power class (2/8) | Incident reported 57 days post-occurrence without valid explanation",High
CLM-01518,0,Standard,Legitimate claim; consistent with coverage and demographics,Low
CLM-01519,0,Standard,Legitimate claim; consistent with coverage and demographics,Low
CLM-01520,0,Standard,Legitimate claim; consistent with coverage and demographics,Low
CLM-01521,0,Standard,Legitimate claim; consistent with coverage and demographics,Low
CLM-01522,0,Standard,Legitimate claim; consistent with coverage and demographics,Low
CLM-01523,0,Standard,Legitimate claim; consistent with coverage and demographics,Low
CLM-01524,0,Standard,Legitimate claim; consistent with coverage and demographics,Low
CLM-01525,0,Standard,Legitimate claim; consistent with coverage and demographics,Low
CLM-01526,1,Delayed Reporting,"Zero active policies on record for claimed insurance line | Claim amount (€43,403.37) significantly exceeds typical policy band and purchasing power class (7/8) | Incident reported 46 days post-occurrence without valid explanation",High
CLM-01527,0,Standard,Legitimate claim; consistent with coverage and demographics,Low
CLM-01528,1,Delayed Reporting,Incident reported 58 days post-occurrence without valid explanation,High
CLM-01529,1,Delayed Reporting,Incident reported 38 days post-occurrence without valid explanation,High
CLM-01530,0,Standard,Legitimate claim; consistent with coverage and demographics,Low
CLM-01531,0,Standard,Legitimate claim; consistent with coverage and demographics,Low
CLM-01532,0,Standard,Legitimate claim; consistent with coverage and demographics,Low
CLM-01533,0,Standard,Legitimate claim; consistent with coverage and demographics,Low
CLM-01534,0,Standard,Legitimate claim; consistent with coverage and demographics,Low
CLM-01535,0,Standard,Legitimate claim; consistent with coverage and demographics,Low
CLM-01536,0,Standard,Legitimate claim; consistent with coverage and demographics,Low
CLM-01537,0,Standard,Legitimate claim; consistent with coverage and demographics,Low
CLM-01538,0,Standard,Legitimate claim; consistent with coverage and demographics,Low
CLM-01539,0,Standard,Legitimate claim; consistent with coverage and demographics,Low
CLM-01540,0,Standard,Legitimate claim; consistent with coverage and demographics,Low
CLM-01541,0,Standard,Legitimate claim; consistent with coverage and demographics,Low
CLM-01542,0,Standard,Legitimate claim; consistent with coverage and demographics,Low
CLM-01543,0,Standard,Legitimate claim; consistent with coverage and demographics,Low
CLM-01544,0,Standard,Legitimate claim; consistent with coverage and demographics,Low
CLM-01545,0,Standard,Legitimate claim; consistent with coverage and demographics,Low
CLM-01546,0,Standard,Legitimate claim; consistent with coverage and demographics,Low
CLM-01547,0,Standard,Legitimate claim; consistent with coverage and demographics,Low
CLM-01548,0,Standard,Legitimate claim; consistent with coverage and demographics,Low
CLM-01549,0,Standard,Legitimate claim; consistent with coverage and demographics,Low
CLM-01550,0,Standard,Legitimate claim; consistent with coverage and demographics,Low
CLM-01551,0,Standard,Legitimate claim; consistent with coverage and demographics,Low
CLM-01552,0,Standard,Legitimate claim; consistent with coverage and demographics,Low
CLM-01553,1,Standard,Legitimate claim; consistent with coverage and demographics,High
CLM-01554,0,Standard,Legitimate claim; consistent with coverage and demographics,Low
CLM-01555,0,Standard,Legitimate claim; consistent with coverage and demographics,Low
CLM-01556,0,Standard,Legitimate claim; consistent with coverage and demographics,Low
CLM-01557,0,Standard,Legitimate claim; consistent with coverage and demographics,Low
CLM-01558,1,Delayed Reporting,"Claim amount (€74,319.24) significantly exceeds typical policy band and purchasing power class (3/8) | Incident reported 60 days post-occurrence without valid explanation",High
CLM-01559,0,Standard,Legitimate claim; consistent with coverage and demographics,Low
CLM-01560,0,Standard,Legitimate claim; consistent with coverage and demographics,Low
CLM-01561,0,Standard,Legitimate claim; consistent with coverage and demographics,Low
CLM-01562,0,Standard,Legitimate claim; consistent with coverage and demographics,Low
CLM-01563,1,Amount Outlier,"Claim amount (€26,617.20) significantly exceeds typical policy band and purchasing power class (3/8)",High
CLM-01564,0,Standard,Legitimate claim; consistent with coverage and demographics,Low
CLM-01565,0,Standard,Legitimate claim; consistent with coverage and demographics,Low
CLM-01566,0,Standard,Legitimate claim; consistent with coverage and demographics,Low
CLM-01567,1,Amount Outlier,"Zero active policies on record for claimed insurance line | Claim amount (€99,907.22) significantly exceeds typical policy band and purchasing power class (6/8)",High
CLM-01568,0,Standard,Legitimate claim; consistent with coverage and demographics,Low
CLM-01569,0,Standard,Legitimate claim; consistent with coverage and demographics,Low
CLM-01570,0,Standard,Legitimate claim; consistent with coverage and demographics,Low
CLM-01571,0,Standard,Legitimate claim; consistent with coverage and demographics,Low
CLM-01572,0,Standard,Legitimate claim; consistent with coverage and demographics,Low
CLM-01573,0,Standard,Legitimate claim; consistent with coverage and demographics,Low
CLM-01574,1,Amount Outlier,"Claim amount (€50,778.08) significantly exceeds typical policy band and purchasing power class (4/8)",High
CLM-01575,0,Standard,Legitimate claim; consistent with coverage and demographics,Low
CLM-01576,0,Standard,Legitimate claim; consistent with coverage and demographics,Low
CLM-01577,0,Standard,Legitimate claim; consistent with coverage and demographics,Low
CLM-01578,0,Standard,Legitimate claim; consistent with coverage and demographics,Low
CLM-01579,0,Standard,Legitimate claim; consistent with coverage and demographics,Low
CLM-01580,0,Standard,Legitimate claim; consistent with coverage and demographics,Low
CLM-01581,0,Standard,Legitimate claim; consistent with coverage and demographics,Low
CLM-01582,0,Standard,Legitimate claim; consistent with coverage and demographics,Low
CLM-01583,1,Standard,Legitimate claim; consistent with coverage and demographics,High
CLM-01584,0,Standard,Legitimate claim; consistent with coverage and demographics,Low
CLM-01585,0,Standard,Legitimate claim; consistent with coverage and demographics,Low
CLM-01586,0,Standard,Legitimate claim; consistent with coverage and demographics,Low
CLM-01587,0,Standard,Legitimate claim; consistent with coverage and demographics,Low
CLM-01588,0,Standard,Legitimate claim; consistent with coverage and demographics,Low
CLM-01589,0,Standard,Legitimate claim; consistent with coverage and demographics,Low
CLM-01590,1,Amount Outlier,"Zero active policies on record for claimed insurance line | Claim amount (€63,565.47) significantly exceeds typical policy band and purchasing power class (7/8)",High
CLM-01591,0,Standard,Legitimate claim; consistent with coverage and demographics,Low
CLM-01592,1,Delayed Reporting,"Zero active policies on record for claimed insurance line | Claim amount (€24,782.76) significantly exceeds typical policy band and purchasing power class (4/8) | Incident reported 40 days post-occurrence without valid explanation",High
CLM-01593,0,Standard,Legitimate claim; consistent with coverage and demographics,Low
CLM-01594,1,Delayed Reporting,Zero active policies on record for claimed insurance line | Incident reported 45 days post-occurrence without valid explanation,High
CLM-01595,1,Coverage Mismatch,Zero active policies on record for claimed insurance line,High
CLM-01596,0,Standard,Legitimate claim; consistent with coverage and demographics,Low
CLM-01597,0,Standard,Legitimate claim; consistent with coverage and demographics,Low
CLM-01598,1,Standard,Legitimate claim; consistent with coverage and demographics,High
CLM-01599,0,Standard,Legitimate claim; consistent with coverage and demographics,Low
CLM-01600,0,Standard,Legitimate claim; consistent with coverage and demographics,Low
CLM-01601,0,Standard,Legitimate claim; consistent with coverage and demographics,Low
CLM-01602,1,Standard,Legitimate claim; consistent with coverage and demographics,High
CLM-01603,0,Standard,Legitimate claim; consistent with coverage and demographics,Low
CLM-01604,0,Standard,Legitimate claim; consistent with coverage and demographics,Low
CLM-01605,0,Standard,Legitimate claim; consistent with coverage and demographics,Low
CLM-01606,0,Standard,Legitimate claim; consistent with coverage and demographics,Low
CLM-01607,0,Standard,Legitimate claim; consistent with coverage and demographics,Low
CLM-01608,1,Amount Outlier,"Zero active policies on record for claimed insurance line | Claim amount (€19,066.85) significantly exceeds typical policy band and purchasing power class (4/8)",High
CLM-01609,0,Standard,Legitimate claim; consistent with coverage and demographics,Low
CLM-01610,1,Standard,Legitimate claim; consistent with coverage and demographics,High
CLM-01611,0,Standard,Legitimate claim; consistent with coverage and demographics,Low
CLM-01612,0,Standard,Legitimate claim; consistent with coverage and demographics,Low
CLM-01613,0,Standard,Legitimate claim; consistent with coverage and demographics,Low
CLM-01614,1,Standard,Legitimate claim; consistent with coverage and demographics,High
CLM-01615,0,Standard,Legitimate claim; consistent with coverage and demographics,Low
CLM-01616,0,Standard,Legitimate claim; consistent with coverage and demographics,Low
CLM-01617,0,Standard,Legitimate claim; consistent with coverage and demographics,Low
CLM-01618,0,Standard,Legitimate claim; consistent with coverage and demographics,Low
CLM-01619,0,Standard,Legitimate claim; consistent with coverage and demographics,Low
CLM-01620,0,Standard,Legitimate claim; consistent with coverage and demographics,Low
CLM-01621,1,Amount Outlier,"Claim amount (€16,154.61) significantly exceeds typical policy band and purchasing power class (3/8)",High
CLM-01622,0,Standard,Legitimate claim; consistent with coverage and demographics,Low
CLM-01623,0,Standard,Legitimate claim; consistent with coverage and demographics,Low
CLM-01624,0,Standard,Legitimate claim; consistent with coverage and demographics,Low
CLM-01625,0,Standard,Legitimate claim; consistent with coverage and demographics,Low
CLM-01626,0,Standard,Legitimate claim; consistent with coverage and demographics,Low
CLM-01627,0,Standard,Legitimate claim; consistent with coverage and demographics,Low
CLM-01628,0,Standard,Legitimate claim; consistent with coverage and demographics,Low
CLM-01629,0,Standard,Legitimate claim; consistent with coverage and demographics,Low
CLM-01630,0,Standard,Legitimate claim; consistent with coverage and demographics,Low
CLM-01631,0,Standard,Legitimate claim; consistent with coverage and demographics,Low
CLM-01632,0,Standard,Legitimate claim; consistent with coverage and demographics,Low
CLM-01633,0,Standard,Legitimate claim; consistent with coverage and demographics,Low
CLM-01634,0,Standard,Legitimate claim; consistent with coverage and demographics,Low
CLM-01635,0,Standard,Legitimate claim; consistent with coverage and demographics,Low
CLM-01636,0,Standard,Legitimate claim; consistent with coverage and demographics,Low
CLM-01637,1,Standard,Legitimate claim; consistent with coverage and demographics,High
CLM-01638,0,Standard,Legitimate claim; consistent with coverage and demographics,Low
CLM-01639,0,Standard,Legitimate claim; consistent with coverage and demographics,Low
CLM-01640,1,Standard,Legitimate claim; consistent with coverage and demographics,High
CLM-01641,1,Amount Outlier,"Claim amount (€17,103.64) significantly exceeds typical policy band and purchasing power class (6/8)",High
CLM-01642,0,Standard,Legitimate claim; consistent with coverage and demographics,Low
CLM-01643,0,Standard,Legitimate claim; consistent with coverage and demographics,Low
CLM-01644,0,Standard,Legitimate claim; consistent with coverage and demographics,Low
CLM-01645,1,Delayed Reporting,"Claim amount (€62,758.72) significantly exceeds typical policy band and purchasing power class (6/8) | Incident reported 67 days post-occurrence without valid explanation",High
CLM-01646,0,Standard,Legitimate claim; consistent with coverage and demographics,Low
CLM-01647,0,Standard,Legitimate claim; consistent with coverage and demographics,Low
CLM-01648,0,Standard,Legitimate claim; consistent with coverage and demographics,Low
CLM-01649,0,Standard,Legitimate claim; consistent with coverage and demographics,Low
CLM-01650,0,Standard,Legitimate claim; consistent with coverage and demographics,Low
CLM-01651,0,Standard,Legitimate claim; consistent with coverage and demographics,Low
CLM-01652,1,Unverified Major Loss,Major catastrophic damage reported with neither police report nor independent witnesses,High
CLM-01653,0,Standard,Legitimate claim; consistent with coverage and demographics,Low
CLM-01654,0,Standard,Legitimate claim; consistent with coverage and demographics,Low
CLM-01655,0,Standard,Legitimate claim; consistent with coverage and demographics,Low
CLM-01656,0,Standard,Legitimate claim; consistent with coverage and demographics,Low
CLM-01657,0,Standard,Legitimate claim; consistent with coverage and demographics,Low
CLM-01658,0,Standard,Legitimate claim; consistent with coverage and demographics,Low
CLM-01659,1,Amount Outlier,"Claim amount (€18,794.44) significantly exceeds typical policy band and purchasing power class (4/8)",High
CLM-01660,0,Standard,Legitimate claim; consistent with coverage and demographics,Low
CLM-01661,1,Unverified Major Loss,"Zero active policies on record for claimed insurance line | Claim amount (€87,618.96) significantly exceeds typical policy band and purchasing power class (5/8) | Major catastrophic damage reported with neither police report nor independent witnesses",High
CLM-01662,0,Standard,Legitimate claim; consistent with coverage and demographics,Low
CLM-01663,0,Standard,Legitimate claim; consistent with coverage and demographics,Low
CLM-01664,0,Standard,Legitimate claim; consistent with coverage and demographics,Low
CLM-01665,1,Coverage Mismatch,Zero active policies on record for claimed insurance line,High
CLM-01666,0,Standard,Legitimate claim; consistent with coverage and demographics,Low
CLM-01667,0,Standard,Legitimate claim; consistent with coverage and demographics,Low
CLM-01668,0,Standard,Legitimate claim; consistent with coverage and demographics,Low
CLM-01669,0,Standard,Legitimate claim; consistent with coverage and demographics,Low
CLM-01670,1,Standard,Legitimate claim; consistent with coverage and demographics,High
CLM-01671,1,Standard,Legitimate claim; consistent with coverage and demographics,High
CLM-01672,0,Standard,Legitimate claim; consistent with coverage and demographics,Low
CLM-01673,1,Delayed Reporting,Incident reported 70 days post-occurrence without valid explanation,High
CLM-01674,0,Standard,Legitimate claim; consistent with coverage and demographics,Low
CLM-01675,0,Standard,Legitimate claim; consistent with coverage and demographics,Low
CLM-01676,0,Standard,Legitimate claim; consistent with coverage and demographics,Low
CLM-01677,0,Standard,Legitimate claim; consistent with coverage and demographics,Low
CLM-01678,0,Standard,Legitimate claim; consistent with coverage and demographics,Low
CLM-01679,0,Standard,Legitimate claim; consistent with coverage and demographics,Low
CLM-01680,0,Standard,Legitimate claim; consistent with coverage and demographics,Low
CLM-01681,0,Standard,Legitimate claim; consistent with coverage and demographics,Low
CLM-01682,0,Standard,Legitimate claim; consistent with coverage and demographics,Low
CLM-01683,0,Standard,Legitimate claim; consistent with coverage and demographics,Low
CLM-01684,0,Standard,Legitimate claim; consistent with coverage and demographics,Low
CLM-01685,1,Delayed Reporting,"Zero active policies on record for claimed insurance line | Claim amount (€14,202.81) significantly exceeds typical policy band and purchasing power class (8/8) | Incident reported 39 days post-occurrence without valid explanation",High
CLM-01686,0,Standard,Legitimate claim; consistent with coverage and demographics,Low
CLM-01687,0,Standard,Legitimate claim; consistent with coverage and demographics,Low
CLM-01688,0,Standard,Legitimate claim; consistent with coverage and demographics,Low
CLM-01689,0,Standard,Legitimate claim; consistent with coverage and demographics,Low
CLM-01690,0,Standard,Legitimate claim; consistent with coverage and demographics,Low
CLM-01691,1,Standard,Legitimate claim; consistent with coverage and demographics,High
CLM-01692,0,Standard,Legitimate claim; consistent with coverage and demographics,Low
CLM-01693,1,Coverage Mismatch,Zero active policies on record for claimed insurance line,High
CLM-01694,0,Standard,Legitimate claim; consistent with coverage and demographics,Low
CLM-01695,0,Standard,Legitimate claim; consistent with coverage and demographics,Low
CLM-01696,0,Standard,Legitimate claim; consistent with coverage and demographics,Low
CLM-01697,0,Standard,Legitimate claim; consistent with coverage and demographics,Low
CLM-01698,0,Standard,Legitimate claim; consistent with coverage and demographics,Low
CLM-01699,1,Delayed Reporting,"Zero active policies on record for claimed insurance line | Claim amount (€79,626.15) significantly exceeds typical policy band and purchasing power class (6/8) | Incident reported 54 days post-occurrence without valid explanation",High
CLM-01700,0,Standard,Legitimate claim; consistent with coverage and demographics,Low
CLM-01701,1,Delayed Reporting,"Claim amount (€53,633.30) significantly exceeds typical policy band and purchasing power class (3/8) | Incident reported 74 days post-occurrence without valid explanation",High
CLM-01702,0,Standard,Legitimate claim; consistent with coverage and demographics,Low
CLM-01703,0,Standard,Legitimate claim; consistent with coverage and demographics,Low
CLM-01704,1,Coverage Mismatch,Zero active policies on record for claimed insurance line,High
CLM-01705,0,Standard,Legitimate claim; consistent with coverage and demographics,Low
CLM-01706,0,Standard,Legitimate claim; consistent with coverage and demographics,Low
CLM-01707,0,Standard,Legitimate claim; consistent with coverage and demographics,Low
CLM-01708,0,Standard,Legitimate claim; consistent with coverage and demographics,Low
CLM-01709,0,Standard,Legitimate claim; consistent with coverage and demographics,Low
CLM-01710,0,Standard,Legitimate claim; consistent with coverage and demographics,Low
CLM-01711,0,Standard,Legitimate claim; consistent with coverage and demographics,Low
CLM-01712,0,Standard,Legitimate claim; consistent with coverage and demographics,Low
CLM-01713,0,Standard,Legitimate claim; consistent with coverage and demographics,Low
CLM-01714,0,Standard,Legitimate claim; consistent with coverage and demographics,Low
CLM-01715,0,Standard,Legitimate claim; consistent with coverage and demographics,Low
CLM-01716,0,Standard,Legitimate claim; consistent with coverage and demographics,Low
CLM-01717,0,Standard,Legitimate claim; consistent with coverage and demographics,Low
CLM-01718,0,Standard,Legitimate claim; consistent with coverage and demographics,Low
CLM-01719,0,Standard,Legitimate claim; consistent with coverage and demographics,Low
CLM-01720,0,Standard,Legitimate claim; consistent with coverage and demographics,Low
CLM-01721,0,Standard,Legitimate claim; consistent with coverage and demographics,Low
CLM-01722,0,Standard,Legitimate claim; consistent with coverage and demographics,Low
CLM-01723,0,Standard,Legitimate claim; consistent with coverage and demographics,Low
CLM-01724,0,Standard,Legitimate claim; consistent with coverage and demographics,Low
CLM-01725,0,Standard,Legitimate claim; consistent with coverage and demographics,Low
CLM-01726,1,Delayed Reporting,Incident reported 65 days post-occurrence without valid explanation,High
CLM-01727,0,Standard,Legitimate claim; consistent with coverage and demographics,Low
CLM-01728,0,Standard,Legitimate claim; consistent with coverage and demographics,Low
CLM-01729,0,Standard,Legitimate claim; consistent with coverage and demographics,Low
CLM-01730,0,Standard,Legitimate claim; consistent with coverage and demographics,Low
CLM-01731,0,Standard,Legitimate claim; consistent with coverage and demographics,Low
CLM-01732,1,Delayed Reporting,"Zero active policies on record for claimed insurance line | Claim amount (€16,761.20) significantly exceeds typical policy band and purchasing power class (6/8) | Incident reported 51 days post-occurrence without valid explanation",High
CLM-01733,0,Standard,Legitimate claim; consistent with coverage and demographics,Low
CLM-01734,0,Standard,Legitimate claim; consistent with coverage and demographics,Low
CLM-01735,0,Standard,Legitimate claim; consistent with coverage and demographics,Low
CLM-01736,0,Standard,Legitimate claim; consistent with coverage and demographics,Low
CLM-01737,0,Standard,Legitimate claim; consistent with coverage and demographics,Low
CLM-01738,0,Standard,Legitimate claim; consistent with coverage and demographics,Low
CLM-01739,0,Standard,Legitimate claim; consistent with coverage and demographics,Low
CLM-01740,0,Standard,Legitimate claim; consistent with coverage and demographics,Low
CLM-01741,0,Standard,Legitimate claim; consistent with coverage and demographics,Low
CLM-01742,0,Standard,Legitimate claim; consistent with coverage and demographics,Low
CLM-01743,0,Standard,Legitimate claim; consistent with coverage and demographics,Low
CLM-01744,0,Standard,Legitimate claim; consistent with coverage and demographics,Low
CLM-01745,0,Standard,Legitimate claim; consistent with coverage and demographics,Low
CLM-01746,0,Standard,Legitimate claim; consistent with coverage and demographics,Low
CLM-01747,0,Standard,Legitimate claim; consistent with coverage and demographics,Low
CLM-01748,0,Standard,Legitimate claim; consistent with coverage and demographics,Low
CLM-01749,1,Amount Outlier,"Zero active policies on record for claimed insurance line | Claim amount (€19,980.89) significantly exceeds typical policy band and purchasing power class (3/8)",High
CLM-01750,0,Standard,Legitimate claim; consistent with coverage and demographics,Low
CLM-01751,0,Standard,Legitimate claim; consistent with coverage and demographics,Low
CLM-01752,0,Standard,Legitimate claim; consistent with coverage and demographics,Low
CLM-01753,1,Delayed Reporting,Incident reported 69 days post-occurrence without valid explanation,High
CLM-01754,0,Standard,Legitimate claim; consistent with coverage and demographics,Low
CLM-01755,0,Standard,Legitimate claim; consistent with coverage and demographics,Low
CLM-01756,0,Standard,Legitimate claim; consistent with coverage and demographics,Low
CLM-01757,0,Standard,Legitimate claim; consistent with coverage and demographics,Low
CLM-01758,0,Standard,Legitimate claim; consistent with coverage and demographics,Low
CLM-01759,1,Delayed Reporting,Incident reported 73 days post-occurrence without valid explanation,High
CLM-01760,0,Standard,Legitimate claim; consistent with coverage and demographics,Low
CLM-01761,0,Standard,Legitimate claim; consistent with coverage and demographics,Low
CLM-01762,0,Standard,Legitimate claim; consistent with coverage and demographics,Low
CLM-01763,1,Standard,Legitimate claim; consistent with coverage and demographics,High
CLM-01764,0,Standard,Legitimate claim; consistent with coverage and demographics,Low
CLM-01765,0,Standard,Legitimate claim; consistent with coverage and demographics,Low
CLM-01766,0,Standard,Legitimate claim; consistent with coverage and demographics,Low
CLM-01767,0,Standard,Legitimate claim; consistent with coverage and demographics,Low
CLM-01768,0,Standard,Legitimate claim; consistent with coverage and demographics,Low
CLM-01769,0,Standard,Legitimate claim; consistent with coverage and demographics,Low
CLM-01770,0,Standard,Legitimate claim; consistent with coverage and demographics,Low
CLM-01771,0,Standard,Legitimate claim; consistent with coverage and demographics,Low
CLM-01772,0,Standard,Legitimate claim; consistent with coverage and demographics,Low
CLM-01773,0,Standard,Legitimate claim; consistent with coverage and demographics,Low
CLM-01774,0,Standard,Legitimate claim; consistent with coverage and demographics,Low
CLM-01775,0,Standard,Legitimate claim; consistent with coverage and demographics,Low
CLM-01776,0,Standard,Legitimate claim; consistent with coverage and demographics,Low
CLM-01777,0,Standard,Legitimate claim; consistent with coverage and demographics,Low
CLM-01778,0,Standard,Legitimate claim; consistent with coverage and demographics,Low
CLM-01779,0,Standard,Legitimate claim; consistent with coverage and demographics,Low
CLM-01780,0,Standard,Legitimate claim; consistent with coverage and demographics,Low
CLM-01781,1,Amount Outlier,"Zero active policies on record for claimed insurance line | Claim amount (€19,196.28) significantly exceeds typical policy band and purchasing power class (8/8)",High
CLM-01782,0,Standard,Legitimate claim; consistent with coverage and demographics,Low
CLM-01783,1,Delayed Reporting,"Claim amount (€13,913.37) significantly exceeds typical policy band and purchasing power class (6/8) | Incident reported 38 days post-occurrence without valid explanation",High
CLM-01784,0,Standard,Legitimate claim; consistent with coverage and demographics,Low
CLM-01785,0,Standard,Legitimate claim; consistent with coverage and demographics,Low
CLM-01786,0,Standard,Legitimate claim; consistent with coverage and demographics,Low
CLM-01787,0,Standard,Legitimate claim; consistent with coverage and demographics,Low
CLM-01788,1,Standard,Legitimate claim; consistent with coverage and demographics,High
CLM-01789,0,Standard,Legitimate claim; consistent with coverage and demographics,Low
CLM-01790,0,Standard,Legitimate claim; consistent with coverage and demographics,Low
CLM-01791,1,Delayed Reporting,"Zero active policies on record for claimed insurance line | Claim amount (€21,056.78) significantly exceeds typical policy band and purchasing power class (3/8) | Incident reported 38 days post-occurrence without valid explanation",High
CLM-01792,0,Standard,Legitimate claim; consistent with coverage and demographics,Low
CLM-01793,0,Standard,Legitimate claim; consistent with coverage and demographics,Low
CLM-01794,1,Amount Outlier,"Claim amount (€18,188.13) significantly exceeds typical policy band and purchasing power class (5/8)",High
CLM-01795,0,Standard,Legitimate claim; consistent with coverage and demographics,Low
CLM-01796,0,Standard,Legitimate claim; consistent with coverage and demographics,Low
CLM-01797,0,Standard,Legitimate claim; consistent with coverage and demographics,Low
CLM-01798,0,Standard,Legitimate claim; consistent with coverage and demographics,Low
CLM-01799,0,Standard,Legitimate claim; consistent with coverage and demographics,Low
CLM-01800,0,Standard,Legitimate claim; consistent with coverage and demographics,Low
